#VRML V2.0 utf8
# 3D model generated by kicad-lcsc-manager
# Based on easyeda2kicad.py v1.0.1

Shape{
    appearance Appearance {
        material  Material {
            diffuseColor 1.0 1.0 1.0
            specularColor 0.5019607843137255 0.5019607843137255 0.5019607843137255
            ambientIntensity 1.0
            transparency 0.0
            shininess 0.5
        }
    }
    geometry IndexedFaceSet {
        ccw TRUE
        solid FALSE
        coord DEF co Coordinate {
            point [
                0.6299 1.8845 0.2929, 1.6013 1.8845 0.2929, 0.6299 1.8057 0.2929, 1.6013 1.8057 0.2929
            ]
        }
        coordIndex [
            0,1,2,-1,2,1,3,-1,
        ]
    }
}
Shape{
    appearance Appearance {
        material  Material {
            diffuseColor 0.3333333333333333 0.3333333333333333 0.3333333333333333
            specularColor 0.16862745098039217 0.16862745098039217 0.16862745098039217
            ambientIntensity 0.3333
            transparency 0.0
            shininess 0.5
        }
    }
    geometry IndexedFaceSet {
        ccw TRUE
        solid FALSE
        coord DEF co Coordinate {
            point [
                -1.8504 -0.4921 0.384, -1.8504 -1.3189 0.384, -1.8504 -1.6279 2.4999, -1.8504 1.7717 2.5197, -1.8504 1.7717 0.0, -1.8504 1.7137 0.0, -1.8504 -0.0492 0.0, -1.8504 -1.6535 0.0, -1.8504 -1.3189 0.3053, -1.8504 1.3189 0.384, -1.8504 0.4921 0.384, -1.8504 1.6124 2.4999, -1.8504 -0.4921 0.3053, -1.8504 0.4921 0.3053, -1.8504 -1.7717 0.0, -1.8504 -1.7717 2.5197, -1.8504 -1.6279 2.5197, -1.8504 1.6739 0.0, -1.8504 1.3189 0.3053, -1.8504 1.6124 2.5197, 0.0492 1.6739 0.0, -1.6535 1.6739 0.0, -1.6535 1.7137 0.0, 1.506 -0.0492 0.0, 0.0492 -0.0492 0.0, -1.6535 -1.7717 0.0, 0.0492 -1.7717 0.0, -1.6535 -1.6535 0.0, 1.67 1.7137 0.0, 1.6699 1.7139 0.0, 1.683 1.7717 0.0, 1.506 1.7717 0.0, 1.6538 1.6741 0.0, 1.6593 1.6741 0.0, 1.683 1.6739 0.0, 1.6625 1.6863 0.0, 1.6727 1.6863 0.0, 1.6759 1.6741 0.0, 1.6814 1.6741 0.0, 1.683 1.7137 0.0, 1.7447 1.6808 0.0, 1.746 1.6783 0.0, 1.7405 1.6739 0.0, 1.748 1.6762 0.0, 1.7504 1.6747 0.0, 1.7527 1.6739 0.0, 1.753 1.7137 0.0, 1.7518 1.7136 0.0, 1.7405 1.7137 0.0, 1.7495 1.7127 0.0, 1.7443 1.7063 0.0, 1.7434 1.7026 0.0, 1.7603 1.7065 0.0, 1.7614 1.7042 0.0, 1.7484 1.6994 0.0, 1.7484 1.6898 0.0, 1.7433 1.6994 0.0, 1.7431 1.6898 0.0, 1.7475 1.7112 0.0, 1.7456 1.709 0.0, 1.7436 1.6844 0.0, 1.7624 1.7002 0.0, 1.7629 1.693 0.0, 1.7486 1.686 0.0, 1.7623 1.6857 0.0, 1.751 1.6799 0.0, 1.7615 1.6828 0.0, 1.75 1.6811 0.0, 1.7493 1.6827 0.0, 1.7565 1.6782 0.0, 1.7551 1.678 0.0, 1.7578 1.6786 0.0, 1.7604 1.681 0.0, 1.759 1.6794 0.0, 1.7487 1.7033 0.0, 1.7494 1.7058 0.0, 1.7545 1.7096 0.0, 1.75 1.707 0.0, 1.753 1.7093 0.0, 1.7508 1.7081 0.0, 1.7518 1.7088 0.0, 1.7565 1.7093 0.0, 1.7579 1.7088 0.0, 1.7591 1.7079 0.0, 1.7536 1.6782 0.0, 1.7524 1.6788 0.0, 1.7549 1.7096 0.0, 1.7549 1.7139 0.0, 1.7405 1.7717 0.0, 1.757 1.7137 0.0, 1.7709 1.7717 0.0, 1.7709 -0.0492 0.0, 1.757 1.6739 0.0, 1.7709 1.6739 0.0, 1.7581 1.674 0.0, 1.7607 1.675 0.0, 1.7709 1.7137 0.0, 1.7664 1.7055 0.0, 1.7644 1.709 0.0, 1.7622 1.7113 0.0, 1.7599 1.7128 0.0, 1.7575 1.7137 0.0, 1.7629 1.6766 0.0, 1.765 1.6787 0.0, 1.7665 1.6812 0.0, 1.7678 1.6855 0.0, 1.7684 1.6925 0.0, 1.7678 1.7003 0.0, 1.7405 -0.0492 0.0, 1.7528 1.6739 0.0, 1.7551 1.6737 0.0, 1.7405 -1.6535 0.0, 1.7709 -1.6535 0.0, 1.7709 -1.7717 0.0, 0.0492 -1.6535 0.0, 1.506 -1.7717 0.0, 1.506 -1.6535 0.0, 1.683 -1.7717 0.0, 1.7117 -0.0492 0.0, 1.7117 -1.7717 0.0, 1.683 -1.6535 0.0, 1.3522 -1.3124 0.0, 1.0039 -1.3583 0.0, 1.01 -1.4041 0.0, 1.3345 -1.2697 0.0, 1.3064 -1.233 0.0, 1.2697 -1.2048 0.0, 1.227 -1.1871 0.0, 1.1811 -1.1811 0.0, 1.1352 -1.1871 0.0, 1.0925 -1.2048 0.0, 1.0277 -1.4469 0.0, 1.0558 -1.4835 0.0, 1.0925 -1.5117 0.0, 1.2697 -1.5117 0.0, 1.3064 -1.4835 0.0, 1.3345 -1.4469 0.0, 1.0558 -1.233 0.0, 1.0277 -1.2697 0.0, 1.01 -1.3124 0.0, 1.1352 -1.5294 0.0, 1.1811 -1.5354 0.0, 1.227 -1.5294 0.0, 1.3522 -1.4041 0.0, 1.3583 -1.3583 0.0, 1.7117 1.6739 0.0, 1.7405 -1.7717 0.0, 1.7117 -1.6535 0.0, 1.683 -0.0492 0.0, 1.506 1.6739 0.0, 1.6652 1.7137 0.0, -0.9862 1.5531 0.0, -1.0433 1.5969 0.0, -1.1098 1.6245 0.0, -1.1811 1.6339 0.0, -1.2524 1.6245 0.0, -1.3189 1.5969 0.0, -1.376 1.5531 0.0, -1.4198 1.4961 0.0, -1.4473 1.4296 0.0, -1.4567 1.3583 0.0, -1.4473 1.2869 0.0, -1.6535 -0.0492 0.0, -1.4198 1.2205 0.0, -1.376 1.1634 0.0, -1.1098 1.0921 0.0, -1.0433 1.1196 0.0, -0.9055 1.3583 0.0, -0.9149 1.4296 0.0, -0.9424 1.4961 0.0, -1.3189 1.1196 0.0, -1.2524 1.0921 0.0, -1.1811 1.0827 0.0, -0.9862 1.1634 0.0, -0.9424 1.2205 0.0, -0.9149 1.2869 0.0, 1.7733 1.6785 0.0, 1.7733 1.6741 0.0, 1.7972 1.6741 0.0, 1.7919 1.6785 0.0, 1.7919 1.7135 0.0, 1.7972 1.7135 0.0, 1.8504 1.7137 0.0, 1.8504 1.6739 0.0, 1.8504 -0.0492 0.0, 1.8504 -1.6535 0.0, 1.8504 -1.7717 0.0, 1.7155 1.7135 0.0, 1.7117 1.7137 0.0, 1.7155 1.7091 0.0, 1.7143 1.6785 0.0, 1.7143 1.6741 0.0, 1.7378 1.6741 0.0, 1.7378 1.7135 0.0, 1.7325 1.6925 0.0, 1.7325 1.6785 0.0, 1.7169 1.6925 0.0, 1.7169 1.6969 0.0, 1.7325 1.6969 0.0, 1.7325 1.7091 0.0, 1.686 1.6839 0.0, 1.6874 1.6808 0.0, 1.687 1.7065 0.0, 1.6855 1.7024 0.0, 1.6891 1.6787 0.0, 1.6913 1.6768 0.0, 1.6945 1.6752 0.0, 1.6934 1.7122 0.0, 1.6907 1.7107 0.0, 1.6887 1.709 0.0, 1.6846 1.6948 0.0, 1.6846 1.6937 0.0, 1.685 1.688 0.0, 1.7012 1.7135 0.0, 1.6969 1.7131 0.0, 1.6988 1.6742 0.0, 1.7012 1.6741 0.0, 1.709 1.6741 0.0, 1.709 1.7135 0.0, 1.6653 1.7139 0.0, 1.506 1.7137 0.0, 0.0492 1.7137 0.0, 1.8504 1.7717 0.0, 1.7117 1.7717 0.0, -1.6535 1.7717 0.0, 0.0492 1.7717 0.0
            ]
        }
        coordIndex [
            0,1,2,-1,3,4,5,-1,6,7,8,-1,9,10,11,-1,2,11,0,-1,0,11,10,-1,0,10,12,-1,12,10,13,-1,8,7,1,-1,1,7,14,-1,1,14,2,-1,2,14,15,-1,2,15,16,-1,8,12,6,-1,6,12,13,-1,6,13,17,-1,17,13,18,-1,17,18,5,-1,5,18,9,-1,5,9,3,-1,3,9,11,-1,3,11,19,-1,20,21,22,-1,23,24,20,-1,25,14,7,-1,26,25,27,-1,28,29,30,-1,30,29,31,-1,32,33,34,-1,35,36,33,-1,33,36,37,-1,33,37,34,-1,34,37,38,-1,34,38,39,-1,40,41,42,-1,41,43,42,-1,42,43,44,-1,42,44,45,-1,46,47,48,-1,48,47,49,-1,48,50,51,-1,52,53,54,-1,54,53,55,-1,54,55,56,-1,56,55,57,-1,49,58,48,-1,48,58,59,-1,48,59,50,-1,51,56,48,-1,48,56,57,-1,48,57,42,-1,42,57,60,-1,42,60,40,-1,53,61,55,-1,55,61,62,-1,55,62,63,-1,63,62,64,-1,65,64,66,-1,65,67,64,-1,64,67,68,-1,64,68,63,-1,66,69,70,-1,69,66,71,-1,71,66,72,-1,71,72,73,-1,74,75,76,-1,76,75,77,-1,76,77,78,-1,78,77,79,-1,78,79,80,-1,81,82,54,-1,54,82,83,-1,54,83,52,-1,70,84,66,-1,66,84,85,-1,66,85,65,-1,74,76,54,-1,54,76,86,-1,54,86,81,-1,87,88,89,-1,89,88,90,-1,91,92,93,-1,93,92,94,-1,93,94,95,-1,96,97,98,-1,98,99,96,-1,96,99,100,-1,96,100,101,-1,95,102,93,-1,93,102,103,-1,93,103,104,-1,104,105,93,-1,93,105,106,-1,93,106,96,-1,96,106,107,-1,96,107,97,-1,108,109,91,-1,91,109,110,-1,91,110,92,-1,111,112,113,-1,26,114,115,-1,115,114,116,-1,115,116,117,-1,91,112,108,-1,108,112,111,-1,108,111,118,-1,119,117,120,-1,120,117,116,-1,120,116,23,-1,23,116,121,-1,114,122,123,-1,121,124,23,-1,23,124,125,-1,23,125,126,-1,126,127,23,-1,23,127,128,-1,23,128,24,-1,24,128,129,-1,24,129,130,-1,123,131,114,-1,114,131,132,-1,114,132,133,-1,134,135,116,-1,116,135,136,-1,130,137,24,-1,24,137,138,-1,24,138,114,-1,114,138,139,-1,114,139,122,-1,133,140,114,-1,114,140,141,-1,114,141,116,-1,116,141,142,-1,116,142,134,-1,136,143,116,-1,116,143,144,-1,116,144,121,-1,45,109,42,-1,42,109,108,-1,42,108,145,-1,145,108,118,-1,145,118,34,-1,113,146,111,-1,111,146,147,-1,111,147,118,-1,118,147,148,-1,118,148,34,-1,34,148,149,-1,34,149,32,-1,32,149,150,-1,20,151,152,-1,152,153,20,-1,20,153,154,-1,20,154,21,-1,21,154,155,-1,21,155,156,-1,156,157,21,-1,21,157,158,-1,21,158,159,-1,159,160,21,-1,21,160,161,-1,21,161,162,-1,162,161,163,-1,162,163,164,-1,24,165,166,-1,167,168,20,-1,20,168,169,-1,20,169,151,-1,164,170,162,-1,162,170,171,-1,162,171,172,-1,26,27,114,-1,114,27,162,-1,114,162,24,-1,24,162,172,-1,24,172,165,-1,166,173,24,-1,24,173,174,-1,24,174,20,-1,20,174,175,-1,20,175,167,-1,96,176,93,-1,93,176,177,-1,93,177,178,-1,179,176,180,-1,180,176,96,-1,180,96,181,-1,181,96,182,-1,181,182,178,-1,178,182,183,-1,178,183,93,-1,93,183,184,-1,93,184,91,-1,91,184,185,-1,91,185,112,-1,112,185,186,-1,112,186,113,-1,187,188,48,-1,187,189,188,-1,188,189,190,-1,188,190,145,-1,145,190,191,-1,145,191,42,-1,42,191,192,-1,42,192,48,-1,48,192,193,-1,48,193,187,-1,194,195,196,-1,196,195,190,-1,196,190,197,-1,197,190,189,-1,197,189,198,-1,198,189,199,-1,200,201,34,-1,39,202,203,-1,201,204,34,-1,34,204,205,-1,34,205,206,-1,207,208,39,-1,39,208,209,-1,39,209,202,-1,203,210,39,-1,39,210,211,-1,39,211,34,-1,34,211,212,-1,34,212,200,-1,188,213,39,-1,39,213,214,-1,39,214,207,-1,206,215,34,-1,34,215,216,-1,34,216,145,-1,145,216,217,-1,145,217,188,-1,188,217,218,-1,188,218,213,-1,219,150,220,-1,220,150,149,-1,220,149,221,-1,146,119,147,-1,147,119,120,-1,147,120,148,-1,148,120,23,-1,148,23,149,-1,149,23,20,-1,149,20,221,-1,221,20,22,-1,101,89,96,-1,96,89,90,-1,96,90,182,-1,182,90,222,-1,38,28,39,-1,39,28,30,-1,39,30,188,-1,188,30,223,-1,188,223,48,-1,48,223,88,-1,48,88,46,-1,46,88,87,-1,22,224,221,-1,221,224,225,-1,221,225,220,-1,220,225,31,-1,220,31,219,-1,219,31,29,-1,25,7,27,-1,27,7,6,-1,27,6,162,-1,162,6,17,-1,162,17,21,-1,21,17,5,-1,21,5,22,-1,22,5,4,-1,22,4,224,-1,
        ]
    }
}
Shape{
    appearance Appearance {
        material  Material {
            diffuseColor 1.0 1.0 1.0
            specularColor 0.5019607843137255 0.5019607843137255 0.5019607843137255
            ambientIntensity 1.0
            transparency 0.0
            shininess 0.5
        }
    }
    geometry IndexedFaceSet {
        ccw TRUE
        solid FALSE
        coord DEF co Coordinate {
            point [
                1.6013 1.8845 1.2746, 1.0899 1.8845 1.2746, 1.7982 1.8845 1.4714, 0.6299 1.8845 0.1969, 0.1575 1.8845 0.1969, 0.6299 1.8845 0.2929, 0.1575 1.8845 0.2929, -0.9915 1.8845 1.2482, -1.039 1.8845 1.2679, -1.7982 1.8845 2.4409, 1.7982 1.8845 2.4409, 1.039 1.8845 1.2679, 0.9915 1.8845 1.2482, 0.9507 1.8845 1.2169, -1.0359 1.8845 0.7992, -0.9893 1.8845 0.8193, 0.9194 1.8845 1.1762, 0.8998 1.8845 1.1287, 0.8931 1.8845 1.0777, -1.0899 1.8845 1.2746, -1.6013 1.8845 1.2746, -1.7982 1.8845 1.4714, -1.7915 1.8845 1.4205, 0.9494 1.8845 0.8506, 0.9893 1.8845 0.8193, -0.9507 1.8845 1.2169, -0.9194 1.8845 1.1762, 1.7915 1.8845 1.4205, 1.7718 1.8845 1.373, 1.6523 1.8845 1.2813, 1.7405 1.8845 1.3323, 1.6997 1.8845 1.301, 0.8931 1.8845 0.9885, 0.8996 1.8845 0.9381, 0.9188 1.8845 0.8911, -0.8931 1.8845 0.9885, -0.8931 1.8845 1.0777, -0.8998 1.8845 1.1287, -1.6523 1.8845 1.2813, -1.6997 1.8845 1.301, -1.7405 1.8845 1.3323, -0.9494 1.8845 0.8506, -0.9188 1.8845 0.8911, -0.8996 1.8845 0.9381, -1.7718 1.8845 1.373, 1.0359 1.8845 0.7992, 1.0861 1.8845 0.7916, 1.6013 1.8845 0.2929, 1.6013 1.8845 0.7916, -1.0861 1.8845 0.7917, -1.6013 1.8845 0.2929, -1.6013 1.8845 0.7916, -1.7982 1.8845 0.4897, -1.7982 1.8845 0.5948, 1.6451 1.8845 0.7867, 1.6867 1.8845 0.7721, 1.7982 1.8845 0.5948, -1.7932 1.8845 0.6386, -1.7787 1.8845 0.6802, -1.7552 1.8845 0.7175, -1.7241 1.8845 0.7487, -1.6867 1.8845 0.7721, -1.6451 1.8845 0.7867, 1.7982 1.8845 0.4897, -1.6997 1.8845 0.3192, -1.7405 1.8845 0.3505, -1.6523 1.8845 0.2996, -1.7718 1.8845 0.3913, -1.7915 1.8845 0.4388, 1.7241 1.8845 0.7487, 1.7552 1.8845 0.7175, 1.7787 1.8845 0.6802, 1.7932 1.8845 0.6386, 1.7915 1.8845 0.4388, 1.7718 1.8845 0.3913, 1.6523 1.8845 0.2996, 1.7405 1.8845 0.3505, 1.6997 1.8845 0.3192, -1.7982 1.8057 1.4714, 0.8998 1.8057 1.1287, -1.7982 1.8057 2.4409, 0.9194 1.8057 1.1762, 1.0359 1.8057 0.7992, 0.9893 1.8057 0.8193, 0.6299 1.8057 0.2929, 0.1575 1.8057 0.2929, 0.6299 1.8057 0.1969, 0.1575 1.8057 0.1969, -1.6013 1.8057 1.2746, -1.7915 1.8057 1.4205, -1.0899 1.8057 1.2746, -1.039 1.8057 1.2679, -0.9915 1.8057 1.2482, -0.9507 1.8057 1.2169, 0.9507 1.8057 1.2169, 0.9915 1.8057 1.2482, 1.7982 1.8057 2.4409, 1.6013 1.8057 0.2929, 1.6013 1.8057 0.7916, 1.0861 1.8057 0.7917, -0.9188 1.8057 0.8911, -0.9494 1.8057 0.8506, 1.039 1.8057 1.2679, 1.0899 1.8057 1.2746, 1.7982 1.8057 1.4714, 1.6013 1.8057 1.2746, -1.7718 1.8057 1.373, -1.7405 1.8057 1.3323, -1.6523 1.8057 1.2813, -1.6997 1.8057 1.301, -0.9893 1.8057 0.8193, -1.0359 1.8057 0.7992, -1.6013 1.8057 0.2929, -1.0861 1.8057 0.7916, -1.6523 1.8057 0.2996, 1.7915 1.8057 0.6457, 1.7718 1.8057 0.6932, 0.9494 1.8057 0.8506, 0.9188 1.8057 0.8911, 0.8996 1.8057 0.9381, 1.6997 1.8057 0.3192, 1.7405 1.8057 0.3505, 1.6523 1.8057 0.2996, 1.7718 1.8057 0.3913, 1.7915 1.8057 0.4388, 1.7982 1.8057 0.4897, 1.7982 1.8057 0.5948, 1.6997 1.8057 1.301, 1.7405 1.8057 1.3323, 1.6523 1.8057 1.2813, 1.7718 1.8057 1.373, 1.7915 1.8057 1.4205, 1.7405 1.8057 0.734, 1.6997 1.8057 0.7652, 1.6523 1.8057 0.7849, -1.7915 1.8057 0.4388, -1.7718 1.8057 0.3913, -1.6013 1.8057 0.7916, -1.6451 1.8057 0.7867, -1.7982 1.8057 0.5948, -1.6867 1.8057 0.7721, -1.7982 1.8057 0.4897, -1.7241 1.8057 0.7487, -1.7552 1.8057 0.7175, -1.7932 1.8057 0.6386, -1.7787 1.8057 0.6802, -1.7405 1.8057 0.3505, -1.6997 1.8057 0.3192, -0.9194 1.8057 1.1762, -0.8998 1.8057 1.1287, 0.8931 1.8057 1.0777, -0.8931 1.8057 1.0777, 0.8931 1.8057 0.9885, -0.8931 1.8057 0.9885, -0.8996 1.8057 0.9381
            ]
        }
        coordIndex [
            0,1,2,-1,3,4,5,-1,5,4,6,-1,7,8,9,-1,2,1,10,-1,10,1,11,-1,10,11,9,-1,9,11,12,-1,9,12,13,-1,14,15,6,-1,13,16,9,-1,9,16,17,-1,9,17,18,-1,8,19,9,-1,9,19,20,-1,9,20,21,-1,21,20,22,-1,23,24,5,-1,7,9,25,-1,25,9,5,-1,25,5,26,-1,2,27,0,-1,0,27,28,-1,0,28,29,-1,29,28,30,-1,29,30,31,-1,18,32,9,-1,9,32,33,-1,9,33,5,-1,5,33,34,-1,5,34,23,-1,35,36,5,-1,5,36,37,-1,5,37,26,-1,38,39,40,-1,15,41,6,-1,6,41,42,-1,6,42,5,-1,5,42,43,-1,5,43,35,-1,38,40,20,-1,20,40,44,-1,20,44,22,-1,24,45,5,-1,5,45,46,-1,5,46,47,-1,47,46,48,-1,14,6,49,-1,49,6,50,-1,49,50,51,-1,51,50,52,-1,51,52,53,-1,54,55,56,-1,57,58,53,-1,53,58,59,-1,53,59,60,-1,60,61,53,-1,53,61,62,-1,53,62,51,-1,63,47,56,-1,56,47,48,-1,56,48,54,-1,64,65,66,-1,66,65,67,-1,66,67,50,-1,50,67,68,-1,50,68,52,-1,55,69,70,-1,70,71,55,-1,55,71,72,-1,55,72,56,-1,63,73,47,-1,47,73,74,-1,47,74,75,-1,75,74,76,-1,75,76,77,-1,78,79,80,-1,80,79,81,-1,82,83,84,-1,84,83,85,-1,84,85,86,-1,86,85,87,-1,88,78,89,-1,88,90,78,-1,78,90,91,-1,78,91,79,-1,79,91,92,-1,79,92,93,-1,81,94,80,-1,80,94,95,-1,80,95,96,-1,97,98,84,-1,84,98,99,-1,84,99,82,-1,85,100,101,-1,95,102,96,-1,96,102,103,-1,96,103,104,-1,104,103,105,-1,89,106,88,-1,88,106,107,-1,88,107,108,-1,108,107,109,-1,101,110,85,-1,85,110,111,-1,85,111,112,-1,112,111,113,-1,112,113,114,-1,115,116,98,-1,83,117,85,-1,85,117,118,-1,85,118,100,-1,100,118,119,-1,120,121,122,-1,122,121,123,-1,122,123,97,-1,123,124,97,-1,97,124,125,-1,97,125,98,-1,98,125,126,-1,98,126,115,-1,127,128,129,-1,129,128,130,-1,129,130,105,-1,105,130,131,-1,105,131,104,-1,132,133,116,-1,116,133,134,-1,116,134,98,-1,135,136,113,-1,137,138,139,-1,139,138,140,-1,137,139,113,-1,113,139,141,-1,113,141,135,-1,140,142,139,-1,139,142,143,-1,139,143,144,-1,144,143,145,-1,136,146,113,-1,113,146,147,-1,113,147,114,-1,93,148,79,-1,79,148,149,-1,79,149,150,-1,150,149,151,-1,150,151,152,-1,152,151,153,-1,152,153,119,-1,119,153,154,-1,119,154,100,-1,
        ]
    }
}
Shape{
    appearance Appearance {
        material  Material {
            diffuseColor 0.3333333333333333 0.3333333333333333 0.3333333333333333
            specularColor 0.16862745098039217 0.16862745098039217 0.16862745098039217
            ambientIntensity 0.3333
            transparency 0.0
            shininess 0.5
        }
    }
    geometry IndexedFaceSet {
        ccw TRUE
        solid FALSE
        coord DEF co Coordinate {
            point [
                -1.0861 1.7717 1.1136, 1.0861 1.7717 1.1136, 1.0861 1.7717 0.7916, -1.0861 1.7717 0.7916, -1.8504 1.7717 2.5197, -1.7982 1.7717 2.5197, -1.7982 1.7717 2.5058, 1.7709 1.7717 0.0, 1.7405 1.7717 0.0, 1.6013 1.7717 0.7916, 1.7117 1.7717 0.0, 1.7982 1.7717 2.5058, 1.6013 1.7717 1.1136, 1.8504 1.7717 0.0, 1.8504 1.7717 2.5197, 1.7982 1.7717 2.5197, 0.0492 1.7717 0.0, -1.6535 1.7717 0.0, -1.6013 1.7717 0.7916, -1.8504 1.7717 0.0, -1.6013 1.7717 1.1136, 1.506 1.7717 0.0, 1.683 1.7717 0.0
            ]
        }
        coordIndex [
            0,1,2,-1,0,2,3,-1,4,5,6,-1,7,8,9,-1,9,8,10,-1,6,11,12,-1,7,9,13,-1,13,9,12,-1,13,12,14,-1,14,12,11,-1,14,11,15,-1,16,17,18,-1,18,17,19,-1,18,19,20,-1,20,19,4,-1,20,4,0,-1,0,4,6,-1,0,6,1,-1,1,6,12,-1,18,3,16,-1,16,3,2,-1,16,2,21,-1,21,2,9,-1,21,9,22,-1,22,9,10,-1,
        ]
    }
}
Shape{
    appearance Appearance {
        material  Material {
            diffuseColor 1.0 1.0 1.0
            specularColor 0.5019607843137255 0.5019607843137255 0.5019607843137255
            ambientIntensity 1.0
            transparency 0.0
            shininess 0.5
        }
    }
    geometry IndexedFaceSet {
        ccw TRUE
        solid FALSE
        coord DEF co Coordinate {
            point [
                0.8931 1.8845 0.9885, 0.8931 1.8057 0.9885, 0.8958 1.8845 0.9559, 0.8958 1.8057 0.9559, 0.9094 1.8845 0.91, 0.9094 1.8057 0.91, 0.9337 1.8845 0.8687, 0.9337 1.8057 0.8687, 0.9672 1.8845 0.8346, 0.9672 1.8057 0.8346, 1.008 1.8845 0.8095, 1.008 1.8057 0.8095, 1.0536 1.8845 0.795, 1.0536 1.8057 0.795, 1.0861 1.8845 0.7916, 1.0861 1.8057 0.7916, -1.0861 1.8845 0.7916, -1.0861 1.8057 0.7916, -1.0536 1.8845 0.795, -1.0536 1.8057 0.795, -1.008 1.8845 0.8095, -1.008 1.8057 0.8095, -0.9672 1.8845 0.8346, -0.9672 1.8057 0.8346, -0.9337 1.8845 0.8687, -0.9337 1.8057 0.8687, -0.9094 1.8845 0.91, -0.9094 1.8057 0.91, -0.8958 1.8845 0.9559, -0.8958 1.8057 0.9559, -0.8931 1.8845 0.9885, -0.8931 1.8057 0.9885
            ]
        }
        coordIndex [
            0,1,2,-1,2,1,3,-1,2,3,4,-1,4,3,5,-1,4,5,6,-1,6,5,7,-1,6,7,8,-1,8,7,9,-1,8,9,10,-1,10,9,11,-1,10,11,12,-1,12,11,13,-1,12,13,14,-1,14,13,15,-1,16,17,18,-1,18,17,19,-1,18,19,20,-1,20,19,21,-1,20,21,22,-1,22,21,23,-1,22,23,24,-1,24,23,25,-1,24,25,26,-1,26,25,27,-1,26,27,28,-1,28,27,29,-1,28,29,30,-1,30,29,31,-1,
        ]
    }
}
Shape{
    appearance Appearance {
        material  Material {
            diffuseColor 0.3333333333333333 0.3333333333333333 0.3333333333333333
            specularColor 0.16862745098039217 0.16862745098039217 0.16862745098039217
            ambientIntensity 0.3333
            transparency 0.0
            shininess 0.5
        }
    }
    geometry IndexedFaceSet {
        ccw TRUE
        solid FALSE
        coord DEF co Coordinate {
            point [
                -1.7982 -1.7717 2.5058, -1.7982 -1.7717 2.5197, -1.8504 -1.7717 2.5197, 1.8504 -1.7717 2.5197, 1.7982 -1.7717 2.5197, 1.7982 -1.7717 2.5058, -1.6013 -1.7717 1.0697, 1.1516 -1.7717 0.7494, 0.0492 -1.7717 0.0, 1.6013 -1.7717 0.7494, 1.506 -1.7717 0.0, -1.8504 -1.7717 0.0, -1.6013 -1.7717 0.7494, -1.6535 -1.7717 0.0, -1.1516 -1.7717 0.7494, -1.1516 -1.7717 1.0697, 1.1516 -1.7717 1.0697, 1.683 -1.7717 0.0, 1.7117 -1.7717 0.0, 1.7405 -1.7717 0.0, 1.6013 -1.7717 1.0697, 1.8504 -1.7717 0.0, 1.7709 -1.7717 0.0, -1.5748 0.0 2.5984, -1.5533 0.2592 2.7165, -1.5533 0.2592 2.5984, -1.4895 0.5113 2.7165, -1.4895 0.5113 2.5984, -1.385 0.7495 2.7165, -1.385 0.7495 2.5984, -1.2427 0.9673 2.7165, -1.2427 0.9673 2.5984, -1.0666 1.1586 2.7165, -1.0666 1.1586 2.5984, -0.8613 1.3184 2.7165, -0.8613 1.3184 2.5984, -0.6326 1.4422 2.7165, -0.6326 1.4422 2.5984, -0.3866 1.5266 2.7165, -0.3866 1.5266 2.5984, -0.13 1.5694 2.7165, -0.13 1.5694 2.5984, 0.13 1.5694 2.7165, 0.13 1.5694 2.5984, 0.3866 1.5266 2.7165, 0.3866 1.5266 2.5984, 0.6326 1.4422 2.7165, 0.6326 1.4422 2.5984, 0.8613 1.3184 2.7165, 0.8613 1.3184 2.5984, 1.0666 1.1586 2.7165, 1.0666 1.1586 2.5984, 1.2427 0.9673 2.7165, 1.2427 0.9673 2.5984, 1.385 0.7495 2.7165, 1.385 0.7495 2.5984, 1.4895 0.5113 2.7165, 1.4895 0.5113 2.5984, 1.5533 0.2592 2.7165, 1.5533 0.2592 2.5984, 1.5748 0.0 2.7165, 1.5748 0.0 2.5984, 1.5533 -0.2592 2.7165, 1.5533 -0.2592 2.5984, 1.4895 -0.5113 2.7165, 1.4895 -0.5113 2.5984, 1.385 -0.7495 2.7165, 1.385 -0.7495 2.5984, 1.2427 -0.9673 2.7165, 1.2427 -0.9673 2.5984, 1.0666 -1.1586 2.7165, 1.0666 -1.1586 2.5984, 0.8613 -1.3184 2.7165, 0.8613 -1.3184 2.5984, 0.6326 -1.4422 2.7165, 0.6326 -1.4422 2.5984, 0.3866 -1.5266 2.7165, 0.3866 -1.5266 2.5984, 0.13 -1.5694 2.7165, 0.13 -1.5694 2.5984, -0.13 -1.5694 2.7165, -0.13 -1.5694 2.5984, -0.3866 -1.5266 2.7165, -0.3866 -1.5266 2.5984, -0.6326 -1.4422 2.7165, -0.6326 -1.4422 2.5984, -0.8613 -1.3184 2.7165, -0.8613 -1.3184 2.5984, -1.0666 -1.1586 2.7165, -1.0666 -1.1586 2.5984, -1.2427 -0.9673 2.7165, -1.2427 -0.9673 2.5984, -1.385 -0.7495 2.7165, -1.385 -0.7495 2.5984, -1.4895 -0.5113 2.7165, -1.4895 -0.5113 2.5984, -1.5533 -0.2592 2.7165, -1.5533 -0.2592 2.5984, -1.5748 0.0 2.7165, -0.653 1.2134 2.7165, -0.8591 1.0773 2.7165, -1.0377 0.9066 2.7165, -1.1829 0.7068 2.7165, -1.2901 0.4842 2.7165, -1.3558 0.246 2.7165, -1.378 0.0 2.7165, -1.3558 -0.246 2.7165, -1.2901 -0.4842 2.7165, -1.1829 -0.7068 2.7165, -1.0377 -0.9066 2.7165, -0.8591 -1.0773 2.7165, -0.653 -1.2134 2.7165, -0.4258 -1.3105 2.7165, -0.185 -1.3655 2.7165, 0.0618 -1.3766 2.7165, 0.3066 -1.3434 2.7165, 0.5416 -1.2671 2.7165, 0.7591 -1.15 2.7165, 0.9523 -0.996 2.7165, 1.1148 -0.8099 2.7165, 1.2415 -0.5979 2.7165, 1.3283 -0.3666 2.7165, 1.3724 -0.1235 2.7165, 1.378 0.0 2.7165, 1.3724 0.1235 2.7165, 1.3283 0.3666 2.7165, 1.2415 0.5979 2.7165, 1.1148 0.8099 2.7165, 0.9523 0.996 2.7165, 0.7591 1.15 2.7165, 0.5416 1.2671 2.7165, 0.3066 1.3434 2.7165, 0.0618 1.3766 2.7165, -0.185 1.3655 2.7165, -0.4258 1.3105 2.7165, -1.3751 -0.0883 3.622, -1.2879 -0.4833 3.622, -1.3078 -0.4342 3.622, -1.3525 -0.2634 3.622, -1.3548 -0.2459 3.622, -1.2415 -0.5979 3.622, -1.1808 -0.7056 3.622, -1.1548 -0.7517 3.622, -1.0492 -0.8932 3.622, -0.9264 -1.0201 3.622, -1.037 -0.9059 3.622, -0.7883 -1.1302 3.622, -0.8574 -1.0751 3.622, -0.4251 -1.3082 3.622, -0.4759 -1.2932 3.622, -0.6374 -1.2217 3.622, -0.6524 -1.2125 3.622, -0.3066 -1.3434 3.622, -0.1846 -1.3631 3.622, -0.1323 -1.3716 3.622, 0.0442 -1.3772 3.622, 0.2199 -1.3603 3.622, 0.0617 -1.3756 3.622, 0.3921 -1.321 3.622, 0.306 -1.3406 3.622, 0.7577 -1.1481 3.622, 0.7143 -1.1783 3.622, 0.5578 -1.26 3.622, 0.5412 -1.2661 3.622, 0.8591 -1.0773 3.622, 0.9507 -0.9942 3.622, 0.9899 -0.9586 3.622, 1.1043 -0.8242 3.622, 1.2006 -0.6762 3.622, 1.1139 -0.8094 3.622, 1.2772 -0.5171 3.622, 1.2389 -0.5966 3.622, 1.37 -0.1234 3.622, 1.3666 -0.1762 3.622, 1.3329 -0.3495 3.622, 1.3273 -0.3663 3.622, 1.378 -0.0 3.622, 1.37 0.1234 3.622, 1.3666 0.1762 3.622, 1.3329 0.3495 3.622, 1.2772 0.5171 3.622, 1.3273 0.3663 3.622, 1.2006 0.6762 3.622, 1.2389 0.5966 3.622, 0.9507 0.9942 3.622, 0.9899 0.9586 3.622, 1.1043 0.8242 3.622, 1.1139 0.8094 3.622, 0.8591 1.0773 3.622, 0.7577 1.1481 3.622, 0.7143 1.1783 3.622, 0.5578 1.26 3.622, 0.3921 1.321 3.622, 0.5412 1.2661 3.622, 0.2199 1.3603 3.622, 0.306 1.3406 3.622, -0.1846 1.3631 3.622, -0.1323 1.3716 3.622, 0.0442 1.3772 3.622, 0.0617 1.3756 3.622, -0.3066 1.3434 3.622, -0.4251 1.3082 3.622, -0.4759 1.2932 3.622, -0.6374 1.2217 3.622, -0.7883 1.1302 3.622, -0.6524 1.2125 3.622, -0.9264 1.0201 3.622, -0.8574 1.0751 3.622, -1.1808 0.7056 3.622, -1.1548 0.7517 3.622, -1.0492 0.8932 3.622, -1.037 0.9059 3.622, -1.2415 0.5979 3.622, -1.2879 0.4833 3.622, -1.3078 0.4342 3.622, -1.3525 0.2634 3.622, -1.3751 -0.0 3.622, -1.3751 0.0883 3.622, -1.3548 0.2459 3.622, -0.9893 -0.8422 3.7008, -0.8735 -0.9618 3.7008, -0.4921 -0.4921 3.7008, -0.4487 1.2193 3.7008, -0.6009 1.1519 3.7008, -0.4921 0.4921 3.7008, 0.6735 1.111 3.7008, 0.4921 0.4921 3.7008, 0.81 1.0158 3.7008, 0.9333 0.9038 3.7008, 0.81 -1.0158 3.7008, 0.9333 -0.9038 3.7008, 0.4921 -0.4921 3.7008, 1.0412 -0.7771 3.7008, 1.132 -0.6375 3.7008, 1.2885 -0.1661 3.7008, 1.2992 0.0 3.7008, 1.2885 0.1661 3.7008, 1.2567 0.3296 3.7008, 1.2043 0.4876 3.7008, 1.132 0.6375 3.7008, 1.0412 0.7771 3.7008, -0.7433 1.0656 3.7008, -0.8735 0.9618 3.7008, -0.9893 0.8422 3.7008, 0.5259 1.188 3.7008, 0.3697 1.2455 3.7008, 0.2074 1.2826 3.7008, 0.0416 1.2985 3.7008, -0.1248 1.2932 3.7008, -0.2891 1.2666 3.7008, 1.2043 -0.4876 3.7008, 1.2567 -0.3296 3.7008, -1.233 -0.4094 3.7008, -1.1705 -0.5637 3.7008, -1.0889 -0.7088 3.7008, -0.7433 -1.0656 3.7008, -0.6009 -1.1519 3.7008, -0.4487 -1.2193 3.7008, -1.0889 0.7088 3.7008, -1.1705 0.5637 3.7008, -1.233 0.4094 3.7008, -1.2965 -0.0832 3.7008, -1.2753 -0.2484 3.7008, -0.2891 -1.2666 3.7008, -0.1248 -1.2932 3.7008, 0.0416 -1.2985 3.7008, 0.2074 -1.2826 3.7008, 0.3697 -1.2455 3.7008, -1.2753 0.2484 3.7008, -1.2965 0.0832 3.7008, 0.5259 -1.188 3.7008, 0.6735 -1.111 3.7008, -0.4921 -0.4921 4.685, -0.4921 0.4921 4.685, 0.4921 -0.4921 4.685, 0.4921 0.4921 4.685, -0.6784 -0.6496 4.685, -0.6863 -0.6306 4.685, -0.689 -0.6102 4.685, -0.689 0.6102 4.685, -0.6863 0.6306 4.685, 0.6496 -0.6784 4.685, 0.6306 -0.6863 4.685, 0.6102 -0.689 4.685, -0.6102 -0.689 4.685, -0.6306 -0.6863 4.685, -0.6784 0.6496 4.685, -0.6659 0.6659 4.685, -0.6496 0.6784 4.685, -0.6496 -0.6784 4.685, -0.6659 -0.6659 4.685, 0.6784 0.6496 4.685, 0.6863 0.6306 4.685, 0.689 0.6102 4.685, 0.689 -0.6102 4.685, 0.6863 -0.6306 4.685, -0.6306 0.6863 4.685, -0.6102 0.689 4.685, 0.6102 0.689 4.685, 0.6306 0.6863 4.685, 0.6784 -0.6496 4.685, 0.6659 -0.6659 4.685, 0.6496 0.6784 4.685, 0.6659 0.6659 4.685, -0.689 -0.6102 5.5906, -0.689 0.6102 5.5906, 0.6102 -0.689 5.5906, -0.6102 -0.689 5.5906, 0.689 0.6102 5.5906, 0.689 -0.6102 5.5906, 0.6102 0.689 5.5906, -0.6102 0.689 5.5906, 0.3618 -0.097 5.6693, 0.6102 -0.6102 5.6693, 0.3746 0.0 5.6693, 0.6102 0.6102 5.6693, 0.3618 0.097 5.6693, 0.3244 -0.1873 5.6693, 0.2649 -0.2649 5.6693, 0.1873 -0.3244 5.6693, -0.097 -0.3618 5.6693, -0.6102 -0.6102 5.6693, 0.0 -0.3746 5.6693, 0.097 -0.3618 5.6693, -0.1873 -0.3244 5.6693, -0.2649 -0.2649 5.6693, -0.3244 -0.1873 5.6693, -0.3618 0.097 5.6693, -0.6102 0.6102 5.6693, -0.3746 -0.0 5.6693, -0.3618 -0.097 5.6693, -0.3244 0.1873 5.6693, -0.2649 0.2649 5.6693, -0.1873 0.3244 5.6693, 0.1873 0.3244 5.6693, 0.2649 0.2649 5.6693, 0.3244 0.1873 5.6693, -0.097 0.3618 5.6693, 0.0 0.3746 5.6693, 0.097 0.3618 5.6693
            ]
        }
        coordIndex [
            0,1,2,-1,3,4,5,-1,5,0,6,-1,7,8,9,-1,9,8,10,-1,0,2,6,-1,6,2,11,-1,6,11,12,-1,12,11,13,-1,12,13,14,-1,14,13,8,-1,14,8,15,-1,15,8,7,-1,15,7,16,-1,10,17,9,-1,9,17,18,-1,9,18,19,-1,6,15,5,-1,5,15,16,-1,5,16,3,-1,3,16,20,-1,3,20,21,-1,21,20,9,-1,21,9,22,-1,22,9,19,-1,23,24,25,-1,25,24,26,-1,25,26,27,-1,27,26,28,-1,27,28,29,-1,29,28,30,-1,29,30,31,-1,31,30,32,-1,31,32,33,-1,33,32,34,-1,33,34,35,-1,35,34,36,-1,35,36,37,-1,37,36,38,-1,37,38,39,-1,39,38,40,-1,39,40,41,-1,41,40,42,-1,41,42,43,-1,43,42,44,-1,43,44,45,-1,45,44,46,-1,45,46,47,-1,47,46,48,-1,47,48,49,-1,49,48,50,-1,49,50,51,-1,51,50,52,-1,51,52,53,-1,53,52,54,-1,53,54,55,-1,55,54,56,-1,55,56,57,-1,57,56,58,-1,57,58,59,-1,59,58,60,-1,59,60,61,-1,61,60,62,-1,61,62,63,-1,63,62,64,-1,63,64,65,-1,65,64,66,-1,65,66,67,-1,67,66,68,-1,67,68,69,-1,69,68,70,-1,69,70,71,-1,71,70,72,-1,71,72,73,-1,73,72,74,-1,73,74,75,-1,75,74,76,-1,75,76,77,-1,77,76,78,-1,77,78,79,-1,79,78,80,-1,79,80,81,-1,81,80,82,-1,81,82,83,-1,83,82,84,-1,83,84,85,-1,85,84,86,-1,85,86,87,-1,87,86,88,-1,87,88,89,-1,89,88,90,-1,89,90,91,-1,91,90,92,-1,91,92,93,-1,93,92,94,-1,93,94,95,-1,95,94,96,-1,95,96,97,-1,97,96,98,-1,97,98,23,-1,23,98,24,-1,99,34,100,-1,100,34,32,-1,100,32,101,-1,101,32,30,-1,101,30,102,-1,102,30,28,-1,102,28,103,-1,103,28,26,-1,103,26,104,-1,104,26,24,-1,104,24,105,-1,105,24,98,-1,105,98,106,-1,106,98,96,-1,106,96,107,-1,107,96,94,-1,107,94,108,-1,108,94,92,-1,108,92,109,-1,109,92,90,-1,109,90,110,-1,110,90,88,-1,110,88,111,-1,88,86,111,-1,111,86,84,-1,111,84,112,-1,112,84,82,-1,112,82,113,-1,113,82,80,-1,113,80,114,-1,114,80,78,-1,114,78,115,-1,115,78,76,-1,115,76,116,-1,116,76,74,-1,116,74,117,-1,117,74,72,-1,117,72,118,-1,118,72,70,-1,118,70,119,-1,119,70,68,-1,119,68,120,-1,120,68,66,-1,120,66,121,-1,121,66,64,-1,121,64,122,-1,122,64,62,-1,122,62,123,-1,123,62,60,-1,123,60,124,-1,124,60,58,-1,124,58,125,-1,125,58,56,-1,125,56,126,-1,126,56,54,-1,126,54,127,-1,127,54,52,-1,127,52,128,-1,128,52,50,-1,128,50,129,-1,129,50,48,-1,129,48,130,-1,130,48,46,-1,130,46,131,-1,131,46,44,-1,131,44,132,-1,132,44,42,-1,132,42,133,-1,133,42,40,-1,133,40,134,-1,134,40,38,-1,134,38,99,-1,99,38,36,-1,99,36,34,-1,135,105,106,-1,136,137,107,-1,107,137,138,-1,107,138,106,-1,106,138,139,-1,106,139,135,-1,136,107,140,-1,140,107,108,-1,140,108,141,-1,141,108,142,-1,142,108,109,-1,142,109,143,-1,110,144,109,-1,109,144,145,-1,109,145,143,-1,111,146,110,-1,110,146,147,-1,110,147,144,-1,148,149,112,-1,112,149,150,-1,112,150,111,-1,111,150,151,-1,111,151,146,-1,148,112,152,-1,152,112,113,-1,152,113,153,-1,153,113,154,-1,154,113,114,-1,154,114,155,-1,115,156,114,-1,114,156,157,-1,114,157,155,-1,116,158,115,-1,115,158,159,-1,115,159,156,-1,160,161,117,-1,117,161,162,-1,117,162,116,-1,116,162,163,-1,116,163,158,-1,160,117,164,-1,164,117,118,-1,164,118,165,-1,165,118,166,-1,166,118,119,-1,166,119,167,-1,120,168,119,-1,119,168,169,-1,119,169,167,-1,121,170,120,-1,120,170,171,-1,120,171,168,-1,172,173,122,-1,122,173,174,-1,122,174,121,-1,121,174,175,-1,121,175,170,-1,172,122,176,-1,176,122,123,-1,176,123,177,-1,177,123,124,-1,177,124,178,-1,178,124,125,-1,178,125,179,-1,126,180,125,-1,125,180,181,-1,125,181,179,-1,127,182,126,-1,126,182,183,-1,126,183,180,-1,184,185,128,-1,128,185,186,-1,128,186,127,-1,127,186,187,-1,127,187,182,-1,184,128,188,-1,188,128,129,-1,188,129,189,-1,189,129,190,-1,190,129,130,-1,190,130,191,-1,131,192,130,-1,130,192,193,-1,130,193,191,-1,132,194,131,-1,131,194,195,-1,131,195,192,-1,196,197,133,-1,133,197,198,-1,133,198,132,-1,132,198,199,-1,132,199,194,-1,196,133,200,-1,200,133,134,-1,200,134,201,-1,201,134,202,-1,202,134,99,-1,202,99,203,-1,100,204,99,-1,99,204,205,-1,99,205,203,-1,101,206,100,-1,100,206,207,-1,100,207,204,-1,208,209,102,-1,102,209,210,-1,102,210,101,-1,101,210,211,-1,101,211,206,-1,208,102,212,-1,212,102,103,-1,212,103,213,-1,213,103,214,-1,214,103,104,-1,214,104,215,-1,135,216,105,-1,105,216,217,-1,105,217,104,-1,104,217,218,-1,104,218,215,-1,219,220,221,-1,222,223,224,-1,225,226,227,-1,227,226,228,-1,229,230,231,-1,231,230,232,-1,231,232,233,-1,234,235,231,-1,231,235,236,-1,231,236,226,-1,226,236,237,-1,226,237,238,-1,238,239,226,-1,226,239,240,-1,226,240,228,-1,223,241,224,-1,224,241,242,-1,224,242,243,-1,225,244,226,-1,226,244,245,-1,226,245,246,-1,246,247,226,-1,226,247,248,-1,226,248,224,-1,224,248,249,-1,224,249,222,-1,233,250,231,-1,231,250,251,-1,231,251,234,-1,252,253,221,-1,221,253,254,-1,221,254,219,-1,220,255,221,-1,221,255,256,-1,221,256,257,-1,243,258,224,-1,224,258,259,-1,224,259,260,-1,224,261,221,-1,221,261,262,-1,221,262,252,-1,257,263,221,-1,221,263,264,-1,221,264,231,-1,264,265,231,-1,231,265,266,-1,231,266,267,-1,260,268,224,-1,224,268,269,-1,224,269,261,-1,267,270,231,-1,231,270,271,-1,231,271,229,-1,272,273,221,-1,221,273,224,-1,274,272,231,-1,231,272,221,-1,275,274,226,-1,226,274,231,-1,273,275,224,-1,224,275,226,-1,276,277,272,-1,272,277,278,-1,272,278,273,-1,273,278,279,-1,273,279,280,-1,281,282,274,-1,274,282,283,-1,274,283,272,-1,272,283,284,-1,272,284,285,-1,280,286,273,-1,273,286,287,-1,273,287,288,-1,285,289,272,-1,272,289,290,-1,272,290,276,-1,291,292,275,-1,275,292,293,-1,275,293,274,-1,274,293,294,-1,274,294,295,-1,288,296,273,-1,273,296,297,-1,273,297,275,-1,275,297,298,-1,275,298,299,-1,295,300,274,-1,274,300,301,-1,274,301,281,-1,299,302,275,-1,275,302,303,-1,275,303,291,-1,304,305,278,-1,278,305,279,-1,306,307,283,-1,283,307,284,-1,308,309,293,-1,293,309,294,-1,298,297,310,-1,310,297,311,-1,312,313,314,-1,314,313,315,-1,314,315,316,-1,312,317,313,-1,313,317,318,-1,313,318,319,-1,320,321,322,-1,322,321,313,-1,322,313,323,-1,323,313,319,-1,320,324,321,-1,321,324,325,-1,321,325,326,-1,327,328,329,-1,329,328,321,-1,329,321,330,-1,330,321,326,-1,327,331,328,-1,328,331,332,-1,328,332,333,-1,334,335,315,-1,315,335,336,-1,315,336,316,-1,333,337,328,-1,328,337,338,-1,328,338,315,-1,315,338,339,-1,315,339,334,-1,
        ]
    }
}
Shape{
    appearance Appearance {
        material  Material {
            diffuseColor 0.792156862745098 0.8196078431372549 0.9333333333333333
            specularColor 0.396078431372549 0.4117647058823529 0.4666666666666667
            ambientIntensity 0.8244
            transparency 0.0
            shininess 0.5
        }
    }
    geometry IndexedFaceSet {
        ccw TRUE
        solid FALSE
        coord DEF co Coordinate {
            point [
                -1.7982 -1.6279 2.5197, -1.7982 -1.6279 2.5984, -1.8389 -1.6279 2.5931, -1.8504 -1.6279 2.5197, -1.9557 -1.6279 2.4409, -1.8769 -1.6279 2.4409, -1.9503 -1.6279 2.4817, -1.8752 -1.6279 2.4575, -1.9346 -1.6279 2.5197, -1.87 -1.6279 2.4733, -1.8769 -1.6279 2.5773, -1.9095 -1.6279 2.5523, -1.8504 -1.6279 2.4999, -1.8616 -1.6279 2.4876, -1.7982 1.6124 2.5984, -1.7982 1.6124 2.5197, -1.8389 1.6124 2.5931, -1.8504 1.6124 2.5197, -1.8769 1.6124 2.5773, -1.9095 1.6124 2.5523, -1.8504 1.6124 2.4999, -1.9346 1.6124 2.5197, -1.8769 1.6124 2.4409, -1.9557 1.6124 2.4409, -1.8752 1.6124 2.4575, -1.9503 1.6124 2.4817, -1.87 1.6124 2.4733, -1.8616 1.6124 2.4876, 1.8769 1.6293 2.5773, 1.9095 1.6293 2.5523, 1.8504 1.6293 2.5197, 1.8504 1.6293 2.4999, 1.9346 1.6293 2.5197, 1.8616 1.6293 2.4876, 1.8389 1.6293 2.5931, 1.7982 1.6293 2.5197, 1.7982 1.6293 2.5984, 1.9557 1.6293 2.4409, 1.8769 1.6293 2.4409, 1.9503 1.6293 2.4817, 1.8752 1.6293 2.4575, 1.87 1.6293 2.4733, 1.7982 -1.5693 2.5984, 1.7982 -1.5693 2.5197, 1.8389 -1.5693 2.5931, 1.8504 -1.5693 2.5197, 1.8769 -1.5693 2.5773, 1.9095 -1.5693 2.5523, 1.8504 -1.5693 2.4999, 1.9346 -1.5693 2.5197, 1.8769 -1.5693 2.4409, 1.9557 -1.5693 2.4409, 1.8752 -1.5693 2.4575, 1.9503 -1.5693 2.4817, 1.87 -1.5693 2.4733, 1.8616 -1.5693 2.4876, -1.7982 1.727 2.5197, -1.7982 1.727 2.5984, -1.7982 1.7678 2.5931, -1.7982 1.7717 2.5197, -1.7982 1.8845 2.4409, -1.7982 1.8057 2.4409, -1.7982 1.8791 2.4817, -1.7982 1.8034 2.4598, -1.7982 1.8634 2.5197, -1.7982 1.7967 2.4776, -1.7982 1.8384 2.5523, -1.7982 1.7859 2.4932, -1.7982 1.7717 2.5058, -1.7982 1.8057 2.5773, 1.7982 1.7717 2.5197, 1.7982 1.7717 2.5058, 1.7982 1.7859 2.4932, 1.7982 1.8057 2.4409, 1.7982 1.8845 2.4409, 1.7982 1.8034 2.4598, 1.7982 1.8791 2.4817, 1.7982 1.7967 2.4776, 1.7982 1.8634 2.5197, 1.7982 1.8384 2.5523, 1.7982 1.8057 2.5773, 1.7982 1.727 2.5197, 1.7982 1.7678 2.5931, 1.7982 1.727 2.5984, 1.7982 -1.727 2.5197, 1.7982 -1.727 2.5984, 1.7982 -1.7678 2.5931, 1.7982 -1.7717 2.5197, 1.7982 -1.8845 2.4409, 1.7982 -1.8057 2.4409, 1.7982 -1.8791 2.4817, 1.7982 -1.8034 2.4598, 1.7982 -1.8634 2.5197, 1.7982 -1.7967 2.4776, 1.7982 -1.8384 2.5523, 1.7982 -1.7859 2.4932, 1.7982 -1.7717 2.5058, 1.7982 -1.8057 2.5773, -1.7982 -1.7717 2.5197, -1.7982 -1.7717 2.5058, -1.7982 -1.7859 2.4932, -1.7982 -1.8057 2.4409, -1.7982 -1.8845 2.4409, -1.7982 -1.8034 2.4598, -1.7982 -1.8791 2.4817, -1.7982 -1.7967 2.4776, -1.7982 -1.8634 2.5197, -1.7982 -1.8384 2.5523, -1.7982 -1.8057 2.5773, -1.7982 -1.727 2.5197, -1.7982 -1.7678 2.5931, -1.7982 -1.727 2.5984
            ]
        }
        coordIndex [
            0,1,2,-1,0,2,3,-1,4,5,6,-1,6,5,7,-1,6,7,8,-1,8,7,9,-1,2,10,3,-1,3,10,11,-1,3,11,12,-1,12,11,8,-1,12,8,13,-1,13,8,9,-1,14,15,16,-1,16,15,17,-1,16,17,18,-1,18,17,19,-1,19,17,20,-1,19,20,21,-1,22,23,24,-1,24,23,25,-1,24,25,26,-1,26,25,21,-1,26,21,27,-1,27,21,20,-1,5,22,7,-1,7,22,24,-1,7,24,9,-1,9,24,26,-1,9,26,13,-1,13,26,27,-1,13,27,12,-1,12,27,20,-1,28,29,30,-1,30,29,31,-1,31,29,32,-1,31,32,33,-1,28,30,34,-1,34,30,35,-1,34,35,36,-1,37,38,39,-1,39,38,40,-1,39,40,32,-1,32,40,41,-1,32,41,33,-1,42,43,44,-1,44,43,45,-1,44,45,46,-1,46,45,47,-1,47,45,48,-1,47,48,49,-1,50,51,52,-1,52,51,53,-1,52,53,54,-1,54,53,49,-1,54,49,55,-1,55,49,48,-1,38,50,40,-1,40,50,52,-1,40,52,41,-1,41,52,54,-1,41,54,33,-1,33,54,55,-1,33,55,31,-1,31,55,48,-1,56,57,58,-1,56,58,59,-1,60,61,62,-1,62,61,63,-1,62,63,64,-1,64,63,65,-1,64,65,66,-1,66,65,67,-1,67,68,66,-1,66,68,59,-1,66,59,69,-1,69,59,58,-1,70,71,72,-1,73,74,75,-1,75,74,76,-1,75,76,77,-1,77,76,78,-1,77,78,72,-1,72,78,79,-1,72,79,70,-1,70,79,80,-1,70,80,81,-1,81,80,82,-1,81,82,83,-1,61,73,63,-1,63,73,75,-1,63,75,65,-1,65,75,77,-1,65,77,67,-1,67,77,72,-1,67,72,68,-1,68,72,71,-1,84,85,86,-1,84,86,87,-1,88,89,90,-1,90,89,91,-1,90,91,92,-1,92,91,93,-1,92,93,94,-1,94,93,95,-1,95,96,94,-1,94,96,87,-1,94,87,97,-1,97,87,86,-1,98,99,100,-1,101,102,103,-1,103,102,104,-1,103,104,105,-1,105,104,106,-1,105,106,100,-1,100,106,107,-1,100,107,98,-1,98,107,108,-1,98,108,109,-1,109,108,110,-1,109,110,111,-1,89,101,91,-1,91,101,103,-1,91,103,93,-1,93,103,105,-1,93,105,95,-1,95,105,100,-1,95,100,96,-1,96,100,99,-1,
        ]
    }
}
Shape{
    appearance Appearance {
        material  Material {
            diffuseColor 1.0 1.0 1.0
            specularColor 0.5019607843137255 0.5019607843137255 0.5019607843137255
            ambientIntensity 1.0
            transparency 0.0
            shininess 0.5
        }
    }
    geometry IndexedFaceSet {
        ccw TRUE
        solid FALSE
        coord DEF co Coordinate {
            point [
                1.7982 1.727 2.5197, 1.7982 1.727 2.5984, 1.7982 1.6293 2.5197, 1.7982 1.6293 2.5984, -1.7982 -1.727 2.5197, -1.7982 -1.727 2.5984, -1.7982 -1.6279 2.5197, -1.7982 -1.6279 2.5984, 1.5748 0.0 2.5984, 1.7982 -1.5693 2.5984, 1.5533 -0.2592 2.5984, 1.4895 -0.5113 2.5984, 0.8613 -1.3184 2.5984, 0.6326 -1.4422 2.5984, 1.7982 -1.727 2.5984, -0.3866 -1.5266 2.5984, -0.6326 -1.4422 2.5984, 0.3866 1.5266 2.5984, 0.6326 1.4422 2.5984, 1.385 -0.7495 2.5984, 1.2427 -0.9673 2.5984, 1.0666 -1.1586 2.5984, -0.8613 -1.3184 2.5984, -1.0666 -1.1586 2.5984, -1.2427 -0.9673 2.5984, -1.385 -0.7495 2.5984, -1.4895 -0.5113 2.5984, -0.8613 1.3184 2.5984, -0.6326 1.4422 2.5984, -1.7982 1.727 2.5984, -1.5533 -0.2592 2.5984, -1.5748 0.0 2.5984, -1.7982 1.6124 2.5984, -1.5533 0.2592 2.5984, -1.4895 0.5113 2.5984, -1.385 0.7495 2.5984, -1.2427 0.9673 2.5984, -1.0666 1.1586 2.5984, 0.8613 1.3184 2.5984, 1.0666 1.1586 2.5984, 1.2427 0.9673 2.5984, 1.385 0.7495 2.5984, 0.3866 -1.5266 2.5984, 0.13 -1.5694 2.5984, -0.13 -1.5694 2.5984, 1.4895 0.5113 2.5984, 1.5533 0.2592 2.5984, -0.3866 1.5266 2.5984, -0.13 1.5694 2.5984, 0.13 1.5694 2.5984, -1.7982 1.6124 2.5197, -1.7982 1.727 2.5197, 1.7982 -1.5693 2.5197, 1.7982 -1.727 2.5197, -1.8389 1.6124 2.5931, -1.8389 -1.6279 2.5931, -1.8769 1.6124 2.5773, -1.8769 -1.6279 2.5773, -1.9095 1.6124 2.5523, -1.9095 -1.6279 2.5523, -1.9346 1.6124 2.5197, -1.9346 -1.6279 2.5197, -1.9503 1.6124 2.4817, -1.9503 -1.6279 2.4817, -1.9557 1.6124 2.4409, -1.9557 -1.6279 2.4409, -1.8769 1.6124 2.4409, -1.8769 1.6124 2.1674, -1.9557 1.6124 2.1674, -1.9557 -1.6279 2.1674, -1.8769 -1.6279 2.4409, -1.8769 -1.6279 2.1674, -1.9557 -1.2342 1.7737, -1.9557 1.2187 1.7737, -1.9557 -1.5889 1.9966, -1.9557 -1.618 2.0798, -1.9557 -1.405 1.8127, -1.9557 -1.4796 1.8596, -1.9557 -1.542 1.922, -1.9557 -1.3218 1.7836, -1.9557 1.6025 2.0798, -1.9557 1.3063 1.7836, -1.9557 1.5734 1.9966, -1.9557 1.5265 1.922, -1.9557 1.4641 1.8596, -1.9557 1.3895 1.8127, -1.8769 1.2187 1.7737, -1.8769 -1.2342 1.7737, -1.8769 -1.618 2.0798, -1.8769 -1.5889 1.9966, -1.8769 -1.542 1.922, -1.8769 -1.4796 1.8596, -1.8769 -1.405 1.8127, -1.8769 -1.3218 1.7836, -1.8769 1.5265 1.922, -1.8769 1.3063 1.7836, -1.8769 1.4641 1.8596, -1.8769 1.3895 1.8127, -1.8769 1.5734 1.9966, -1.8769 1.6025 2.0798, 1.8389 -1.5693 2.5931, 1.8389 1.6293 2.5931, 1.8769 -1.5693 2.5773, 1.8769 1.6293 2.5773, 1.9095 -1.5693 2.5523, 1.9095 1.6293 2.5523, 1.9346 -1.5693 2.5197, 1.9346 1.6293 2.5197, 1.9503 -1.5693 2.4817, 1.9503 1.6293 2.4817, 1.9557 -1.5693 2.4409, 1.9557 1.6293 2.4409, 1.9557 1.6293 2.3236, 1.8769 1.6293 2.4409, 1.8769 1.6293 2.3236, 1.8769 -1.5693 2.4409, 1.8769 -1.5693 2.3236, 1.9557 -1.5693 2.3236, 1.9557 -1.5559 2.2217, 1.9557 -1.5166 2.1267, 1.9557 -1.454 2.0452, 1.9557 1.6159 2.2217, 1.9557 1.2356 1.9299, 1.9557 -1.1756 1.9299, 1.9557 -1.2775 1.9433, 1.9557 1.3375 1.9433, 1.9557 1.4324 1.9826, 1.9557 -1.3725 1.9826, 1.9557 1.514 2.0452, 1.9557 1.5765 2.1267, 1.8769 1.5765 2.1267, 1.8769 1.2356 1.9299, 1.8769 1.6159 2.2217, 1.8769 -1.2775 1.9433, 1.8769 -1.3725 1.9826, 1.8769 1.514 2.0452, 1.8769 1.4324 1.9826, 1.8769 1.3375 1.9433, 1.8769 -1.1756 1.9299, 1.8769 -1.454 2.0452, 1.8769 -1.5166 2.1267, 1.8769 -1.5559 2.2217, 1.7982 1.7678 2.5931, -1.7982 1.7678 2.5931, 1.7982 1.8057 2.5773, -1.7982 1.8057 2.5773, 1.7982 1.8384 2.5523, -1.7982 1.8384 2.5523, 1.7982 1.8634 2.5197, -1.7982 1.8634 2.5197, 1.7982 1.8791 2.4817, -1.7982 1.8791 2.4817, 1.7982 1.8845 2.4409, -1.7982 1.8845 2.4409, -1.7982 1.8845 1.4714, -1.7982 1.8057 2.4409, -1.7982 1.8057 1.4714, 1.7982 1.8057 2.4409, 1.7982 1.8057 1.4714, 1.7982 1.8845 1.4714, 1.7915 1.8057 1.4205, 1.7915 1.8845 1.4205, 1.7718 1.8057 1.373, 1.7718 1.8845 1.373, 1.7405 1.8057 1.3323, 1.7405 1.8845 1.3323, 1.6997 1.8057 1.301, 1.6997 1.8845 1.301, 1.6523 1.8057 1.2813, 1.6523 1.8845 1.2813, 1.6013 1.8057 1.2746, 1.6013 1.8845 1.2746, 1.0899 1.8845 1.2746, 1.0899 1.8057 1.2746, 1.039 1.8845 1.2679, 1.039 1.8057 1.2679, 0.9915 1.8845 1.2482, 0.9915 1.8057 1.2482, 0.9507 1.8845 1.2169, 0.9507 1.8057 1.2169, 0.9194 1.8845 1.1762, 0.9194 1.8057 1.1762, 0.8998 1.8845 1.1287, 0.8998 1.8057 1.1287, 0.8931 1.8845 1.0777, 0.8931 1.8057 1.0777, 0.8931 1.8845 0.9885, 0.8931 1.8057 0.9885, 1.6013 1.8845 0.7916, 1.6013 1.8057 0.7916, 1.6523 1.8057 0.7849, 1.6523 1.8845 0.7849, 1.6997 1.8057 0.7652, 1.6997 1.8845 0.7652, 1.7405 1.8057 0.734, 1.7405 1.8845 0.734, 1.7718 1.8057 0.6932, 1.7718 1.8845 0.6932, 1.7915 1.8057 0.6457, 1.7915 1.8845 0.6457, 1.7982 1.8057 0.5948, 1.7982 1.8845 0.5948, 1.7982 1.8845 0.4897, 1.7982 1.8057 0.4897, 1.7915 1.8057 0.4388, 1.7915 1.8845 0.4388, 1.7718 1.8057 0.3913, 1.7718 1.8845 0.3913, 1.7405 1.8057 0.3505, 1.7405 1.8845 0.3505, 1.6997 1.8057 0.3192, 1.6997 1.8845 0.3192, 1.6523 1.8057 0.2996, 1.6523 1.8845 0.2996, 1.6013 1.8057 0.2929, 1.6013 1.8845 0.2929, -1.6013 1.8057 0.2929, -1.6013 1.8845 0.2929, 0.1575 1.8057 0.2929, 0.1575 1.8845 0.2929, -1.6523 1.8057 0.2996, -1.6523 1.8845 0.2996, -1.6997 1.8057 0.3192, -1.6997 1.8845 0.3192, -1.7405 1.8057 0.3505, -1.7405 1.8845 0.3505, -1.7718 1.8057 0.3913, -1.7718 1.8845 0.3913, -1.7915 1.8057 0.4388, -1.7915 1.8845 0.4388, -1.7982 1.8057 0.4897, -1.7982 1.8845 0.4897, -1.7982 1.8845 0.5948, -1.7982 1.8057 0.5948, -1.7915 1.8057 0.6457, -1.7915 1.8845 0.6457, -1.7718 1.8057 0.6932, -1.7718 1.8845 0.6932, -1.7405 1.8057 0.734, -1.7405 1.8845 0.734, -1.6997 1.8057 0.7652, -1.6997 1.8845 0.7652, -1.6523 1.8057 0.7849, -1.6523 1.8845 0.7849, -1.6013 1.8057 0.7916, -1.6013 1.8845 0.7916, -0.8931 1.8845 1.0777, -0.8931 1.8845 0.9885, -0.8931 1.8057 1.0777, -0.8931 1.8057 0.9885, -0.8998 1.8845 1.1287, -0.8998 1.8057 1.1287, -0.9194 1.8845 1.1762, -0.9194 1.8057 1.1762, -0.9507 1.8845 1.2169, -0.9507 1.8057 1.2169, -0.9915 1.8845 1.2482, -0.9915 1.8057 1.2482, -1.039 1.8845 1.2679, -1.039 1.8057 1.2679, -1.0899 1.8845 1.2746, -1.0899 1.8057 1.2746, -1.6013 1.8845 1.2746, -1.6013 1.8057 1.2746, -1.6523 1.8057 1.2813, -1.6523 1.8845 1.2813, -1.6997 1.8057 1.301, -1.6997 1.8845 1.301, -1.7405 1.8057 1.3323, -1.7405 1.8845 1.3323, -1.7718 1.8057 1.373, -1.7718 1.8845 1.373, -1.7915 1.8057 1.4205, -1.7915 1.8845 1.4205, -1.7982 -1.7678 2.5931, 1.7982 -1.7678 2.5931, -1.7982 -1.8057 2.5773, 1.7982 -1.8057 2.5773, -1.7982 -1.8384 2.5523, 1.7982 -1.8384 2.5523, -1.7982 -1.8634 2.5197, 1.7982 -1.8634 2.5197, -1.7982 -1.8791 2.4817, 1.7982 -1.8791 2.4817, -1.7982 -1.8845 2.4409, 1.7982 -1.8845 2.4409, 1.7982 -1.8845 1.4005, 1.7982 -1.8057 2.4409, 1.7982 -1.8057 1.4005, -1.7982 -1.8057 2.4409, -1.7982 -1.8057 1.4005, -1.7982 -1.8845 1.4005, -0.6292 -1.8845 0.1969, -0.1558 -1.8845 0.1969, -0.6292 -1.8845 0.2622, -0.1558 -1.8845 0.2622, -0.9977 -1.8845 0.8236, -1.0289 -1.8845 0.7924, -1.0662 -1.8845 1.1842, -1.0289 -1.8845 1.1607, -0.9977 -1.8845 1.1295, -0.9743 -1.8845 1.0922, -0.9597 -1.8845 1.0506, -0.9548 -1.8845 1.0068, -1.0662 -1.8845 0.7689, -1.1078 -1.8845 0.7544, -1.1516 -1.8845 0.7494, 1.0532 -1.8845 1.1773, 1.0124 -1.8845 1.146, 0.9812 -1.8845 1.1052, -0.9548 -1.8845 0.9463, -0.9597 -1.8845 0.9025, -0.9743 -1.8845 0.8609, -1.1078 -1.8845 1.1987, -1.1516 -1.8845 1.2037, -1.6013 -1.8845 1.2037, -1.7932 -1.8845 1.3567, -1.7787 -1.8845 1.3151, 1.0289 -1.8845 0.7924, 1.0662 -1.8845 0.7689, 1.1078 -1.8845 0.7544, 1.1007 -1.8845 1.197, 1.1516 -1.8845 1.2037, 1.6013 -1.8845 1.2037, 1.6451 -1.8845 1.2086, -1.7552 -1.8845 1.2778, -1.7241 -1.8845 1.2466, 0.9548 -1.8845 0.9463, 0.9548 -1.8845 1.0068, 0.9615 -1.8845 1.0578, -1.6867 -1.8845 1.2232, -1.6451 -1.8845 1.2086, -1.7787 -1.8845 0.638, -1.6013 -1.8845 0.7494, -1.6451 -1.8845 0.7445, -1.7932 -1.8845 0.5964, -1.7982 -1.8845 0.5526, 1.6013 -1.8845 0.7494, 1.1516 -1.8845 0.7494, 1.7982 -1.8845 0.5526, 1.7982 -1.8845 0.4591, 0.9977 -1.8845 0.8236, 0.9743 -1.8845 0.8609, 0.9597 -1.8845 0.9025, 1.7241 -1.8845 1.2466, 1.7552 -1.8845 1.2778, 1.7787 -1.8845 1.3151, -1.7982 -1.8845 0.4591, -1.6013 -1.8845 0.2622, -1.7932 -1.8845 0.4152, -1.7787 -1.8845 0.3736, 1.6867 -1.8845 1.2232, 1.7932 -1.8845 1.3567, -1.6867 -1.8845 0.73, -1.7241 -1.8845 0.7065, -1.7552 -1.8845 0.6753, -1.7552 -1.8845 0.3363, -1.7241 -1.8845 0.3051, 1.6013 -1.8845 0.2622, 1.6451 -1.8845 0.2671, 1.6867 -1.8845 0.2817, 1.7241 -1.8845 0.3051, 1.7552 -1.8845 0.3363, 1.7787 -1.8845 0.3736, 1.7932 -1.8845 0.4152, -1.6867 -1.8845 0.2817, -1.6451 -1.8845 0.2671, 1.7932 -1.8845 0.5964, 1.7787 -1.8845 0.638, 1.7552 -1.8845 0.6753, 1.7241 -1.8845 0.7065, 1.6867 -1.8845 0.73, 1.6451 -1.8845 0.7445, -1.7932 -1.8057 1.3567, -1.6013 -1.8057 1.2037, 1.0532 -1.8057 1.1773, 1.1007 -1.8057 1.197, 1.0124 -1.8057 1.146, 0.9812 -1.8057 1.1052, 0.9615 -1.8057 1.0578, -1.6013 -1.8057 0.7494, -1.1516 -1.8057 0.7494, -0.6292 -1.8057 0.2622, -1.1078 -1.8057 0.7544, -1.0662 -1.8057 0.7689, -1.0289 -1.8057 0.7924, -0.1558 -1.8057 0.2622, -0.6292 -1.8057 0.1969, -0.1558 -1.8057 0.1969, -1.0662 -1.8057 1.1842, -1.1078 -1.8057 1.1987, -1.6451 -1.8057 0.7445, -1.7787 -1.8057 0.638, 1.6867 -1.8057 1.2232, 1.6451 -1.8057 1.2086, 1.6013 -1.8057 1.2037, 1.1516 -1.8057 1.2037, 1.0662 -1.8057 0.7689, 1.1078 -1.8057 0.7544, 1.7787 -1.8057 1.3151, 1.7552 -1.8057 1.2778, 1.7241 -1.8057 1.2466, -1.1516 -1.8057 1.2037, -0.9743 -1.8057 1.0922, -0.9977 -1.8057 1.1295, -1.0289 -1.8057 1.1607, 1.6013 -1.8057 0.2622, 1.1516 -1.8057 0.7494, 1.6451 -1.8057 0.2671, -1.7241 -1.8057 1.2466, -1.7552 -1.8057 1.2778, -1.7787 -1.8057 1.3151, -1.7787 -1.8057 0.3736, -1.6013 -1.8057 0.2622, -1.6451 -1.8057 0.2671, -1.7932 -1.8057 0.4152, -1.7982 -1.8057 0.4591, -1.7982 -1.8057 0.5526, -1.7932 -1.8057 0.5964, 1.7932 -1.8057 1.3567, 0.9743 -1.8057 0.8609, 0.9977 -1.8057 0.8236, -0.9597 -1.8057 0.9025, -1.7552 -1.8057 0.6753, -1.7241 -1.8057 0.7065, -1.6867 -1.8057 0.73, -0.9597 -1.8057 1.0506, 0.9548 -1.8057 1.0068, -0.9548 -1.8057 1.0068, -0.9977 -1.8057 0.8236, -0.9743 -1.8057 0.8609, 1.0289 -1.8057 0.7924, 1.7982 -1.8057 0.4591, 1.7982 -1.8057 0.5526, 1.6013 -1.8057 0.7494, 1.7932 -1.8057 0.5964, -1.6867 -1.8057 1.2232, -1.6867 -1.8057 0.2817, -1.7241 -1.8057 0.3051, -1.7552 -1.8057 0.3363, 1.7241 -1.8057 0.7065, 1.7552 -1.8057 0.6753, 1.7787 -1.8057 0.638, 1.7932 -1.8057 0.4152, 1.7787 -1.8057 0.3736, 1.7552 -1.8057 0.3363, -1.6451 -1.8057 1.2086, 1.7241 -1.8057 0.3051, 1.6867 -1.8057 0.2817, -0.9548 -1.8057 0.9463, 0.9548 -1.8057 0.9463, 0.9597 -1.8057 0.9025, 1.6867 -1.8057 0.73, 1.6451 -1.8057 0.7445, 0.9597 -1.8845 1.0506, 0.9597 -1.8057 1.0506, 0.9743 -1.8845 1.0922, 0.9743 -1.8057 1.0922, 0.9977 -1.8845 1.1295, 0.9977 -1.8057 1.1295, 1.0289 -1.8845 1.1607, 1.0289 -1.8057 1.1607, 1.0662 -1.8845 1.1842, 1.0662 -1.8057 1.1842, 1.1078 -1.8845 1.1987, 1.1078 -1.8057 1.1987
            ]
        }
        coordIndex [
            0,1,2,-1,2,1,3,-1,4,5,6,-1,6,5,7,-1,3,8,9,-1,9,8,10,-1,9,10,11,-1,12,13,14,-1,15,16,5,-1,17,18,1,-1,11,19,9,-1,9,19,20,-1,9,20,14,-1,14,20,21,-1,14,21,12,-1,16,22,5,-1,5,22,23,-1,5,23,7,-1,23,24,7,-1,7,24,25,-1,7,25,26,-1,27,28,29,-1,26,30,7,-1,7,30,31,-1,7,31,32,-1,32,31,33,-1,32,33,34,-1,34,35,32,-1,32,35,36,-1,32,36,29,-1,29,36,37,-1,29,37,27,-1,18,38,1,-1,1,38,39,-1,1,39,3,-1,3,39,40,-1,3,40,41,-1,13,42,14,-1,14,42,43,-1,14,43,5,-1,5,43,44,-1,5,44,15,-1,41,45,3,-1,3,45,46,-1,3,46,8,-1,28,47,29,-1,29,47,48,-1,29,48,1,-1,1,48,49,-1,1,49,17,-1,32,29,50,-1,50,29,51,-1,9,14,52,-1,52,14,53,-1,7,32,54,-1,7,54,55,-1,55,54,56,-1,55,56,57,-1,57,56,58,-1,57,58,59,-1,59,58,60,-1,59,60,61,-1,61,60,62,-1,61,62,63,-1,63,62,64,-1,63,64,65,-1,66,67,64,-1,64,67,68,-1,65,69,70,-1,70,69,71,-1,72,65,73,-1,73,65,64,-1,74,75,72,-1,72,75,69,-1,72,69,65,-1,76,77,78,-1,74,72,78,-1,78,72,79,-1,78,79,76,-1,64,68,73,-1,73,68,80,-1,73,80,81,-1,81,80,82,-1,82,83,81,-1,81,83,84,-1,81,84,85,-1,86,66,87,-1,87,66,70,-1,87,70,71,-1,71,88,87,-1,87,88,89,-1,87,89,90,-1,91,92,90,-1,90,92,93,-1,90,93,87,-1,94,95,96,-1,96,95,97,-1,94,98,95,-1,95,98,99,-1,95,99,86,-1,86,99,67,-1,86,67,66,-1,68,67,99,-1,68,99,80,-1,80,99,98,-1,80,98,82,-1,82,98,94,-1,82,94,83,-1,83,94,96,-1,83,96,84,-1,84,96,97,-1,84,97,85,-1,85,97,95,-1,85,95,81,-1,81,95,86,-1,81,86,73,-1,72,73,87,-1,87,73,86,-1,72,87,93,-1,72,93,79,-1,79,93,92,-1,79,92,76,-1,76,92,91,-1,76,91,77,-1,77,91,90,-1,77,90,78,-1,78,90,89,-1,78,89,74,-1,74,89,88,-1,74,88,75,-1,75,88,71,-1,75,71,69,-1,3,9,100,-1,3,100,101,-1,101,100,102,-1,101,102,103,-1,103,102,104,-1,103,104,105,-1,105,104,106,-1,105,106,107,-1,107,106,108,-1,107,108,109,-1,109,108,110,-1,109,110,111,-1,111,112,113,-1,113,112,114,-1,115,116,110,-1,110,116,117,-1,111,110,117,-1,118,119,120,-1,121,112,122,-1,122,112,111,-1,122,111,123,-1,123,111,117,-1,123,117,124,-1,122,125,126,-1,118,120,117,-1,117,120,127,-1,117,127,124,-1,126,128,122,-1,122,128,129,-1,122,129,121,-1,115,113,116,-1,116,113,114,-1,130,131,132,-1,132,131,114,-1,133,134,116,-1,135,136,130,-1,130,136,137,-1,130,137,131,-1,114,131,116,-1,116,131,138,-1,116,138,133,-1,134,139,116,-1,116,139,140,-1,116,140,141,-1,117,116,141,-1,117,141,118,-1,118,141,140,-1,118,140,119,-1,119,140,139,-1,119,139,120,-1,120,139,134,-1,120,134,127,-1,127,134,133,-1,127,133,124,-1,124,133,138,-1,124,138,123,-1,122,123,131,-1,131,123,138,-1,122,131,137,-1,122,137,125,-1,125,137,136,-1,125,136,126,-1,126,136,135,-1,126,135,128,-1,128,135,130,-1,128,130,129,-1,129,130,132,-1,129,132,121,-1,121,132,114,-1,121,114,112,-1,29,1,142,-1,29,142,143,-1,143,142,144,-1,143,144,145,-1,145,144,146,-1,145,146,147,-1,147,146,148,-1,147,148,149,-1,149,148,150,-1,149,150,151,-1,151,150,152,-1,151,152,153,-1,153,154,155,-1,155,154,156,-1,157,158,152,-1,152,158,159,-1,159,158,160,-1,159,160,161,-1,161,160,162,-1,161,162,163,-1,163,162,164,-1,163,164,165,-1,165,164,166,-1,165,166,167,-1,167,166,168,-1,167,168,169,-1,169,168,170,-1,169,170,171,-1,172,171,173,-1,173,171,170,-1,172,173,174,-1,174,173,175,-1,174,175,176,-1,176,175,177,-1,176,177,178,-1,178,177,179,-1,178,179,180,-1,180,179,181,-1,180,181,182,-1,182,181,183,-1,182,183,184,-1,184,183,185,-1,186,184,187,-1,187,184,185,-1,188,189,190,-1,188,190,191,-1,191,190,192,-1,191,192,193,-1,193,192,194,-1,193,194,195,-1,195,194,196,-1,195,196,197,-1,197,196,198,-1,197,198,199,-1,199,198,200,-1,199,200,201,-1,202,201,203,-1,203,201,200,-1,202,203,204,-1,202,204,205,-1,205,204,206,-1,205,206,207,-1,207,206,208,-1,207,208,209,-1,209,208,210,-1,209,210,211,-1,211,210,212,-1,211,212,213,-1,213,212,214,-1,213,214,215,-1,216,217,218,-1,218,217,219,-1,217,216,220,-1,217,220,221,-1,221,220,222,-1,221,222,223,-1,223,222,224,-1,223,224,225,-1,225,224,226,-1,225,226,227,-1,227,226,228,-1,227,228,229,-1,229,228,230,-1,229,230,231,-1,232,231,233,-1,233,231,230,-1,232,233,234,-1,232,234,235,-1,235,234,236,-1,235,236,237,-1,237,236,238,-1,237,238,239,-1,239,238,240,-1,239,240,241,-1,241,240,242,-1,241,242,243,-1,243,242,244,-1,243,244,245,-1,246,247,248,-1,248,247,249,-1,246,248,250,-1,250,248,251,-1,250,251,252,-1,252,251,253,-1,252,253,254,-1,254,253,255,-1,254,255,256,-1,256,255,257,-1,256,257,258,-1,258,257,259,-1,258,259,260,-1,260,259,261,-1,262,260,263,-1,263,260,261,-1,262,263,264,-1,262,264,265,-1,265,264,266,-1,265,266,267,-1,267,266,268,-1,267,268,269,-1,269,268,270,-1,269,270,271,-1,271,270,272,-1,271,272,273,-1,273,272,156,-1,273,156,154,-1,14,5,274,-1,14,274,275,-1,275,274,276,-1,275,276,277,-1,277,276,278,-1,277,278,279,-1,279,278,280,-1,279,280,281,-1,281,280,282,-1,281,282,283,-1,283,282,284,-1,283,284,285,-1,285,286,287,-1,287,286,288,-1,289,290,284,-1,284,290,291,-1,292,293,294,-1,294,293,295,-1,296,297,294,-1,298,299,285,-1,285,299,300,-1,300,301,285,-1,285,301,302,-1,285,302,303,-1,297,304,294,-1,294,304,305,-1,294,305,306,-1,307,285,308,-1,308,285,294,-1,308,294,309,-1,303,310,285,-1,285,310,311,-1,285,311,294,-1,294,311,312,-1,294,312,296,-1,298,285,313,-1,313,285,284,-1,313,284,314,-1,314,284,291,-1,314,291,315,-1,315,291,316,-1,315,316,317,-1,318,295,319,-1,319,295,320,-1,307,321,285,-1,285,321,322,-1,285,322,286,-1,286,322,323,-1,286,323,324,-1,317,325,326,-1,327,328,294,-1,294,328,329,-1,294,329,309,-1,326,330,317,-1,317,330,331,-1,317,331,315,-1,332,333,334,-1,332,335,333,-1,333,335,336,-1,333,336,306,-1,337,338,339,-1,339,338,340,-1,318,341,295,-1,295,341,342,-1,295,342,294,-1,294,342,343,-1,294,343,327,-1,344,345,346,-1,306,336,294,-1,294,336,347,-1,294,347,348,-1,348,347,349,-1,348,349,350,-1,324,351,286,-1,286,351,344,-1,286,344,352,-1,352,344,346,-1,334,353,332,-1,332,353,354,-1,332,354,355,-1,350,356,357,-1,320,295,338,-1,338,295,358,-1,338,358,359,-1,359,360,338,-1,338,360,361,-1,338,361,362,-1,362,363,338,-1,338,363,364,-1,338,364,340,-1,357,365,350,-1,350,365,366,-1,350,366,348,-1,339,367,337,-1,337,367,368,-1,337,368,369,-1,369,370,337,-1,337,370,371,-1,337,371,372,-1,373,290,374,-1,375,289,376,-1,376,289,287,-1,375,377,289,-1,289,377,378,-1,289,378,290,-1,290,378,379,-1,380,381,382,-1,382,381,383,-1,382,383,384,-1,384,385,382,-1,382,385,386,-1,382,386,387,-1,387,386,388,-1,389,390,379,-1,391,380,392,-1,393,394,288,-1,288,394,395,-1,288,395,287,-1,287,395,396,-1,287,396,376,-1,386,397,398,-1,399,400,401,-1,379,390,290,-1,290,390,402,-1,290,402,374,-1,403,404,379,-1,379,404,405,-1,379,405,389,-1,386,398,406,-1,406,398,407,-1,406,407,408,-1,409,410,411,-1,412,413,414,-1,412,415,413,-1,413,415,416,-1,413,416,382,-1,382,416,417,-1,382,417,380,-1,380,417,418,-1,380,418,392,-1,393,288,401,-1,401,288,419,-1,401,419,399,-1,420,421,422,-1,423,424,392,-1,392,424,425,-1,392,425,391,-1,403,379,426,-1,426,379,427,-1,426,427,428,-1,385,429,386,-1,386,429,430,-1,386,430,397,-1,397,430,422,-1,397,422,431,-1,431,422,421,-1,432,407,433,-1,433,407,434,-1,433,434,435,-1,409,411,436,-1,414,437,412,-1,412,437,438,-1,412,438,439,-1,440,441,442,-1,432,443,407,-1,407,443,444,-1,407,444,445,-1,373,374,411,-1,411,374,446,-1,411,446,436,-1,445,447,407,-1,407,447,448,-1,407,448,408,-1,428,427,449,-1,449,427,450,-1,449,450,422,-1,422,450,451,-1,422,451,420,-1,440,442,452,-1,435,434,442,-1,442,434,453,-1,442,453,452,-1,291,290,373,-1,291,373,316,-1,316,373,411,-1,316,411,317,-1,317,411,410,-1,317,410,325,-1,325,410,409,-1,325,409,326,-1,326,409,436,-1,326,436,330,-1,330,436,446,-1,330,446,331,-1,331,446,374,-1,331,374,315,-1,314,315,402,-1,402,315,374,-1,314,402,313,-1,313,402,390,-1,313,390,298,-1,298,390,389,-1,298,389,299,-1,299,389,405,-1,299,405,300,-1,300,405,404,-1,300,404,301,-1,301,404,403,-1,301,403,302,-1,302,403,426,-1,302,426,303,-1,303,426,428,-1,310,303,449,-1,449,303,428,-1,310,449,311,-1,311,449,422,-1,311,422,312,-1,312,422,430,-1,312,430,296,-1,296,430,429,-1,296,429,297,-1,297,429,385,-1,297,385,304,-1,304,385,384,-1,304,384,305,-1,305,384,383,-1,305,383,306,-1,306,383,381,-1,333,380,391,-1,333,391,334,-1,334,391,425,-1,334,425,353,-1,353,425,424,-1,353,424,354,-1,354,424,423,-1,354,423,355,-1,355,423,392,-1,355,392,332,-1,332,392,418,-1,332,418,335,-1,335,418,417,-1,335,417,336,-1,347,336,416,-1,416,336,417,-1,347,416,415,-1,347,415,349,-1,349,415,412,-1,349,412,350,-1,350,412,439,-1,350,439,356,-1,356,439,438,-1,356,438,357,-1,357,438,437,-1,357,437,365,-1,365,437,414,-1,365,414,366,-1,366,414,413,-1,366,413,348,-1,348,413,294,-1,294,413,382,-1,406,358,386,-1,386,358,295,-1,358,406,408,-1,358,408,359,-1,359,408,448,-1,359,448,360,-1,360,448,447,-1,360,447,361,-1,361,447,445,-1,361,445,362,-1,362,445,444,-1,362,444,363,-1,363,444,443,-1,363,443,364,-1,364,443,432,-1,364,432,340,-1,339,340,433,-1,433,340,432,-1,339,433,435,-1,339,435,367,-1,367,435,442,-1,367,442,368,-1,368,442,441,-1,368,441,369,-1,369,441,440,-1,369,440,370,-1,370,440,452,-1,370,452,371,-1,371,452,453,-1,371,453,372,-1,372,453,434,-1,372,434,337,-1,338,407,320,-1,320,407,398,-1,320,398,319,-1,319,398,397,-1,319,397,318,-1,318,397,431,-1,318,431,341,-1,341,431,421,-1,341,421,342,-1,342,421,420,-1,342,420,343,-1,343,420,451,-1,343,451,327,-1,327,451,450,-1,328,327,427,-1,427,327,450,-1,328,427,454,-1,454,427,455,-1,454,455,456,-1,456,455,457,-1,456,457,458,-1,458,457,459,-1,458,459,460,-1,460,459,461,-1,460,461,462,-1,462,461,463,-1,462,463,464,-1,464,463,465,-1,464,465,322,-1,322,465,396,-1,323,322,395,-1,395,322,396,-1,323,395,394,-1,323,394,324,-1,324,394,393,-1,324,393,351,-1,351,393,401,-1,351,401,344,-1,344,401,400,-1,344,400,345,-1,345,400,399,-1,345,399,346,-1,346,399,419,-1,346,419,352,-1,352,419,288,-1,352,288,286,-1,
        ]
    }
}
Shape{
    appearance Appearance {
        material  Material {
            diffuseColor 0.3333333333333333 0.3333333333333333 0.3333333333333333
            specularColor 0.16862745098039217 0.16862745098039217 0.16862745098039217
            ambientIntensity 0.3333
            transparency 0.0
            shininess 0.5
        }
    }
    geometry IndexedFaceSet {
        ccw TRUE
        solid FALSE
        coord DEF co Coordinate {
            point [
                -1.6013 -1.8898 1.0303, -1.6013 -1.8898 0.7494, -1.1516 -1.8898 1.0303, -1.1516 -1.8898 0.7494, -1.1516 -1.8504 1.0697, -1.1516 -1.7717 1.0697, -1.6013 -1.8504 1.0697, -1.6013 -1.7717 1.0697, -1.1516 -1.7717 0.7494, -1.1516 -1.8057 0.7494, -1.1516 -1.8845 0.7494, -1.6013 -1.8845 0.7494, -1.6013 -1.7717 0.7494, -1.6013 -1.8057 0.7494, 1.8504 -1.5693 2.5197, 1.7982 -1.5693 2.5197, 1.8504 -1.7717 2.5197, 1.7982 -1.727 2.5197, 1.7982 -1.7717 2.5197, 1.7982 1.6293 2.5197, 1.8504 1.6293 2.5197, 1.7982 1.727 2.5197, 1.8504 1.7717 2.5197, 1.7982 1.7717 2.5197, -1.8504 1.6124 2.5197, -1.7982 1.6124 2.5197, -1.8504 1.7717 2.5197, -1.7982 1.727 2.5197, -1.7982 1.7717 2.5197, 1.8504 1.6293 2.4999, 1.8504 -1.5693 2.4999, 1.8504 0.4921 0.384, 1.8504 1.3189 0.384, 1.8504 -1.3189 0.384, 1.8504 -1.7717 0.0, 1.8504 -1.3189 0.3053, 1.8504 -1.6535 0.0, 1.8504 -0.4921 0.3053, 1.8504 -0.0492 0.0, 1.8504 -0.4921 0.384, 1.8504 0.4921 0.3053, 1.8504 1.3189 0.3053, 1.8504 1.6739 0.0, 1.8504 1.7137 0.0, 1.8504 1.7717 0.0, -1.7982 -1.6279 2.5197, -1.8504 -1.6279 2.5197, -1.7982 -1.727 2.5197, -1.8504 -1.7717 2.5197, -1.7982 -1.7717 2.5197, 1.1516 -1.8057 0.7494, 1.1516 -1.7717 0.7494, 1.6013 -1.8057 0.7494, 1.6013 -1.7717 0.7494, 1.6013 -1.8898 0.7494, 1.1516 -1.8898 0.7494, 1.6013 -1.8845 0.7494, 1.1516 -1.8845 0.7494, 1.6013 -1.7717 1.0697, 1.6013 -1.8504 1.0697, 1.6013 -1.8898 1.0303, 1.1516 -1.8504 1.0697, 1.1516 -1.7717 1.0697, 1.1516 -1.8898 1.0303, -1.0861 1.8057 0.7916, -1.0861 1.7717 0.7916, -1.6013 1.8057 0.7916, -1.6013 1.7717 0.7916, -1.6013 1.7717 1.1136, -1.6013 1.8504 1.1136, -1.6013 1.8845 0.7916, -1.6013 1.8898 1.0742, -1.6013 1.8898 0.7916, -1.0861 1.8504 1.1136, -1.0861 1.7717 1.1136, -1.0861 1.8845 0.7916, -1.0861 1.8898 0.7916, -1.0861 1.8898 1.0742, 1.6013 1.8057 0.7916, 1.6013 1.7717 0.7916, 1.0861 1.8057 0.7916, 1.0861 1.7717 0.7916, 1.0861 1.8898 0.7916, 1.6013 1.8898 0.7916, 1.0861 1.8845 0.7916, 1.6013 1.8845 0.7916, 1.0861 1.7717 1.1136, 1.0861 1.8504 1.1136, 1.0861 1.8898 1.0742, 1.6013 1.8504 1.1136, 1.6013 1.7717 1.1136, 1.6013 1.8898 1.0742
            ]
        }
        coordIndex [
            0,1,2,-1,2,1,3,-1,4,5,6,-1,6,5,7,-1,8,5,9,-1,9,5,4,-1,9,4,10,-1,10,4,2,-1,10,2,3,-1,11,1,0,-1,7,12,13,-1,11,0,13,-1,13,0,6,-1,13,6,7,-1,12,8,13,-1,13,8,9,-1,10,3,11,-1,11,3,1,-1,14,15,16,-1,16,15,17,-1,16,17,18,-1,19,20,21,-1,21,20,22,-1,21,22,23,-1,24,25,26,-1,26,25,27,-1,26,27,28,-1,22,20,29,-1,30,14,16,-1,31,32,29,-1,33,34,35,-1,35,34,36,-1,35,36,37,-1,37,36,38,-1,16,34,30,-1,30,34,33,-1,30,33,29,-1,29,33,39,-1,29,39,31,-1,31,39,37,-1,31,37,40,-1,40,37,38,-1,40,38,41,-1,41,38,42,-1,41,42,32,-1,32,42,43,-1,32,43,29,-1,29,43,44,-1,29,44,22,-1,45,46,47,-1,47,46,48,-1,47,48,49,-1,50,51,52,-1,52,51,53,-1,54,55,56,-1,56,55,57,-1,53,58,52,-1,52,58,59,-1,52,59,56,-1,56,59,60,-1,56,60,54,-1,59,58,61,-1,61,58,62,-1,57,55,63,-1,62,51,50,-1,57,63,50,-1,50,63,61,-1,50,61,62,-1,63,55,60,-1,60,55,54,-1,64,65,66,-1,66,65,67,-1,67,68,66,-1,66,68,69,-1,66,69,70,-1,70,69,71,-1,70,71,72,-1,69,68,73,-1,73,68,74,-1,75,76,77,-1,74,65,64,-1,75,77,64,-1,64,77,73,-1,64,73,74,-1,72,76,70,-1,70,76,75,-1,77,76,71,-1,71,76,72,-1,78,79,80,-1,80,79,81,-1,82,83,84,-1,84,83,85,-1,81,86,80,-1,80,86,87,-1,80,87,84,-1,84,87,88,-1,84,88,82,-1,87,86,89,-1,89,86,90,-1,85,83,91,-1,90,79,78,-1,85,91,78,-1,78,91,89,-1,78,89,90,-1,91,83,88,-1,88,83,82,-1,
        ]
    }
}
Shape{
    appearance Appearance {
        material  Material {
            diffuseColor 1.0 1.0 1.0
            specularColor 0.5019607843137255 0.5019607843137255 0.5019607843137255
            ambientIntensity 1.0
            transparency 0.0
            shininess 0.5
        }
    }
    geometry IndexedFaceSet {
        ccw TRUE
        solid FALSE
        coord DEF co Coordinate {
            point [
                -0.6292 -1.8057 0.1969, -0.1558 -1.8057 0.1969, -0.1558 -1.8124 0.1459, -0.6292 -1.8124 0.1459, -0.1558 -1.8321 0.0984, -0.6292 -1.8321 0.0984, -0.1558 -1.8634 0.0577, -0.6292 -1.8634 0.0577, -0.1558 -1.9042 0.0264, -0.6292 -1.9042 0.0264, -0.1558 -1.9516 0.0067, -0.6292 -1.9516 0.0067, -0.1558 -2.0026 0.0, -0.6292 -2.0026 0.0, -0.6292 -2.0026 0.0787, -0.1558 -2.0026 0.0787, -0.6292 -1.972 0.0828, -0.1558 -1.972 0.0828, -0.6292 -1.9435 0.0946, -0.1558 -1.9435 0.0946, -0.6292 -1.9191 0.1133, -0.1558 -1.9191 0.1133, -0.6292 -1.9003 0.1378, -0.1558 -1.9003 0.1378, -0.6292 -1.8885 0.1663, -0.1558 -1.8885 0.1663, -0.6292 -1.8845 0.1969, -0.1558 -1.8845 0.1969, -0.1558 -2.3372 0.0, -0.6292 -2.3372 0.0, -0.1558 -2.3372 0.0787, -0.6292 -2.3372 0.0787
            ]
        }
        coordIndex [
            0,1,2,-1,0,2,3,-1,3,2,4,-1,3,4,5,-1,5,4,6,-1,5,6,7,-1,7,6,8,-1,7,8,9,-1,9,8,10,-1,9,10,11,-1,11,10,12,-1,11,12,13,-1,14,15,16,-1,16,15,17,-1,16,17,18,-1,18,17,19,-1,18,19,20,-1,20,19,21,-1,20,21,22,-1,22,21,23,-1,22,23,24,-1,24,23,25,-1,24,25,26,-1,26,25,27,-1,28,29,12,-1,12,29,13,-1,15,14,30,-1,30,14,31,-1,29,28,31,-1,31,28,30,-1,
        ]
    }
}
Shape{
    appearance Appearance {
        material  Material {
            diffuseColor 0.3333333333333333 0.3333333333333333 0.3333333333333333
            specularColor 0.16862745098039217 0.16862745098039217 0.16862745098039217
            ambientIntensity 0.3333
            transparency 0.0
            shininess 0.5
        }
    }
    geometry IndexedFaceSet {
        ccw TRUE
        solid FALSE
        coord DEF co Coordinate {
            point [
                -1.0861 1.8504 1.1136, -1.0861 1.8898 1.0742, -1.6013 1.8504 1.1136, -1.6013 1.8898 1.0742, 1.6013 1.8504 1.1136, 1.6013 1.8898 1.0742, 1.0861 1.8504 1.1136, 1.0861 1.8898 1.0742, 1.1516 -1.8504 1.0697, 1.1516 -1.8898 1.0303, 1.6013 -1.8504 1.0697, 1.6013 -1.8898 1.0303, -1.6013 -1.8504 1.0697, -1.6013 -1.8898 1.0303, -1.1516 -1.8504 1.0697, -1.1516 -1.8898 1.0303, 1.3583 -1.3583 0.0, 1.3522 -1.3124 -0.1181, 1.3522 -1.3124 0.0, 1.3345 -1.2697 -0.1181, 1.3345 -1.2697 0.0, 1.3064 -1.233 -0.1181, 1.3064 -1.233 0.0, 1.2697 -1.2048 -0.1181, 1.2697 -1.2048 0.0, 1.227 -1.1871 -0.1181, 1.227 -1.1871 0.0, 1.1811 -1.1811 -0.1181, 1.1811 -1.1811 0.0, 1.1352 -1.1871 -0.1181, 1.1352 -1.1871 0.0, 1.0925 -1.2048 -0.1181, 1.0925 -1.2048 0.0, 1.0558 -1.233 -0.1181, 1.0558 -1.233 0.0, 1.0277 -1.2697 -0.1181, 1.0277 -1.2697 0.0, 1.01 -1.3124 -0.1181, 1.01 -1.3124 0.0, 1.0039 -1.3583 -0.1181, 1.0039 -1.3583 0.0, 1.01 -1.4041 -0.1181, 1.01 -1.4041 0.0, 1.0277 -1.4469 -0.1181, 1.0277 -1.4469 0.0, 1.0558 -1.4835 -0.1181, 1.0558 -1.4835 0.0, 1.0925 -1.5117 -0.1181, 1.0925 -1.5117 0.0, 1.1352 -1.5294 -0.1181, 1.1352 -1.5294 0.0, 1.1811 -1.5354 -0.1181, 1.1811 -1.5354 0.0, 1.227 -1.5294 -0.1181, 1.227 -1.5294 0.0, 1.2697 -1.5117 -0.1181, 1.2697 -1.5117 0.0, 1.3064 -1.4835 -0.1181, 1.3064 -1.4835 0.0, 1.3345 -1.4469 -0.1181, 1.3345 -1.4469 0.0, 1.3522 -1.4041 -0.1181, 1.3522 -1.4041 0.0, 1.3583 -1.3583 -0.1181, 1.2663 -1.3091 -0.1969, 1.2762 -1.3328 -0.1969, 1.1811 -1.3583 -0.1969, 1.2795 -1.3583 -0.1969, 1.2762 -1.3837 -0.1969, 1.2066 -1.2632 -0.1969, 1.2303 -1.273 -0.1969, 1.2507 -1.2887 -0.1969, 1.1319 -1.273 -0.1969, 1.1556 -1.2632 -0.1969, 1.1811 -1.2598 -0.1969, 1.086 -1.3328 -0.1969, 1.0959 -1.3091 -0.1969, 1.1115 -1.2887 -0.1969, 1.0959 -1.4075 -0.1969, 1.086 -1.3837 -0.1969, 1.0827 -1.3583 -0.1969, 1.1556 -1.4533 -0.1969, 1.1319 -1.4435 -0.1969, 1.1115 -1.4279 -0.1969, 1.2303 -1.4435 -0.1969, 1.2066 -1.4533 -0.1969, 1.1811 -1.4567 -0.1969, 1.2663 -1.4075 -0.1969, 1.2507 -1.4279 -0.1969, -0.9055 1.3583 0.0, -0.9149 1.4296 -0.1181, -0.9149 1.4296 0.0, -0.9424 1.4961 -0.1181, -0.9424 1.4961 0.0, -0.9862 1.5531 -0.1181, -0.9862 1.5531 0.0, -1.0433 1.5969 -0.1181, -1.0433 1.5969 0.0, -1.1098 1.6245 -0.1181, -1.1098 1.6245 0.0, -1.1811 1.6339 -0.1181, -1.1811 1.6339 0.0, -1.2524 1.6245 -0.1181, -1.2524 1.6245 0.0, -1.3189 1.5969 -0.1181, -1.3189 1.5969 0.0, -1.376 1.5531 -0.1181, -1.376 1.5531 0.0, -1.4198 1.4961 -0.1181, -1.4198 1.4961 0.0, -1.4473 1.4296 -0.1181, -1.4473 1.4296 0.0, -1.4567 1.3583 -0.1181, -1.4567 1.3583 0.0, -1.4473 1.2869 -0.1181, -1.4473 1.2869 0.0, -1.4198 1.2205 -0.1181, -1.4198 1.2205 0.0, -1.376 1.1634 -0.1181, -1.376 1.1634 0.0, -1.3189 1.1196 -0.1181, -1.3189 1.1196 0.0, -1.2524 1.0921 -0.1181, -1.2524 1.0921 0.0, -1.1811 1.0827 -0.1181, -1.1811 1.0827 0.0, -1.1098 1.0921 -0.1181, -1.1098 1.0921 0.0, -1.0433 1.1196 -0.1181, -1.0433 1.1196 0.0, -0.9862 1.1634 -0.1181, -0.9862 1.1634 0.0, -0.9424 1.2205 -0.1181, -0.9424 1.2205 0.0, -0.9149 1.2869 -0.1181, -0.9149 1.2869 0.0, -0.9055 1.3583 -0.1181, -1.0106 1.4567 -0.1969, -0.991 1.4092 -0.1969, -1.1811 1.3583 -0.1969, -0.9843 1.3583 -0.1969, -0.991 1.3073 -0.1969, -1.1302 1.5484 -0.1969, -1.0827 1.5287 -0.1969, -1.0419 1.4975 -0.1969, -1.2795 1.5287 -0.1969, -1.2321 1.5484 -0.1969, -1.1811 1.5551 -0.1969, -1.3712 1.4092 -0.1969, -1.3516 1.4567 -0.1969, -1.3203 1.4975 -0.1969, -1.3516 1.2598 -0.1969, -1.3712 1.3073 -0.1969, -1.378 1.3583 -0.1969, -1.2321 1.1681 -0.1969, -1.2795 1.1878 -0.1969, -1.3203 1.2191 -0.1969, -1.0827 1.1878 -0.1969, -1.1302 1.1681 -0.1969, -1.1811 1.1614 -0.1969, -1.0106 1.2598 -0.1969, -1.0419 1.2191 -0.1969, -0.9175 1.4289 -0.1385, -0.9448 1.4947 -0.1385, -0.9881 1.5512 -0.1385, -1.0446 1.5946 -0.1385, -1.1105 1.6219 -0.1385, -1.1811 1.6312 -0.1385, -1.2517 1.6219 -0.1385, -1.3176 1.5946 -0.1385, -1.3741 1.5512 -0.1385, -1.4174 1.4947 -0.1385, -1.4447 1.4289 -0.1385, -1.454 1.3583 -0.1385, -1.4447 1.2876 -0.1385, -1.4174 1.2218 -0.1385, -1.3741 1.1653 -0.1385, -1.3176 1.1219 -0.1385, -1.2517 1.0947 -0.1385, -1.1811 1.0854 -0.1385, -1.1105 1.0947 -0.1385, -1.0446 1.1219 -0.1385, -0.9881 1.1653 -0.1385, -0.9448 1.2218 -0.1385, -0.9175 1.2876 -0.1385, -0.9082 1.3583 -0.1385, -0.9251 1.4269 -0.1575, -0.9516 1.4908 -0.1575, -0.9937 1.5457 -0.1575, -1.0486 1.5878 -0.1575, -1.1125 1.6143 -0.1575, -1.1811 1.6233 -0.1575, -1.2497 1.6143 -0.1575, -1.3136 1.5878 -0.1575, -1.3685 1.5457 -0.1575, -1.4106 1.4908 -0.1575, -1.4371 1.4269 -0.1575, -1.4461 1.3583 -0.1575, -1.4371 1.2897 -0.1575, -1.4106 1.2257 -0.1575, -1.3685 1.1709 -0.1575, -1.3136 1.1287 -0.1575, -1.2497 1.1023 -0.1575, -1.1811 1.0932 -0.1575, -1.1125 1.1023 -0.1575, -1.0486 1.1287 -0.1575, -0.9937 1.1709 -0.1575, -0.9516 1.2257 -0.1575, -0.9251 1.2897 -0.1575, -0.9161 1.3583 -0.1575, -0.9372 1.4236 -0.1738, -0.9624 1.4845 -0.1738, -1.0025 1.5368 -0.1738, -1.0548 1.577 -0.1738, -1.1157 1.6022 -0.1738, -1.1811 1.6108 -0.1738, -1.2465 1.6022 -0.1738, -1.3074 1.577 -0.1738, -1.3597 1.5368 -0.1738, -1.3998 1.4845 -0.1738, -1.425 1.4236 -0.1738, -1.4336 1.3583 -0.1738, -1.425 1.2929 -0.1738, -1.3998 1.232 -0.1738, -1.3597 1.1797 -0.1738, -1.3074 1.1396 -0.1738, -1.2465 1.1143 -0.1738, -1.1811 1.1057 -0.1738, -1.1157 1.1143 -0.1738, -1.0548 1.1396 -0.1738, -1.0025 1.1797 -0.1738, -0.9624 1.232 -0.1738, -0.9372 1.2929 -0.1738, -0.9286 1.3583 -0.1738, -0.9529 1.4194 -0.1863, -0.9765 1.4764 -0.1863, -1.0141 1.5253 -0.1863, -1.063 1.5628 -0.1863, -1.12 1.5864 -0.1863, -1.1811 1.5945 -0.1863, -1.2422 1.5864 -0.1863, -1.2992 1.5628 -0.1863, -1.3481 1.5253 -0.1863, -1.3857 1.4764 -0.1863, -1.4093 1.4194 -0.1863, -1.4173 1.3583 -0.1863, -1.4093 1.2971 -0.1863, -1.3857 1.2402 -0.1863, -1.3481 1.1912 -0.1863, -1.2992 1.1537 -0.1863, -1.2422 1.1301 -0.1863, -1.1811 1.122 -0.1863, -1.12 1.1301 -0.1863, -1.063 1.1537 -0.1863, -1.0141 1.1912 -0.1863, -0.9765 1.2402 -0.1863, -0.9529 1.2971 -0.1863, -0.9449 1.3583 -0.1863, -0.9713 1.4145 -0.1942, -0.993 1.4669 -0.1942, -1.0275 1.5119 -0.1942, -1.0725 1.5464 -0.1942, -1.1249 1.5681 -0.1942, -1.1811 1.5755 -0.1942, -1.2373 1.5681 -0.1942, -1.2897 1.5464 -0.1942, -1.3347 1.5119 -0.1942, -1.3692 1.4669 -0.1942, -1.3909 1.4145 -0.1942, -1.3983 1.3583 -0.1942, -1.3909 1.302 -0.1942, -1.3692 1.2497 -0.1942, -1.3347 1.2047 -0.1942, -1.2897 1.1701 -0.1942, -1.2373 1.1484 -0.1942, -1.1811 1.141 -0.1942, -1.1249 1.1484 -0.1942, -1.0725 1.1701 -0.1942, -1.0275 1.2047 -0.1942, -0.993 1.2497 -0.1942, -0.9713 1.302 -0.1942, -0.9639 1.3583 -0.1942, 1.3496 -1.3131 -0.1385, 1.3322 -1.271 -0.1385, 1.3045 -1.2349 -0.1385, 1.2683 -1.2072 -0.1385, 1.2263 -1.1897 -0.1385, 1.1811 -1.1838 -0.1385, 1.1359 -1.1897 -0.1385, 1.0939 -1.2072 -0.1385, 1.0577 -1.2349 -0.1385, 1.03 -1.271 -0.1385, 1.0126 -1.3131 -0.1385, 1.0066 -1.3583 -0.1385, 1.0126 -1.4034 -0.1385, 1.03 -1.4455 -0.1385, 1.0577 -1.4816 -0.1385, 1.0939 -1.5094 -0.1385, 1.1359 -1.5268 -0.1385, 1.1811 -1.5327 -0.1385, 1.2263 -1.5268 -0.1385, 1.2683 -1.5094 -0.1385, 1.3045 -1.4816 -0.1385, 1.3322 -1.4455 -0.1385, 1.3496 -1.4034 -0.1385, 1.3556 -1.3583 -0.1385, 1.342 -1.3151 -0.1575, 1.3254 -1.275 -0.1575, 1.2989 -1.2405 -0.1575, 1.2644 -1.214 -0.1575, 1.2242 -1.1973 -0.1575, 1.1811 -1.1917 -0.1575, 1.138 -1.1973 -0.1575, 1.0978 -1.214 -0.1575, 1.0633 -1.2405 -0.1575, 1.0368 -1.275 -0.1575, 1.0202 -1.3151 -0.1575, 1.0145 -1.3583 -0.1575, 1.0202 -1.4014 -0.1575, 1.0368 -1.4416 -0.1575, 1.0633 -1.4761 -0.1575, 1.0978 -1.5026 -0.1575, 1.138 -1.5192 -0.1575, 1.1811 -1.5249 -0.1575, 1.2242 -1.5192 -0.1575, 1.2644 -1.5026 -0.1575, 1.2989 -1.4761 -0.1575, 1.3254 -1.4416 -0.1575, 1.342 -1.4014 -0.1575, 1.3477 -1.3583 -0.1575, 1.33 -1.3184 -0.1738, 1.3146 -1.2812 -0.1738, 1.2901 -1.2493 -0.1738, 1.2582 -1.2248 -0.1738, 1.221 -1.2094 -0.1738, 1.1811 -1.2042 -0.1738, 1.1412 -1.2094 -0.1738, 1.1041 -1.2248 -0.1738, 1.0721 -1.2493 -0.1738, 1.0476 -1.2812 -0.1738, 1.0323 -1.3184 -0.1738, 1.027 -1.3583 -0.1738, 1.0323 -1.3982 -0.1738, 1.0476 -1.4353 -0.1738, 1.0721 -1.4672 -0.1738, 1.1041 -1.4917 -0.1738, 1.1412 -1.5071 -0.1738, 1.1811 -1.5124 -0.1738, 1.221 -1.5071 -0.1738, 1.2582 -1.4917 -0.1738, 1.2901 -1.4672 -0.1738, 1.3146 -1.4353 -0.1738, 1.33 -1.3982 -0.1738, 1.3352 -1.3583 -0.1738, 1.3142 -1.3226 -0.1863, 1.3004 -1.2894 -0.1863, 1.2785 -1.2608 -0.1863, 1.25 -1.2389 -0.1863, 1.2168 -1.2252 -0.1863, 1.1811 -1.2205 -0.1863, 1.1454 -1.2252 -0.1863, 1.1122 -1.2389 -0.1863, 1.0837 -1.2608 -0.1863, 1.0618 -1.2894 -0.1863, 1.048 -1.3226 -0.1863, 1.0433 -1.3583 -0.1863, 1.048 -1.3939 -0.1863, 1.0618 -1.4272 -0.1863, 1.0837 -1.4557 -0.1863, 1.1122 -1.4776 -0.1863, 1.1454 -1.4914 -0.1863, 1.1811 -1.4961 -0.1863, 1.2168 -1.4914 -0.1863, 1.25 -1.4776 -0.1863, 1.2785 -1.4557 -0.1863, 1.3004 -1.4272 -0.1863, 1.3142 -1.3939 -0.1863, 1.3189 -1.3583 -0.1863, 1.2959 -1.3275 -0.1942, 1.284 -1.2989 -0.1942, 1.2651 -1.2743 -0.1942, 1.2405 -1.2554 -0.1942, 1.2119 -1.2435 -0.1942, 1.1811 -1.2395 -0.1942, 1.1504 -1.2435 -0.1942, 1.1217 -1.2554 -0.1942, 1.0971 -1.2743 -0.1942, 1.0782 -1.2989 -0.1942, 1.0663 -1.3275 -0.1942, 1.0623 -1.3583 -0.1942, 1.0663 -1.389 -0.1942, 1.0782 -1.4177 -0.1942, 1.0971 -1.4423 -0.1942, 1.1217 -1.4612 -0.1942, 1.1504 -1.473 -0.1942, 1.1811 -1.4771 -0.1942, 1.2119 -1.473 -0.1942, 1.2405 -1.4612 -0.1942, 1.2651 -1.4423 -0.1942, 1.284 -1.4177 -0.1942, 1.2959 -1.389 -0.1942, 1.2999 -1.3583 -0.1942, 0.2873 0.0708 5.5906, 0.2858 0.0766 5.5512, 0.2959 0.0 5.5512, 0.2852 0.0763 5.5906, 0.262 0.1375 5.5906, 0.2562 0.1479 5.5512, 0.2552 0.1473 5.5906, 0.2215 0.1962 5.5906, 0.2092 0.2092 5.5512, 0.2081 0.208 5.5906, 0.1479 0.2562 5.5512, 0.1681 0.2435 5.5906, 0.147 0.2545 5.5906, 0.0766 0.2858 5.5512, 0.1049 0.2766 5.5906, 0.0761 0.2838 5.5906, 0.0 0.2959 5.5512, 0.0357 0.2937 5.5906, 0.0 0.2937 5.5906, -0.0357 0.2937 5.5906, -0.0766 0.2858 5.5512, -0.0761 0.2838 5.5906, -0.1049 0.2766 5.5906, -0.1479 0.2562 5.5512, -0.147 0.2545 5.5906, -0.1681 0.2435 5.5906, -0.2092 0.2092 5.5512, -0.2081 0.208 5.5906, -0.2215 0.1962 5.5906, -0.2562 0.1479 5.5512, -0.2552 0.1473 5.5906, -0.262 0.1375 5.5906, -0.2858 0.0766 5.5512, -0.2852 0.0763 5.5906, -0.2873 0.0708 5.5906, -0.2959 0.0 5.5512, -0.2959 0.0 5.5906, -0.2873 -0.0708 5.5906, -0.2858 -0.0766 5.5512, -0.2852 -0.0763 5.5906, -0.262 -0.1375 5.5906, -0.2562 -0.1479 5.5512, -0.2552 -0.1473 5.5906, -0.2215 -0.1962 5.5906, -0.2092 -0.2092 5.5512, -0.2081 -0.208 5.5906, -0.1479 -0.2562 5.5512, -0.1681 -0.2435 5.5906, -0.147 -0.2545 5.5906, -0.0766 -0.2858 5.5512, -0.1049 -0.2766 5.5906, -0.0761 -0.2838 5.5906, 0.0 -0.2959 5.5512, -0.0357 -0.2937 5.5906, 0.0 -0.2937 5.5906, 0.0357 -0.2937 5.5906, 0.0766 -0.2858 5.5512, 0.0761 -0.2838 5.5906, 0.1049 -0.2766 5.5906, 0.1479 -0.2562 5.5512, 0.147 -0.2545 5.5906, 0.1681 -0.2435 5.5906, 0.2092 -0.2092 5.5512, 0.2081 -0.208 5.5906, 0.2215 -0.1962 5.5906, 0.2562 -0.1479 5.5512, 0.2552 -0.1473 5.5906, 0.262 -0.1375 5.5906, 0.2858 -0.0766 5.5512, 0.2852 -0.0763 5.5906, 0.2873 -0.0708 5.5906, 0.2959 0.0 5.5906, 0.0 0.0 5.5512, 0.2235 -0.198 5.6109, 0.2644 -0.1387 5.6109, 0.1696 -0.2457 5.6109, 0.1059 -0.2792 5.6109, 0.036 -0.2964 5.6109, -0.036 -0.2964 5.6109, -0.1059 -0.2792 5.6109, -0.1696 -0.2457 5.6109, -0.2235 -0.198 5.6109, -0.2644 -0.1387 5.6109, -0.2899 -0.0714 5.6109, -0.2986 0.0 5.6109, -0.2899 0.0714 5.6109, -0.2644 0.1387 5.6109, -0.2235 0.198 5.6109, -0.1696 0.2457 5.6109, -0.1059 0.2792 5.6109, -0.036 0.2964 5.6109, 0.036 0.2964 5.6109, 0.1059 0.2792 5.6109, 0.1696 0.2457 5.6109, 0.2235 0.198 5.6109, 0.2644 0.1387 5.6109, 0.2899 0.0714 5.6109, 0.2986 0.0 5.6109, 0.2899 -0.0714 5.6109, 0.2975 0.0733 5.6299, 0.2713 0.1424 5.6299, 0.2294 0.2032 5.6299, 0.1741 0.2522 5.6299, 0.1087 0.2865 5.6299, 0.0369 0.3042 5.6299, -0.0369 0.3042 5.6299, -0.1087 0.2865 5.6299, -0.1741 0.2522 5.6299, -0.2294 0.2032 5.6299, -0.2713 0.1424 5.6299, -0.2975 0.0733 5.6299, -0.3064 0.0 5.6299, -0.2975 -0.0733 5.6299, -0.2713 -0.1424 5.6299, -0.2294 -0.2032 5.6299, -0.1741 -0.2522 5.6299, -0.1087 -0.2865 5.6299, -0.0369 -0.3042 5.6299, 0.0369 -0.3042 5.6299, 0.1087 -0.2865 5.6299, 0.1741 -0.2522 5.6299, 0.2294 -0.2032 5.6299, 0.2713 -0.1424 5.6299, 0.2975 -0.0733 5.6299, 0.3064 0.0 5.6299, 0.3097 0.0763 5.6462, 0.2824 0.1482 5.6462, 0.2387 0.2115 5.6462, 0.1812 0.2625 5.6462, 0.1131 0.2982 5.6462, 0.0384 0.3166 5.6462, -0.0384 0.3166 5.6462, -0.1131 0.2982 5.6462, -0.1812 0.2625 5.6462, -0.2387 0.2115 5.6462, -0.2824 0.1482 5.6462, -0.3097 0.0763 5.6462, -0.3189 0.0 5.6462, -0.3097 -0.0763 5.6462, -0.2824 -0.1482 5.6462, -0.2387 -0.2115 5.6462, -0.1812 -0.2625 5.6462, -0.1131 -0.2982 5.6462, -0.0384 -0.3166 5.6462, 0.0384 -0.3166 5.6462, 0.1131 -0.2982 5.6462, 0.1812 -0.2625 5.6462, 0.2387 -0.2115 5.6462, 0.2824 -0.1482 5.6462, 0.3097 -0.0763 5.6462, 0.3189 0.0 5.6462, 0.3255 0.0802 5.6587, 0.2968 0.1558 5.6587, 0.2509 0.2223 5.6587, 0.1904 0.2759 5.6587, 0.1189 0.3135 5.6587, 0.0404 0.3328 5.6587, -0.0404 0.3328 5.6587, -0.1189 0.3135 5.6587, -0.1904 0.2759 5.6587, -0.2509 0.2223 5.6587, -0.2968 0.1558 5.6587, -0.3255 0.0802 5.6587, -0.3352 0.0 5.6587, -0.3255 -0.0802 5.6587, -0.2968 -0.1558 5.6587, -0.2509 -0.2223 5.6587, -0.1904 -0.2759 5.6587, -0.1189 -0.3135 5.6587, -0.0404 -0.3328 5.6587, 0.0404 -0.3328 5.6587, 0.1189 -0.3135 5.6587, 0.1904 -0.2759 5.6587, 0.2509 -0.2223 5.6587, 0.2968 -0.1558 5.6587, 0.3255 -0.0802 5.6587, 0.3352 0.0 5.6587, 0.3439 0.0848 5.6666, 0.3137 0.1646 5.6666, 0.2651 0.2349 5.6666, 0.2012 0.2915 5.6666, 0.1256 0.3312 5.6666, 0.0427 0.3516 5.6666, -0.0427 0.3516 5.6666, -0.1256 0.3312 5.6666, -0.2012 0.2915 5.6666, -0.2651 0.2349 5.6666, -0.3137 0.1646 5.6666, -0.3439 0.0848 5.6666, -0.3542 0.0 5.6666, -0.3439 -0.0848 5.6666, -0.3137 -0.1646 5.6666, -0.2651 -0.2349 5.6666, -0.2012 -0.2915 5.6666, -0.1256 -0.3312 5.6666, -0.0427 -0.3516 5.6666, 0.0427 -0.3516 5.6666, 0.1256 -0.3312 5.6666, 0.2012 -0.2915 5.6666, 0.2651 -0.2349 5.6666, 0.3137 -0.1646 5.6666, 0.3439 -0.0848 5.6666, 0.3542 0.0 5.6666, 0.3637 0.0896 5.6693, 0.3317 0.1741 5.6693, 0.2804 0.2484 5.6693, 0.2128 0.3083 5.6693, 0.1328 0.3503 5.6693, 0.0452 0.3719 5.6693, -0.0452 0.3719 5.6693, -0.1328 0.3503 5.6693, -0.2128 0.3083 5.6693, -0.2804 0.2484 5.6693, -0.3317 0.1741 5.6693, -0.3637 0.0896 5.6693, -0.3746 -0.0 5.6693, -0.3637 -0.0896 5.6693, -0.3317 -0.1741 5.6693, -0.2804 -0.2484 5.6693, -0.2128 -0.3083 5.6693, -0.1328 -0.3503 5.6693, -0.0452 -0.3719 5.6693, 0.0452 -0.3719 5.6693, 0.1328 -0.3503 5.6693, 0.2128 -0.3083 5.6693, 0.2804 -0.2484 5.6693, 0.3317 -0.1741 5.6693, 0.3637 -0.0896 5.6693, 0.3746 0.0 5.6693
            ]
        }
        coordIndex [
            0,1,2,-1,2,1,3,-1,4,5,6,-1,6,5,7,-1,8,9,10,-1,10,9,11,-1,12,13,14,-1,14,13,15,-1,16,17,18,-1,18,17,19,-1,18,19,20,-1,20,19,21,-1,20,21,22,-1,22,21,23,-1,22,23,24,-1,24,23,25,-1,24,25,26,-1,26,25,27,-1,26,27,28,-1,28,27,29,-1,28,29,30,-1,30,29,31,-1,30,31,32,-1,32,31,33,-1,32,33,34,-1,34,33,35,-1,34,35,36,-1,36,35,37,-1,36,37,38,-1,38,37,39,-1,38,39,40,-1,40,39,41,-1,40,41,42,-1,42,41,43,-1,42,43,44,-1,44,43,45,-1,44,45,46,-1,46,45,47,-1,46,47,48,-1,48,47,49,-1,48,49,50,-1,50,49,51,-1,50,51,52,-1,52,51,53,-1,52,53,54,-1,54,53,55,-1,54,55,56,-1,56,55,57,-1,56,57,58,-1,58,57,59,-1,58,59,60,-1,60,59,61,-1,60,61,62,-1,62,61,63,-1,62,63,16,-1,16,63,17,-1,64,65,66,-1,66,65,67,-1,66,67,68,-1,69,70,66,-1,66,70,71,-1,66,71,64,-1,72,73,66,-1,66,73,74,-1,66,74,69,-1,75,76,66,-1,66,76,77,-1,66,77,72,-1,78,79,66,-1,66,79,80,-1,66,80,75,-1,81,82,66,-1,66,82,83,-1,66,83,78,-1,84,85,66,-1,66,85,86,-1,66,86,81,-1,68,87,66,-1,66,87,88,-1,66,88,84,-1,89,90,91,-1,91,90,92,-1,91,92,93,-1,93,92,94,-1,93,94,95,-1,95,94,96,-1,95,96,97,-1,97,96,98,-1,97,98,99,-1,99,98,100,-1,99,100,101,-1,101,100,102,-1,101,102,103,-1,103,102,104,-1,103,104,105,-1,105,104,106,-1,105,106,107,-1,107,106,108,-1,107,108,109,-1,109,108,110,-1,109,110,111,-1,111,110,112,-1,111,112,113,-1,113,112,114,-1,113,114,115,-1,115,114,116,-1,115,116,117,-1,117,116,118,-1,117,118,119,-1,119,118,120,-1,119,120,121,-1,121,120,122,-1,121,122,123,-1,123,122,124,-1,123,124,125,-1,125,124,126,-1,125,126,127,-1,127,126,128,-1,127,128,129,-1,129,128,130,-1,129,130,131,-1,131,130,132,-1,131,132,133,-1,133,132,134,-1,133,134,135,-1,135,134,136,-1,135,136,89,-1,89,136,90,-1,137,138,139,-1,139,138,140,-1,139,140,141,-1,142,143,139,-1,139,143,144,-1,139,144,137,-1,145,146,139,-1,139,146,147,-1,139,147,142,-1,148,149,139,-1,139,149,150,-1,139,150,145,-1,151,152,139,-1,139,152,153,-1,139,153,148,-1,154,155,139,-1,139,155,156,-1,139,156,151,-1,157,158,139,-1,139,158,159,-1,139,159,154,-1,141,160,139,-1,139,160,161,-1,139,161,157,-1,136,162,90,-1,90,162,163,-1,90,163,92,-1,92,163,164,-1,92,164,94,-1,94,164,165,-1,94,165,96,-1,96,165,166,-1,96,166,98,-1,98,166,167,-1,98,167,100,-1,100,167,168,-1,100,168,102,-1,102,168,169,-1,102,169,104,-1,104,169,170,-1,104,170,106,-1,106,170,171,-1,106,171,108,-1,108,171,172,-1,108,172,110,-1,110,172,173,-1,110,173,112,-1,112,173,174,-1,112,174,114,-1,114,174,175,-1,114,175,116,-1,116,175,176,-1,116,176,118,-1,118,176,177,-1,118,177,120,-1,120,177,178,-1,120,178,122,-1,122,178,179,-1,122,179,124,-1,124,179,180,-1,124,180,126,-1,126,180,181,-1,126,181,128,-1,128,181,182,-1,128,182,130,-1,130,182,183,-1,130,183,132,-1,132,183,184,-1,132,184,134,-1,134,184,185,-1,134,185,136,-1,136,185,162,-1,185,186,162,-1,162,186,187,-1,162,187,163,-1,163,187,188,-1,163,188,164,-1,164,188,189,-1,164,189,165,-1,165,189,190,-1,165,190,166,-1,166,190,191,-1,166,191,167,-1,167,191,192,-1,167,192,168,-1,168,192,193,-1,168,193,169,-1,169,193,194,-1,169,194,170,-1,170,194,195,-1,170,195,171,-1,171,195,196,-1,171,196,172,-1,172,196,197,-1,172,197,173,-1,173,197,198,-1,173,198,174,-1,174,198,199,-1,174,199,175,-1,175,199,200,-1,175,200,176,-1,176,200,201,-1,176,201,177,-1,177,201,202,-1,177,202,178,-1,178,202,203,-1,178,203,179,-1,179,203,204,-1,179,204,180,-1,180,204,205,-1,180,205,181,-1,181,205,206,-1,181,206,182,-1,182,206,207,-1,182,207,183,-1,183,207,208,-1,183,208,184,-1,184,208,209,-1,184,209,185,-1,185,209,186,-1,209,210,186,-1,186,210,211,-1,186,211,187,-1,187,211,212,-1,187,212,188,-1,188,212,213,-1,188,213,189,-1,189,213,214,-1,189,214,190,-1,190,214,215,-1,190,215,191,-1,191,215,216,-1,191,216,192,-1,192,216,217,-1,192,217,193,-1,193,217,218,-1,193,218,194,-1,194,218,219,-1,194,219,195,-1,195,219,220,-1,195,220,196,-1,196,220,221,-1,196,221,197,-1,197,221,222,-1,197,222,198,-1,198,222,223,-1,198,223,199,-1,199,223,224,-1,199,224,200,-1,200,224,225,-1,200,225,201,-1,201,225,226,-1,201,226,202,-1,202,226,227,-1,202,227,203,-1,203,227,228,-1,203,228,204,-1,204,228,229,-1,204,229,205,-1,205,229,230,-1,205,230,206,-1,206,230,231,-1,206,231,207,-1,207,231,232,-1,207,232,208,-1,208,232,233,-1,208,233,209,-1,209,233,210,-1,233,234,210,-1,210,234,235,-1,210,235,211,-1,211,235,236,-1,211,236,212,-1,212,236,237,-1,212,237,213,-1,213,237,238,-1,213,238,214,-1,214,238,239,-1,214,239,215,-1,215,239,240,-1,215,240,216,-1,216,240,241,-1,216,241,217,-1,217,241,242,-1,217,242,218,-1,218,242,243,-1,218,243,219,-1,219,243,244,-1,219,244,220,-1,220,244,245,-1,220,245,221,-1,221,245,246,-1,221,246,222,-1,222,246,247,-1,222,247,223,-1,223,247,248,-1,223,248,224,-1,224,248,249,-1,224,249,225,-1,225,249,250,-1,225,250,226,-1,226,250,251,-1,226,251,227,-1,227,251,252,-1,227,252,228,-1,228,252,253,-1,228,253,229,-1,229,253,254,-1,229,254,230,-1,230,254,255,-1,230,255,231,-1,231,255,256,-1,231,256,232,-1,232,256,257,-1,232,257,233,-1,233,257,234,-1,257,258,234,-1,234,258,259,-1,234,259,235,-1,235,259,260,-1,235,260,236,-1,236,260,261,-1,236,261,237,-1,237,261,262,-1,237,262,238,-1,238,262,263,-1,238,263,239,-1,239,263,264,-1,239,264,240,-1,240,264,265,-1,240,265,241,-1,241,265,266,-1,241,266,242,-1,242,266,267,-1,242,267,243,-1,243,267,268,-1,243,268,244,-1,244,268,269,-1,244,269,245,-1,245,269,270,-1,245,270,246,-1,246,270,271,-1,246,271,247,-1,247,271,272,-1,247,272,248,-1,248,272,273,-1,248,273,249,-1,249,273,274,-1,249,274,250,-1,250,274,275,-1,250,275,251,-1,251,275,276,-1,251,276,252,-1,252,276,277,-1,252,277,253,-1,253,277,278,-1,253,278,254,-1,254,278,279,-1,254,279,255,-1,255,279,280,-1,255,280,256,-1,256,280,281,-1,256,281,257,-1,257,281,258,-1,281,138,258,-1,258,138,137,-1,258,137,259,-1,259,137,144,-1,259,144,260,-1,260,144,143,-1,260,143,261,-1,261,143,142,-1,261,142,262,-1,262,142,147,-1,262,147,263,-1,263,147,146,-1,263,146,264,-1,264,146,145,-1,264,145,265,-1,265,145,150,-1,265,150,266,-1,266,150,149,-1,266,149,267,-1,267,149,148,-1,267,148,268,-1,268,148,153,-1,268,153,269,-1,269,153,152,-1,269,152,270,-1,270,152,151,-1,270,151,271,-1,271,151,156,-1,271,156,272,-1,272,156,155,-1,272,155,273,-1,273,155,154,-1,273,154,274,-1,274,154,159,-1,274,159,275,-1,275,159,158,-1,275,158,276,-1,276,158,157,-1,276,157,277,-1,277,157,161,-1,277,161,278,-1,278,161,160,-1,278,160,279,-1,279,160,141,-1,279,141,280,-1,280,141,140,-1,280,140,281,-1,281,140,138,-1,63,282,17,-1,17,282,283,-1,17,283,19,-1,19,283,284,-1,19,284,21,-1,21,284,285,-1,21,285,23,-1,23,285,286,-1,23,286,25,-1,25,286,287,-1,25,287,27,-1,27,287,288,-1,27,288,29,-1,29,288,289,-1,29,289,31,-1,31,289,290,-1,31,290,33,-1,33,290,291,-1,33,291,35,-1,35,291,292,-1,35,292,37,-1,37,292,293,-1,37,293,39,-1,39,293,294,-1,39,294,41,-1,41,294,295,-1,41,295,43,-1,43,295,296,-1,43,296,45,-1,45,296,297,-1,45,297,47,-1,47,297,298,-1,47,298,49,-1,49,298,299,-1,49,299,51,-1,51,299,300,-1,51,300,53,-1,53,300,301,-1,53,301,55,-1,55,301,302,-1,55,302,57,-1,57,302,303,-1,57,303,59,-1,59,303,304,-1,59,304,61,-1,61,304,305,-1,61,305,63,-1,63,305,282,-1,305,306,282,-1,282,306,307,-1,282,307,283,-1,283,307,308,-1,283,308,284,-1,284,308,309,-1,284,309,285,-1,285,309,310,-1,285,310,286,-1,286,310,311,-1,286,311,287,-1,287,311,312,-1,287,312,288,-1,288,312,313,-1,288,313,289,-1,289,313,314,-1,289,314,290,-1,290,314,315,-1,290,315,291,-1,291,315,316,-1,291,316,292,-1,292,316,317,-1,292,317,293,-1,293,317,318,-1,293,318,294,-1,294,318,319,-1,294,319,295,-1,295,319,320,-1,295,320,296,-1,296,320,321,-1,296,321,297,-1,297,321,322,-1,297,322,298,-1,298,322,323,-1,298,323,299,-1,299,323,324,-1,299,324,300,-1,300,324,325,-1,300,325,301,-1,301,325,326,-1,301,326,302,-1,302,326,327,-1,302,327,303,-1,303,327,328,-1,303,328,304,-1,304,328,329,-1,304,329,305,-1,305,329,306,-1,329,330,306,-1,306,330,331,-1,306,331,307,-1,307,331,332,-1,307,332,308,-1,308,332,333,-1,308,333,309,-1,309,333,334,-1,309,334,310,-1,310,334,335,-1,310,335,311,-1,311,335,336,-1,311,336,312,-1,312,336,337,-1,312,337,313,-1,313,337,338,-1,313,338,314,-1,314,338,339,-1,314,339,315,-1,315,339,340,-1,315,340,316,-1,316,340,341,-1,316,341,317,-1,317,341,342,-1,317,342,318,-1,318,342,343,-1,318,343,319,-1,319,343,344,-1,319,344,320,-1,320,344,345,-1,320,345,321,-1,321,345,346,-1,321,346,322,-1,322,346,347,-1,322,347,323,-1,323,347,348,-1,323,348,324,-1,324,348,349,-1,324,349,325,-1,325,349,350,-1,325,350,326,-1,326,350,351,-1,326,351,327,-1,327,351,352,-1,327,352,328,-1,328,352,353,-1,328,353,329,-1,329,353,330,-1,353,354,330,-1,330,354,355,-1,330,355,331,-1,331,355,356,-1,331,356,332,-1,332,356,357,-1,332,357,333,-1,333,357,358,-1,333,358,334,-1,334,358,359,-1,334,359,335,-1,335,359,360,-1,335,360,336,-1,336,360,361,-1,336,361,337,-1,337,361,362,-1,337,362,338,-1,338,362,363,-1,338,363,339,-1,339,363,364,-1,339,364,340,-1,340,364,365,-1,340,365,341,-1,341,365,366,-1,341,366,342,-1,342,366,367,-1,342,367,343,-1,343,367,368,-1,343,368,344,-1,344,368,369,-1,344,369,345,-1,345,369,370,-1,345,370,346,-1,346,370,371,-1,346,371,347,-1,347,371,372,-1,347,372,348,-1,348,372,373,-1,348,373,349,-1,349,373,374,-1,349,374,350,-1,350,374,375,-1,350,375,351,-1,351,375,376,-1,351,376,352,-1,352,376,377,-1,352,377,353,-1,353,377,354,-1,377,378,354,-1,354,378,379,-1,354,379,355,-1,355,379,380,-1,355,380,356,-1,356,380,381,-1,356,381,357,-1,357,381,382,-1,357,382,358,-1,358,382,383,-1,358,383,359,-1,359,383,384,-1,359,384,360,-1,360,384,385,-1,360,385,361,-1,361,385,386,-1,361,386,362,-1,362,386,387,-1,362,387,363,-1,363,387,388,-1,363,388,364,-1,364,388,389,-1,364,389,365,-1,365,389,390,-1,365,390,366,-1,366,390,391,-1,366,391,367,-1,367,391,392,-1,367,392,368,-1,368,392,393,-1,368,393,369,-1,369,393,394,-1,369,394,370,-1,370,394,395,-1,370,395,371,-1,371,395,396,-1,371,396,372,-1,372,396,397,-1,372,397,373,-1,373,397,398,-1,373,398,374,-1,374,398,399,-1,374,399,375,-1,375,399,400,-1,375,400,376,-1,376,400,401,-1,376,401,377,-1,377,401,378,-1,401,65,378,-1,378,65,64,-1,378,64,379,-1,379,64,71,-1,379,71,380,-1,380,71,70,-1,380,70,381,-1,381,70,69,-1,381,69,382,-1,382,69,74,-1,382,74,383,-1,383,74,73,-1,383,73,384,-1,384,73,72,-1,384,72,385,-1,385,72,77,-1,385,77,386,-1,386,77,76,-1,386,76,387,-1,387,76,75,-1,387,75,388,-1,388,75,80,-1,388,80,389,-1,389,80,79,-1,389,79,390,-1,390,79,78,-1,390,78,391,-1,391,78,83,-1,391,83,392,-1,392,83,82,-1,392,82,393,-1,393,82,81,-1,393,81,394,-1,394,81,86,-1,394,86,395,-1,395,86,85,-1,395,85,396,-1,396,85,84,-1,396,84,397,-1,397,84,88,-1,397,88,398,-1,398,88,87,-1,398,87,399,-1,399,87,68,-1,399,68,400,-1,400,68,67,-1,400,67,401,-1,401,67,65,-1,402,403,404,-1,402,405,403,-1,403,405,406,-1,403,406,407,-1,406,408,407,-1,407,408,409,-1,407,409,410,-1,410,409,411,-1,410,411,412,-1,411,413,412,-1,412,413,414,-1,412,414,415,-1,414,416,415,-1,415,416,417,-1,415,417,418,-1,418,417,419,-1,419,420,418,-1,418,420,421,-1,418,421,422,-1,421,423,422,-1,422,423,424,-1,422,424,425,-1,424,426,425,-1,425,426,427,-1,425,427,428,-1,427,429,428,-1,428,429,430,-1,428,430,431,-1,430,432,431,-1,431,432,433,-1,431,433,434,-1,433,435,434,-1,434,435,436,-1,434,436,437,-1,436,438,437,-1,437,438,439,-1,437,439,440,-1,439,441,440,-1,440,441,442,-1,440,442,443,-1,442,444,443,-1,443,444,445,-1,443,445,446,-1,446,445,447,-1,446,447,448,-1,447,449,448,-1,448,449,450,-1,448,450,451,-1,450,452,451,-1,451,452,453,-1,451,453,454,-1,454,453,455,-1,455,456,454,-1,454,456,457,-1,454,457,458,-1,457,459,458,-1,458,459,460,-1,458,460,461,-1,460,462,461,-1,461,462,463,-1,461,463,464,-1,463,465,464,-1,464,465,466,-1,464,466,467,-1,466,468,467,-1,467,468,469,-1,467,469,470,-1,469,471,470,-1,470,471,472,-1,470,472,404,-1,404,472,473,-1,404,473,402,-1,467,470,474,-1,474,470,404,-1,474,404,403,-1,458,461,474,-1,474,461,464,-1,474,464,467,-1,448,451,474,-1,474,451,454,-1,474,454,458,-1,440,443,474,-1,474,443,446,-1,474,446,448,-1,431,434,474,-1,474,434,437,-1,474,437,440,-1,422,425,474,-1,474,425,428,-1,474,428,431,-1,412,415,474,-1,474,415,418,-1,474,418,422,-1,403,407,474,-1,474,407,410,-1,474,410,412,-1,475,476,468,-1,468,466,475,-1,475,466,465,-1,475,465,477,-1,465,463,477,-1,477,463,462,-1,477,462,478,-1,462,460,478,-1,478,460,459,-1,478,459,479,-1,479,459,457,-1,479,457,480,-1,457,456,480,-1,480,456,455,-1,480,455,481,-1,455,453,481,-1,481,453,452,-1,481,452,482,-1,452,450,482,-1,482,450,449,-1,482,449,483,-1,449,447,483,-1,483,447,445,-1,483,445,484,-1,484,445,444,-1,444,442,484,-1,484,442,441,-1,484,441,485,-1,441,439,485,-1,485,439,438,-1,485,438,486,-1,486,438,436,-1,486,436,487,-1,487,436,435,-1,487,435,488,-1,435,433,488,-1,488,433,432,-1,488,432,489,-1,432,430,489,-1,489,430,429,-1,489,429,490,-1,429,427,490,-1,490,427,426,-1,490,426,491,-1,426,424,491,-1,491,424,423,-1,491,423,492,-1,492,423,421,-1,492,421,493,-1,421,420,493,-1,493,420,419,-1,493,419,494,-1,419,417,494,-1,494,417,416,-1,494,416,495,-1,416,414,495,-1,495,414,413,-1,495,413,496,-1,413,411,496,-1,496,411,409,-1,496,409,497,-1,497,409,408,-1,408,406,497,-1,497,406,405,-1,497,405,498,-1,405,402,498,-1,498,402,473,-1,498,473,499,-1,499,473,472,-1,499,472,500,-1,500,472,471,-1,500,471,476,-1,476,471,469,-1,476,469,468,-1,499,501,498,-1,498,501,502,-1,498,502,497,-1,497,502,503,-1,497,503,496,-1,496,503,504,-1,496,504,495,-1,495,504,505,-1,495,505,494,-1,494,505,506,-1,494,506,493,-1,493,506,507,-1,493,507,492,-1,492,507,508,-1,492,508,491,-1,491,508,509,-1,491,509,490,-1,490,509,510,-1,490,510,489,-1,489,510,511,-1,489,511,488,-1,488,511,512,-1,488,512,487,-1,487,512,513,-1,487,513,486,-1,486,513,514,-1,486,514,485,-1,485,514,515,-1,485,515,484,-1,484,515,516,-1,484,516,483,-1,483,516,517,-1,483,517,482,-1,482,517,518,-1,482,518,481,-1,481,518,519,-1,481,519,480,-1,480,519,520,-1,480,520,479,-1,479,520,521,-1,479,521,478,-1,478,521,522,-1,478,522,477,-1,477,522,523,-1,477,523,475,-1,475,523,524,-1,475,524,476,-1,476,524,525,-1,476,525,500,-1,500,525,526,-1,500,526,499,-1,499,526,501,-1,526,527,501,-1,501,527,528,-1,501,528,502,-1,502,528,529,-1,502,529,503,-1,503,529,530,-1,503,530,504,-1,504,530,531,-1,504,531,505,-1,505,531,532,-1,505,532,506,-1,506,532,533,-1,506,533,507,-1,507,533,534,-1,507,534,508,-1,508,534,535,-1,508,535,509,-1,509,535,536,-1,509,536,510,-1,510,536,537,-1,510,537,511,-1,511,537,538,-1,511,538,512,-1,512,538,539,-1,512,539,513,-1,513,539,540,-1,513,540,514,-1,514,540,541,-1,514,541,515,-1,515,541,542,-1,515,542,516,-1,516,542,543,-1,516,543,517,-1,517,543,544,-1,517,544,518,-1,518,544,545,-1,518,545,519,-1,519,545,546,-1,519,546,520,-1,520,546,547,-1,520,547,521,-1,521,547,548,-1,521,548,522,-1,522,548,549,-1,522,549,523,-1,523,549,550,-1,523,550,524,-1,524,550,551,-1,524,551,525,-1,525,551,552,-1,525,552,526,-1,526,552,527,-1,552,553,527,-1,527,553,554,-1,527,554,528,-1,528,554,555,-1,528,555,529,-1,529,555,556,-1,529,556,530,-1,530,556,557,-1,530,557,531,-1,531,557,558,-1,531,558,532,-1,532,558,559,-1,532,559,533,-1,533,559,560,-1,533,560,534,-1,534,560,561,-1,534,561,535,-1,535,561,562,-1,535,562,536,-1,536,562,563,-1,536,563,537,-1,537,563,564,-1,537,564,538,-1,538,564,565,-1,538,565,539,-1,539,565,566,-1,539,566,540,-1,540,566,567,-1,540,567,541,-1,541,567,568,-1,541,568,542,-1,542,568,569,-1,542,569,543,-1,543,569,570,-1,543,570,544,-1,544,570,571,-1,544,571,545,-1,545,571,572,-1,545,572,546,-1,546,572,573,-1,546,573,547,-1,547,573,574,-1,547,574,548,-1,548,574,575,-1,548,575,549,-1,549,575,576,-1,549,576,550,-1,550,576,577,-1,550,577,551,-1,551,577,578,-1,551,578,552,-1,552,578,553,-1,578,579,553,-1,553,579,580,-1,553,580,554,-1,554,580,581,-1,554,581,555,-1,555,581,582,-1,555,582,556,-1,556,582,583,-1,556,583,557,-1,557,583,584,-1,557,584,558,-1,558,584,585,-1,558,585,559,-1,559,585,586,-1,559,586,560,-1,560,586,587,-1,560,587,561,-1,561,587,588,-1,561,588,562,-1,562,588,589,-1,562,589,563,-1,563,589,590,-1,563,590,564,-1,564,590,591,-1,564,591,565,-1,565,591,592,-1,565,592,566,-1,566,592,593,-1,566,593,567,-1,567,593,594,-1,567,594,568,-1,568,594,595,-1,568,595,569,-1,569,595,596,-1,569,596,570,-1,570,596,597,-1,570,597,571,-1,571,597,598,-1,571,598,572,-1,572,598,599,-1,572,599,573,-1,573,599,600,-1,573,600,574,-1,574,600,601,-1,574,601,575,-1,575,601,602,-1,575,602,576,-1,576,602,603,-1,576,603,577,-1,577,603,604,-1,577,604,578,-1,578,604,579,-1,604,605,579,-1,579,605,606,-1,579,606,580,-1,580,606,607,-1,580,607,581,-1,581,607,608,-1,581,608,582,-1,582,608,609,-1,582,609,583,-1,583,609,610,-1,583,610,584,-1,584,610,611,-1,584,611,585,-1,585,611,612,-1,585,612,586,-1,586,612,613,-1,586,613,587,-1,587,613,614,-1,587,614,588,-1,588,614,615,-1,588,615,589,-1,589,615,616,-1,589,616,590,-1,590,616,617,-1,590,617,591,-1,591,617,618,-1,591,618,592,-1,592,618,619,-1,592,619,593,-1,593,619,620,-1,593,620,594,-1,594,620,621,-1,594,621,595,-1,595,621,622,-1,595,622,596,-1,596,622,623,-1,596,623,597,-1,597,623,624,-1,597,624,598,-1,598,624,625,-1,598,625,599,-1,599,625,626,-1,599,626,600,-1,600,626,627,-1,600,627,601,-1,601,627,628,-1,601,628,602,-1,602,628,629,-1,602,629,603,-1,603,629,630,-1,603,630,604,-1,604,630,605,-1,
        ]
    }
}
Shape{
    appearance Appearance {
        material  Material {
            diffuseColor 0.792156862745098 0.8196078431372549 0.9333333333333333
            specularColor 0.396078431372549 0.4117647058823529 0.4666666666666667
            ambientIntensity 0.8244
            transparency 0.0
            shininess 0.5
        }
    }
    geometry IndexedFaceSet {
        ccw TRUE
        solid FALSE
        coord DEF co Coordinate {
            point [
                1.6653 1.7139 0.0, 1.6653 1.7139 0.1181, 1.6652 1.7137 0.0, 1.6538 1.6741 0.1181, 1.6538 1.6741 0.0, 1.6593 1.6741 0.1181, 1.6593 1.6741 0.0, 1.6625 1.6863 0.1181, 1.6625 1.6863 0.0, 1.6727 1.6863 0.1181, 1.6727 1.6863 0.0, 1.6759 1.6741 0.1181, 1.6759 1.6741 0.0, 1.6814 1.6741 0.1181, 1.6814 1.6741 0.0, 1.6699 1.7139 0.1181, 1.6699 1.7139 0.0, 1.67 1.7137 0.0, 1.6637 1.6907 0.1181, 1.6715 1.6907 0.1181, 1.6678 1.7047 0.1181, 1.6674 1.7047 0.1181, 1.6715 1.6907 0.0, 1.6637 1.6907 0.0, 1.6678 1.7047 0.0, 1.6674 1.7047 0.0, 1.6846 1.6937 0.1181, 1.6846 1.6937 0.0, 1.6846 1.6948 0.0, 1.6846 1.6948 0.1181, 1.6855 1.7024 0.0, 1.6855 1.7024 0.1181, 1.687 1.7065 0.0, 1.687 1.7065 0.1181, 1.6887 1.709 0.0, 1.6887 1.709 0.1181, 1.6907 1.7107 0.0, 1.6907 1.7107 0.1181, 1.6934 1.7122 0.0, 1.6934 1.7122 0.1181, 1.6969 1.7131 0.0, 1.6969 1.7131 0.1181, 1.7012 1.7135 0.0, 1.7012 1.7135 0.1181, 1.7012 1.6741 0.1181, 1.7012 1.6741 0.0, 1.6988 1.6742 0.0, 1.6988 1.6742 0.1181, 1.6945 1.6752 0.0, 1.6945 1.6752 0.1181, 1.6913 1.6768 0.0, 1.6913 1.6768 0.1181, 1.6891 1.6787 0.0, 1.6891 1.6787 0.1181, 1.6874 1.6808 0.0, 1.6874 1.6808 0.1181, 1.686 1.6839 0.0, 1.686 1.6839 0.1181, 1.685 1.688 0.0, 1.685 1.688 0.1181, 1.709 1.6741 0.1181, 1.709 1.6741 0.0, 1.709 1.7135 0.1181, 1.709 1.7135 0.0, 1.6907 1.6869 0.1181, 1.6902 1.6937 0.1181, 1.6905 1.6992 0.1181, 1.6914 1.7028 0.1181, 1.6925 1.705 0.1181, 1.6937 1.7065 0.1181, 1.6954 1.7078 0.1181, 1.6974 1.7086 0.1181, 1.7003 1.7091 0.1181, 1.6918 1.6837 0.1181, 1.6928 1.6819 0.1181, 1.6942 1.6806 0.1181, 1.6959 1.6795 0.1181, 1.6981 1.6788 0.1181, 1.7012 1.6785 0.1181, 1.7037 1.6785 0.1181, 1.7037 1.7091 0.1181, 1.7012 1.7091 0.1181, 1.6902 1.6937 0.0, 1.6907 1.6869 0.0, 1.6918 1.6837 0.0, 1.6928 1.6819 0.0, 1.6942 1.6806 0.0, 1.6959 1.6795 0.0, 1.6981 1.6788 0.0, 1.7012 1.6785 0.0, 1.7037 1.6785 0.0, 1.7037 1.7091 0.0, 1.7012 1.7091 0.0, 1.7003 1.7091 0.0, 1.6974 1.7086 0.0, 1.6954 1.7078 0.0, 1.6937 1.7065 0.0, 1.6925 1.705 0.0, 1.6914 1.7028 0.0, 1.6905 1.6992 0.0, 1.7143 1.6785 0.1181, 1.7143 1.6741 0.1181, 1.7143 1.6785 0.0, 1.7143 1.6741 0.0, 1.7378 1.6741 0.1181, 1.7378 1.6741 0.0, 1.7378 1.7135 0.1181, 1.7378 1.7135 0.0, 1.7155 1.7135 0.1181, 1.7155 1.7135 0.0, 1.7155 1.7091 0.1181, 1.7155 1.7091 0.0, 1.7325 1.7091 0.1181, 1.7325 1.7091 0.0, 1.7325 1.6969 0.1181, 1.7325 1.6969 0.0, 1.7169 1.6969 0.1181, 1.7169 1.6969 0.0, 1.7169 1.6925 0.1181, 1.7169 1.6925 0.0, 1.7325 1.6925 0.1181, 1.7325 1.6925 0.0, 1.7325 1.6785 0.1181, 1.7325 1.6785 0.0, 1.7484 1.6898 0.1181, 1.7431 1.6898 0.1181, 1.7484 1.6898 0.0, 1.7431 1.6898 0.0, 1.7551 1.6737 0.0, 1.7528 1.6739 0.0, 1.7551 1.6737 0.1181, 1.7527 1.6739 0.1181, 1.7527 1.6739 0.0, 1.7504 1.6747 0.0, 1.7504 1.6747 0.1181, 1.748 1.6762 0.0, 1.748 1.6762 0.1181, 1.746 1.6783 0.0, 1.746 1.6783 0.1181, 1.7447 1.6808 0.0, 1.7447 1.6808 0.1181, 1.7436 1.6844 0.0, 1.7436 1.6844 0.1181, 1.757 1.6739 0.0, 1.7581 1.674 0.1181, 1.7581 1.674 0.0, 1.7607 1.675 0.1181, 1.7607 1.675 0.0, 1.7629 1.6766 0.1181, 1.7629 1.6766 0.0, 1.765 1.6787 0.1181, 1.765 1.6787 0.0, 1.7665 1.6812 0.1181, 1.7665 1.6812 0.0, 1.7678 1.6855 0.1181, 1.7678 1.6855 0.0, 1.7684 1.6925 0.1181, 1.7684 1.6925 0.0, 1.7549 1.7139 0.0, 1.757 1.7137 0.0, 1.7549 1.7139 0.1181, 1.7575 1.7137 0.1181, 1.7575 1.7137 0.0, 1.7599 1.7128 0.0, 1.7599 1.7128 0.1181, 1.7622 1.7113 0.0, 1.7622 1.7113 0.1181, 1.7644 1.709 0.0, 1.7644 1.709 0.1181, 1.7664 1.7055 0.0, 1.7664 1.7055 0.1181, 1.7678 1.7003 0.0, 1.7678 1.7003 0.1181, 1.753 1.7137 0.0, 1.7518 1.7136 0.1181, 1.7518 1.7136 0.0, 1.7495 1.7127 0.1181, 1.7495 1.7127 0.0, 1.7475 1.7112 0.1181, 1.7475 1.7112 0.0, 1.7456 1.709 0.1181, 1.7456 1.709 0.0, 1.7443 1.7063 0.1181, 1.7443 1.7063 0.0, 1.7434 1.7026 0.1181, 1.7434 1.7026 0.0, 1.7433 1.6994 0.1181, 1.7433 1.6994 0.0, 1.7484 1.6994 0.1181, 1.7484 1.6994 0.0, 1.7549 1.7096 0.1181, 1.7549 1.7096 0.0, 1.7545 1.7096 0.0, 1.7545 1.7096 0.1181, 1.753 1.7093 0.0, 1.753 1.7093 0.1181, 1.7518 1.7088 0.0, 1.7518 1.7088 0.1181, 1.7508 1.7081 0.0, 1.7508 1.7081 0.1181, 1.75 1.707 0.0, 1.75 1.707 0.1181, 1.7494 1.7058 0.0, 1.7494 1.7058 0.1181, 1.7487 1.7033 0.0, 1.7487 1.7033 0.1181, 1.7629 1.693 0.1181, 1.7629 1.693 0.0, 1.7624 1.7002 0.0, 1.7624 1.7002 0.1181, 1.7614 1.7042 0.0, 1.7614 1.7042 0.1181, 1.7603 1.7065 0.0, 1.7603 1.7065 0.1181, 1.7591 1.7079 0.0, 1.7591 1.7079 0.1181, 1.7579 1.7088 0.0, 1.7579 1.7088 0.1181, 1.7565 1.7093 0.0, 1.7565 1.7093 0.1181, 1.7551 1.678 0.1181, 1.7551 1.678 0.0, 1.7565 1.6782 0.0, 1.7565 1.6782 0.1181, 1.7578 1.6786 0.0, 1.7578 1.6786 0.1181, 1.759 1.6794 0.0, 1.759 1.6794 0.1181, 1.7604 1.681 0.0, 1.7604 1.681 0.1181, 1.7615 1.6828 0.0, 1.7615 1.6828 0.1181, 1.7623 1.6857 0.0, 1.7623 1.6857 0.1181, 1.7486 1.686 0.0, 1.7486 1.686 0.1181, 1.7493 1.6827 0.0, 1.7493 1.6827 0.1181, 1.75 1.6811 0.0, 1.75 1.6811 0.1181, 1.751 1.6799 0.0, 1.751 1.6799 0.1181, 1.7524 1.6788 0.0, 1.7524 1.6788 0.1181, 1.7536 1.6782 0.0, 1.7536 1.6782 0.1181, 1.7733 1.6785 0.1181, 1.7733 1.6741 0.1181, 1.7733 1.6785 0.0, 1.7733 1.6741 0.0, 1.7972 1.6741 0.1181, 1.7972 1.6741 0.0, 1.7972 1.7135 0.1181, 1.7972 1.7135 0.0, 1.7919 1.7135 0.1181, 1.7919 1.7135 0.0, 1.7919 1.6785 0.1181, 1.7919 1.6785 0.0
            ]
        }
        coordIndex [
            0,1,2,-1,2,1,3,-1,2,3,4,-1,3,5,4,-1,4,5,6,-1,5,7,6,-1,6,7,8,-1,7,9,8,-1,8,9,10,-1,9,11,10,-1,10,11,12,-1,11,13,12,-1,12,13,14,-1,15,16,13,-1,13,16,17,-1,13,17,14,-1,15,1,16,-1,16,1,0,-1,18,3,1,-1,5,3,7,-1,7,3,18,-1,7,18,9,-1,9,18,19,-1,11,9,13,-1,13,9,19,-1,13,19,15,-1,15,19,20,-1,15,20,1,-1,1,20,21,-1,1,21,18,-1,19,18,22,-1,22,18,23,-1,20,19,24,-1,24,19,22,-1,21,20,25,-1,25,20,24,-1,18,21,23,-1,23,21,25,-1,26,27,28,-1,26,28,29,-1,29,28,30,-1,29,30,31,-1,31,30,32,-1,31,32,33,-1,33,32,34,-1,33,34,35,-1,35,34,36,-1,35,36,37,-1,37,36,38,-1,37,38,39,-1,39,38,40,-1,39,40,41,-1,41,40,42,-1,41,42,43,-1,44,45,46,-1,44,46,47,-1,47,46,48,-1,47,48,49,-1,49,48,50,-1,49,50,51,-1,51,50,52,-1,51,52,53,-1,53,52,54,-1,53,54,55,-1,55,54,56,-1,55,56,57,-1,57,56,58,-1,57,58,59,-1,59,58,27,-1,59,27,26,-1,44,60,45,-1,45,60,61,-1,60,62,61,-1,61,62,63,-1,62,43,63,-1,63,43,42,-1,64,57,59,-1,64,59,65,-1,59,26,65,-1,65,26,29,-1,65,29,66,-1,66,29,31,-1,66,31,67,-1,67,31,33,-1,67,33,68,-1,68,33,35,-1,68,35,69,-1,69,35,37,-1,69,37,70,-1,70,37,39,-1,70,39,71,-1,71,39,41,-1,71,41,72,-1,72,41,43,-1,57,64,55,-1,55,64,73,-1,55,73,53,-1,53,73,74,-1,53,74,51,-1,51,74,75,-1,51,75,49,-1,49,75,76,-1,49,76,47,-1,47,76,77,-1,47,77,44,-1,44,77,78,-1,44,78,60,-1,60,78,79,-1,60,79,62,-1,62,79,80,-1,62,80,43,-1,43,80,81,-1,43,81,72,-1,65,82,83,-1,65,83,64,-1,64,83,84,-1,64,84,73,-1,73,84,85,-1,73,85,74,-1,74,85,86,-1,74,86,75,-1,75,86,87,-1,75,87,76,-1,76,87,88,-1,76,88,77,-1,77,88,89,-1,77,89,78,-1,79,78,90,-1,90,78,89,-1,80,79,91,-1,91,79,90,-1,81,80,92,-1,92,80,91,-1,81,92,93,-1,81,93,72,-1,72,93,94,-1,72,94,71,-1,71,94,95,-1,71,95,70,-1,70,95,96,-1,70,96,69,-1,69,96,97,-1,69,97,68,-1,68,97,98,-1,68,98,67,-1,67,98,99,-1,67,99,66,-1,66,99,82,-1,66,82,65,-1,100,101,102,-1,102,101,103,-1,101,104,103,-1,103,104,105,-1,104,106,105,-1,105,106,107,-1,106,108,107,-1,107,108,109,-1,108,110,109,-1,109,110,111,-1,110,112,111,-1,111,112,113,-1,112,114,113,-1,113,114,115,-1,114,116,115,-1,115,116,117,-1,116,118,117,-1,117,118,119,-1,118,120,119,-1,119,120,121,-1,120,122,121,-1,121,122,123,-1,122,100,123,-1,123,100,102,-1,104,101,100,-1,100,122,104,-1,104,122,120,-1,104,120,106,-1,110,108,112,-1,112,108,106,-1,112,106,114,-1,114,106,120,-1,114,120,116,-1,116,120,118,-1,124,125,126,-1,126,125,127,-1,128,129,130,-1,130,129,131,-1,129,132,131,-1,131,132,133,-1,131,133,134,-1,134,133,135,-1,134,135,136,-1,136,135,137,-1,136,137,138,-1,138,137,139,-1,138,139,140,-1,140,139,141,-1,140,141,142,-1,142,141,127,-1,142,127,125,-1,128,130,143,-1,143,130,144,-1,143,144,145,-1,145,144,146,-1,145,146,147,-1,147,146,148,-1,147,148,149,-1,149,148,150,-1,149,150,151,-1,151,150,152,-1,151,152,153,-1,153,152,154,-1,153,154,155,-1,155,154,156,-1,155,156,157,-1,158,159,160,-1,160,159,161,-1,159,162,161,-1,161,162,163,-1,161,163,164,-1,164,163,165,-1,164,165,166,-1,166,165,167,-1,166,167,168,-1,168,167,169,-1,168,169,170,-1,170,169,171,-1,170,171,172,-1,172,171,157,-1,172,157,156,-1,158,160,173,-1,173,160,174,-1,173,174,175,-1,175,174,176,-1,175,176,177,-1,177,176,178,-1,177,178,179,-1,179,178,180,-1,179,180,181,-1,181,180,182,-1,181,182,183,-1,183,182,184,-1,183,184,185,-1,185,184,186,-1,185,186,187,-1,186,188,187,-1,187,188,189,-1,190,191,192,-1,190,192,193,-1,193,192,194,-1,193,194,195,-1,195,194,196,-1,195,196,197,-1,197,196,198,-1,197,198,199,-1,199,198,200,-1,199,200,201,-1,201,200,202,-1,201,202,203,-1,203,202,204,-1,203,204,205,-1,205,204,189,-1,205,189,188,-1,206,207,208,-1,206,208,209,-1,209,208,210,-1,209,210,211,-1,211,210,212,-1,211,212,213,-1,213,212,214,-1,213,214,215,-1,215,214,216,-1,215,216,217,-1,217,216,218,-1,217,218,219,-1,219,218,191,-1,219,191,190,-1,220,221,222,-1,220,222,223,-1,223,222,224,-1,223,224,225,-1,225,224,226,-1,225,226,227,-1,227,226,228,-1,227,228,229,-1,229,228,230,-1,229,230,231,-1,231,230,232,-1,231,232,233,-1,233,232,207,-1,233,207,206,-1,124,126,234,-1,124,234,235,-1,235,234,236,-1,235,236,237,-1,237,236,238,-1,237,238,239,-1,239,238,240,-1,239,240,241,-1,241,240,242,-1,241,242,243,-1,243,242,244,-1,243,244,245,-1,245,244,221,-1,245,221,220,-1,188,186,205,-1,205,186,184,-1,205,184,203,-1,203,184,182,-1,203,182,201,-1,201,182,180,-1,201,180,199,-1,199,180,178,-1,199,178,197,-1,197,178,176,-1,197,176,195,-1,195,176,174,-1,195,174,193,-1,193,174,160,-1,125,124,142,-1,142,124,235,-1,142,235,140,-1,140,235,237,-1,140,237,138,-1,138,237,239,-1,138,239,136,-1,136,239,241,-1,136,241,134,-1,134,241,243,-1,134,243,131,-1,131,243,245,-1,131,245,130,-1,130,245,220,-1,130,220,144,-1,144,220,223,-1,144,223,146,-1,146,223,225,-1,146,225,148,-1,148,225,227,-1,148,227,150,-1,150,227,229,-1,150,229,152,-1,152,229,231,-1,152,231,154,-1,154,231,233,-1,154,233,156,-1,156,233,206,-1,156,206,172,-1,172,206,209,-1,172,209,170,-1,170,209,211,-1,170,211,168,-1,168,211,213,-1,168,213,166,-1,166,213,215,-1,166,215,164,-1,164,215,217,-1,164,217,161,-1,161,217,219,-1,161,219,160,-1,160,219,190,-1,160,190,193,-1,246,247,248,-1,248,247,249,-1,247,250,249,-1,249,250,251,-1,250,252,251,-1,251,252,253,-1,252,254,253,-1,253,254,255,-1,254,256,255,-1,255,256,257,-1,256,246,257,-1,257,246,248,-1,254,252,256,-1,256,252,250,-1,256,250,246,-1,246,250,247,-1,
        ]
    }
}
Shape{
    appearance Appearance {
        material  Material {
            diffuseColor 0.3333333333333333 0.3333333333333333 0.3333333333333333
            specularColor 0.16862745098039217 0.16862745098039217 0.16862745098039217
            ambientIntensity 0.3333
            transparency 0.0
            shininess 0.5
        }
    }
    geometry IndexedFaceSet {
        ccw TRUE
        solid FALSE
        coord DEF co Coordinate {
            point [
                1.6674 1.7047 0.0, 1.6678 1.7047 0.0, 1.6637 1.6907 0.0, 1.6715 1.6907 0.0, 1.6974 1.7086 0.0, 1.7003 1.7091 0.0, 1.6914 1.7028 0.0, 1.7037 1.7091 0.0, 1.7037 1.6785 0.0, 1.7012 1.7091 0.0, 1.7012 1.6785 0.0, 1.6907 1.6869 0.0, 1.6902 1.6937 0.0, 1.6905 1.6992 0.0, 1.6981 1.6788 0.0, 1.6959 1.6795 0.0, 1.6918 1.6837 0.0, 1.6942 1.6806 0.0, 1.6928 1.6819 0.0, 1.6925 1.705 0.0, 1.6937 1.7065 0.0, 1.6954 1.7078 0.0
            ]
        }
        coordIndex [
            0,1,2,-1,2,1,3,-1,4,5,6,-1,7,8,9,-1,9,8,10,-1,9,10,5,-1,11,12,10,-1,10,12,5,-1,5,12,13,-1,5,13,6,-1,10,14,11,-1,11,14,15,-1,11,15,16,-1,16,15,17,-1,16,17,18,-1,19,20,6,-1,6,20,21,-1,6,21,4,-1,
        ]
    }
}
Shape{
    appearance Appearance {
        material  Material {
            diffuseColor 1.0 1.0 1.0
            specularColor 0.5019607843137255 0.5019607843137255 0.5019607843137255
            ambientIntensity 1.0
            transparency 0.0
            shininess 0.5
        }
    }
    geometry IndexedFaceSet {
        ccw TRUE
        solid FALSE
        coord DEF co Coordinate {
            point [
                -2.0225 1.3189 0.3053, -1.8504 1.3189 0.3053, -2.0225 0.4921 0.3053, -1.8504 0.4921 0.3053, -2.0526 1.3189 0.3014, -2.0526 0.4921 0.3014, -2.0808 1.3189 0.2899, -2.0808 0.4921 0.2899, -2.1051 1.3189 0.2716, -2.1051 0.4921 0.2716, -2.1239 1.3189 0.2477, -2.1239 0.4921 0.2477, -2.2372 1.3189 0.0576, -2.2372 0.4921 0.0576, -2.256 0.4921 0.0337, -2.256 1.3189 0.0337, -2.2803 0.4921 0.0154, -2.2803 1.3189 0.0154, -2.3085 0.4921 0.0039, -2.3085 1.3189 0.0039, -2.3387 0.4921 0.0, -2.3387 1.3189 0.0, -2.6535 1.3189 0.0, -2.6535 0.4921 0.0, -2.6597 0.4921 0.0008, -2.6597 1.3189 0.0008, -2.6654 0.4921 0.0032, -2.6654 1.3189 0.0032, -2.6702 0.4921 0.0069, -2.6702 1.3189 0.0069, -2.674 0.4921 0.0118, -2.674 1.3189 0.0118, -2.6764 0.4921 0.0175, -2.6764 1.3189 0.0175, -2.6772 0.4921 0.0236, -2.6772 1.3189 0.0236, -2.6772 1.3189 0.0551, -2.6772 0.4921 0.0551, -2.6766 0.4921 0.0604, -2.6766 1.3189 0.0604, -2.6748 0.4921 0.0654, -2.6748 1.3189 0.0654, -2.672 0.4921 0.0698, -2.672 1.3189 0.0698, -2.6683 0.4921 0.0736, -2.6683 1.3189 0.0736, -2.6638 0.4921 0.0764, -2.6638 1.3189 0.0764, -2.6588 0.4921 0.0781, -2.6588 1.3189 0.0781, -2.6535 0.4921 0.0787, -2.6535 1.3189 0.0787, -2.3387 1.3189 0.0787, -2.3387 0.4921 0.0787, -2.3286 1.3189 0.08, -2.3286 0.4921 0.08, -2.3192 1.3189 0.0839, -2.3192 0.4921 0.0839, -2.3111 1.3189 0.09, -2.3111 0.4921 0.09, -2.3049 1.3189 0.0979, -2.3049 0.4921 0.0979, -2.1915 1.3189 0.288, -2.1915 0.4921 0.288, -2.1602 0.4921 0.3278, -2.1602 1.3189 0.3278, -2.1197 0.4921 0.3583, -2.1197 1.3189 0.3583, -2.0727 0.4921 0.3775, -2.0727 1.3189 0.3775, -2.0225 0.4921 0.384, -2.0225 1.3189 0.384, -1.8504 1.3189 0.384, -1.8504 0.4921 0.384, 2.6535 1.3189 0.0787, 2.6535 0.4921 0.0787, 2.6588 0.4921 0.0781, 2.6588 1.3189 0.0781, 2.6638 0.4921 0.0764, 2.6638 1.3189 0.0764, 2.6683 0.4921 0.0736, 2.6683 1.3189 0.0736, 2.672 0.4921 0.0698, 2.672 1.3189 0.0698, 2.6748 0.4921 0.0654, 2.6748 1.3189 0.0654, 2.6766 0.4921 0.0604, 2.6766 1.3189 0.0604, 2.6772 0.4921 0.0551, 2.6772 1.3189 0.0551, 2.6772 1.3189 0.0236, 2.6772 0.4921 0.0236, 2.6764 0.4921 0.0175, 2.6764 1.3189 0.0175, 2.674 0.4921 0.0118, 2.674 1.3189 0.0118, 2.6702 0.4921 0.0069, 2.6702 1.3189 0.0069, 2.6654 0.4921 0.0032, 2.6654 1.3189 0.0032, 2.6597 0.4921 0.0008, 2.6597 1.3189 0.0008, 2.6535 0.4921 0.0, 2.6535 1.3189 0.0, 2.3387 1.3189 0.0, 2.3387 0.4921 0.0, 2.3085 0.4921 0.0039, 2.3085 1.3189 0.0039, 2.2803 0.4921 0.0154, 2.2803 1.3189 0.0154, 2.256 0.4921 0.0337, 2.256 1.3189 0.0337, 2.2372 0.4921 0.0576, 2.2372 1.3189 0.0576, 2.1239 1.3189 0.2477, 2.1239 0.4921 0.2477, 2.1051 1.3189 0.2716, 2.1051 0.4921 0.2716, 2.0808 1.3189 0.2899, 2.0808 0.4921 0.2899, 2.0526 1.3189 0.3014, 2.0526 0.4921 0.3014, 2.0225 1.3189 0.3053, 2.0225 0.4921 0.3053, 1.8504 1.3189 0.3053, 1.8504 0.4921 0.3053, 2.0225 1.3189 0.384, 1.8504 1.3189 0.384, 2.0225 0.4921 0.384, 1.8504 0.4921 0.384, 2.0727 0.4921 0.3775, 2.0727 1.3189 0.3775, 2.1197 0.4921 0.3583, 2.1197 1.3189 0.3583, 2.1602 0.4921 0.3278, 2.1602 1.3189 0.3278, 2.1915 0.4921 0.288, 2.1915 1.3189 0.288, 2.3049 1.3189 0.0979, 2.3049 0.4921 0.0979, 2.3111 1.3189 0.09, 2.3111 0.4921 0.09, 2.3192 1.3189 0.0839, 2.3192 0.4921 0.0839, 2.3286 1.3189 0.08, 2.3286 0.4921 0.08, 2.3387 1.3189 0.0787, 2.3387 0.4921 0.0787, -2.0225 -1.3189 0.384, -1.8504 -1.3189 0.384, -2.0225 -0.4921 0.384, -1.8504 -0.4921 0.384, -2.0727 -0.4921 0.3775, -2.0727 -1.3189 0.3775, -2.1197 -0.4921 0.3583, -2.1197 -1.3189 0.3583, -2.1602 -0.4921 0.3278, -2.1602 -1.3189 0.3278, -2.1915 -0.4921 0.288, -2.1915 -1.3189 0.288, -2.3049 -1.3189 0.0979, -2.3049 -0.4921 0.0979, -2.3111 -1.3189 0.09, -2.3111 -0.4921 0.09, -2.3192 -1.3189 0.0839, -2.3192 -0.4921 0.0839, -2.3286 -1.3189 0.08, -2.3286 -0.4921 0.08, -2.3387 -1.3189 0.0787, -2.3387 -0.4921 0.0787, -2.6535 -1.3189 0.0787, -2.6535 -0.4921 0.0787, -2.6588 -0.4921 0.0781, -2.6588 -1.3189 0.0781, -2.6638 -0.4921 0.0764, -2.6638 -1.3189 0.0764, -2.6683 -0.4921 0.0736, -2.6683 -1.3189 0.0736, -2.672 -0.4921 0.0698, -2.672 -1.3189 0.0698, -2.6748 -0.4921 0.0654, -2.6748 -1.3189 0.0654, -2.6766 -0.4921 0.0604, -2.6766 -1.3189 0.0604, -2.6772 -0.4921 0.0551, -2.6772 -1.3189 0.0551, -2.6772 -1.3189 0.0236, -2.6772 -0.4921 0.0236, -2.6764 -0.4921 0.0175, -2.6764 -1.3189 0.0175, -2.674 -0.4921 0.0118, -2.674 -1.3189 0.0118, -2.6702 -0.4921 0.0069, -2.6702 -1.3189 0.0069, -2.6654 -0.4921 0.0032, -2.6654 -1.3189 0.0032, -2.6597 -0.4921 0.0008, -2.6597 -1.3189 0.0008, -2.6535 -0.4921 0.0, -2.6535 -1.3189 0.0, -2.3387 -1.3189 0.0, -2.3387 -0.4921 0.0, -2.3085 -0.4921 0.0039, -2.3085 -1.3189 0.0039, -2.2803 -0.4921 0.0154, -2.2803 -1.3189 0.0154, -2.256 -0.4921 0.0337, -2.256 -1.3189 0.0337, -2.2372 -0.4921 0.0576, -2.2372 -1.3189 0.0576, -2.1239 -1.3189 0.2477, -2.1239 -0.4921 0.2477, -2.1051 -1.3189 0.2716, -2.1051 -0.4921 0.2716, -2.0808 -1.3189 0.2899, -2.0808 -0.4921 0.2899, -2.0526 -1.3189 0.3014, -2.0526 -0.4921 0.3014, -2.0225 -1.3189 0.3053, -2.0225 -0.4921 0.3053, -1.8504 -1.3189 0.3053, -1.8504 -0.4921 0.3053, 2.6772 -1.3189 0.0551, 2.6772 -0.4921 0.0551, 2.6766 -0.4921 0.0604, 2.6766 -1.3189 0.0604, 2.6748 -0.4921 0.0654, 2.6748 -1.3189 0.0654, 2.672 -0.4921 0.0698, 2.672 -1.3189 0.0698, 2.6683 -0.4921 0.0736, 2.6683 -1.3189 0.0736, 2.6638 -0.4921 0.0764, 2.6638 -1.3189 0.0764, 2.6588 -0.4921 0.0781, 2.6588 -1.3189 0.0781, 2.6535 -0.4921 0.0787, 2.6535 -1.3189 0.0787, 2.3387 -1.3189 0.0787, 2.3387 -0.4921 0.0787, 2.3286 -1.3189 0.08, 2.3286 -0.4921 0.08, 2.3192 -1.3189 0.0839, 2.3192 -0.4921 0.0839, 2.3111 -1.3189 0.09, 2.3111 -0.4921 0.09, 2.3049 -1.3189 0.0979, 2.3049 -0.4921 0.0979, 2.1915 -1.3189 0.288, 2.1915 -0.4921 0.288, 2.1602 -0.4921 0.3278, 2.1602 -1.3189 0.3278, 2.1197 -0.4921 0.3583, 2.1197 -1.3189 0.3583, 2.0727 -0.4921 0.3775, 2.0727 -1.3189 0.3775, 2.0225 -0.4921 0.384, 2.0225 -1.3189 0.384, 1.8504 -1.3189 0.384, 1.8504 -0.4921 0.384, 2.0225 -1.3189 0.3053, 1.8504 -1.3189 0.3053, 2.0225 -0.4921 0.3053, 1.8504 -0.4921 0.3053, 2.0526 -1.3189 0.3014, 2.0526 -0.4921 0.3014, 2.0808 -1.3189 0.2899, 2.0808 -0.4921 0.2899, 2.1051 -1.3189 0.2716, 2.1051 -0.4921 0.2716, 2.1239 -1.3189 0.2477, 2.1239 -0.4921 0.2477, 2.2372 -1.3189 0.0576, 2.2372 -0.4921 0.0576, 2.256 -0.4921 0.0337, 2.256 -1.3189 0.0337, 2.2803 -0.4921 0.0154, 2.2803 -1.3189 0.0154, 2.3085 -0.4921 0.0039, 2.3085 -1.3189 0.0039, 2.3387 -0.4921 0.0, 2.3387 -1.3189 0.0, 2.6535 -1.3189 0.0, 2.6535 -0.4921 0.0, 2.6597 -0.4921 0.0008, 2.6597 -1.3189 0.0008, 2.6654 -0.4921 0.0032, 2.6654 -1.3189 0.0032, 2.6702 -0.4921 0.0069, 2.6702 -1.3189 0.0069, 2.674 -0.4921 0.0118, 2.674 -1.3189 0.0118, 2.6764 -0.4921 0.0175, 2.6764 -1.3189 0.0175, 2.6772 -0.4921 0.0236, 2.6772 -1.3189 0.0236, 0.6299 1.8057 0.1969, 0.1575 1.8057 0.1969, 0.1575 1.8124 0.1459, 0.6299 1.8124 0.1459, 0.1575 1.8321 0.0984, 0.6299 1.8321 0.0984, 0.1575 1.8634 0.0577, 0.6299 1.8634 0.0577, 0.1575 1.9042 0.0264, 0.6299 1.9042 0.0264, 0.1575 1.9516 0.0067, 0.6299 1.9516 0.0067, 0.1575 2.0026 0.0, 0.6299 2.0026 0.0, 0.6299 2.3372 0.0, 0.1575 2.3372 0.0, 0.6299 2.3372 0.0787, 0.1575 2.3372 0.0787, 0.6299 2.0026 0.0787, 0.1575 2.0026 0.0787, 0.6299 1.972 0.0828, 0.1575 1.972 0.0828, 0.6299 1.9435 0.0946, 0.1575 1.9435 0.0946, 0.6299 1.9191 0.1133, 0.1575 1.9191 0.1133, 0.6299 1.9003 0.1378, 0.1575 1.9003 0.1378, 0.6299 1.8885 0.1663, 0.1575 1.8885 0.1663, 0.6299 1.8845 0.1969, 0.1575 1.8845 0.1969, 0.6299 1.8845 0.2929, 0.6299 1.8057 0.2929, 0.1575 1.8845 0.2929, 0.1575 1.8057 0.2929
            ]
        }
        coordIndex [
            0,1,2,-1,2,1,3,-1,0,2,4,-1,4,2,5,-1,4,5,6,-1,6,5,7,-1,6,7,8,-1,8,7,9,-1,8,9,10,-1,10,9,11,-1,12,10,13,-1,13,10,11,-1,12,13,14,-1,12,14,15,-1,15,14,16,-1,15,16,17,-1,17,16,18,-1,17,18,19,-1,19,18,20,-1,19,20,21,-1,22,21,23,-1,23,21,20,-1,22,23,24,-1,22,24,25,-1,25,24,26,-1,25,26,27,-1,27,26,28,-1,27,28,29,-1,29,28,30,-1,29,30,31,-1,31,30,32,-1,31,32,33,-1,33,32,34,-1,33,34,35,-1,36,35,37,-1,37,35,34,-1,36,37,38,-1,36,38,39,-1,39,38,40,-1,39,40,41,-1,41,40,42,-1,41,42,43,-1,43,42,44,-1,43,44,45,-1,45,44,46,-1,45,46,47,-1,47,46,48,-1,47,48,49,-1,49,48,50,-1,49,50,51,-1,52,51,53,-1,53,51,50,-1,52,53,54,-1,54,53,55,-1,54,55,56,-1,56,55,57,-1,56,57,58,-1,58,57,59,-1,58,59,60,-1,60,59,61,-1,62,60,63,-1,63,60,61,-1,62,63,64,-1,62,64,65,-1,65,64,66,-1,65,66,67,-1,67,66,68,-1,67,68,69,-1,69,68,70,-1,69,70,71,-1,72,71,73,-1,73,71,70,-1,36,21,22,-1,39,41,51,-1,72,1,71,-1,71,1,0,-1,71,0,69,-1,69,0,4,-1,69,4,67,-1,67,4,6,-1,67,6,65,-1,65,6,8,-1,65,8,62,-1,62,8,10,-1,62,10,60,-1,60,10,12,-1,60,12,58,-1,58,12,15,-1,58,15,56,-1,56,15,17,-1,56,17,54,-1,54,17,19,-1,54,19,52,-1,52,19,21,-1,52,21,51,-1,51,21,36,-1,51,36,39,-1,41,43,51,-1,51,43,45,-1,51,45,49,-1,49,45,47,-1,25,33,22,-1,22,33,35,-1,22,35,36,-1,25,27,33,-1,33,27,29,-1,33,29,31,-1,23,20,37,-1,48,46,44,-1,3,73,2,-1,2,73,70,-1,2,70,5,-1,5,70,68,-1,5,68,7,-1,7,68,66,-1,7,66,9,-1,9,66,64,-1,9,64,11,-1,11,64,63,-1,11,63,13,-1,13,63,61,-1,13,61,14,-1,14,61,59,-1,14,59,16,-1,16,59,57,-1,16,57,18,-1,18,57,55,-1,18,55,20,-1,20,55,53,-1,20,53,37,-1,37,53,50,-1,37,50,38,-1,38,50,40,-1,48,44,50,-1,50,44,42,-1,50,42,40,-1,37,34,23,-1,23,34,32,-1,23,32,30,-1,30,28,23,-1,23,28,26,-1,23,26,24,-1,74,75,76,-1,74,76,77,-1,77,76,78,-1,77,78,79,-1,79,78,80,-1,79,80,81,-1,81,80,82,-1,81,82,83,-1,83,82,84,-1,83,84,85,-1,85,84,86,-1,85,86,87,-1,87,86,88,-1,87,88,89,-1,90,89,91,-1,91,89,88,-1,90,91,92,-1,90,92,93,-1,93,92,94,-1,93,94,95,-1,95,94,96,-1,95,96,97,-1,97,96,98,-1,97,98,99,-1,99,98,100,-1,99,100,101,-1,101,100,102,-1,101,102,103,-1,104,103,105,-1,105,103,102,-1,104,105,106,-1,104,106,107,-1,107,106,108,-1,107,108,109,-1,109,108,110,-1,109,110,111,-1,111,110,112,-1,111,112,113,-1,114,113,115,-1,115,113,112,-1,114,115,116,-1,116,115,117,-1,116,117,118,-1,118,117,119,-1,118,119,120,-1,120,119,121,-1,120,121,122,-1,122,121,123,-1,124,122,125,-1,125,122,123,-1,126,127,128,-1,128,127,129,-1,126,128,130,-1,126,130,131,-1,131,130,132,-1,131,132,133,-1,133,132,134,-1,133,134,135,-1,135,134,136,-1,135,136,137,-1,138,137,139,-1,139,137,136,-1,138,139,140,-1,140,139,141,-1,140,141,142,-1,142,141,143,-1,142,143,144,-1,144,143,145,-1,144,145,146,-1,146,145,147,-1,74,146,75,-1,75,146,147,-1,87,89,74,-1,74,89,103,-1,74,103,146,-1,146,103,104,-1,146,104,144,-1,144,104,107,-1,144,107,142,-1,142,107,109,-1,142,109,140,-1,140,109,111,-1,140,111,138,-1,138,111,113,-1,138,113,137,-1,137,113,114,-1,137,114,135,-1,135,114,116,-1,135,116,133,-1,133,116,118,-1,133,118,131,-1,131,118,120,-1,131,120,126,-1,126,120,122,-1,126,122,127,-1,127,122,124,-1,81,74,79,-1,79,74,77,-1,81,83,74,-1,74,83,85,-1,74,85,87,-1,89,90,103,-1,103,90,93,-1,103,93,95,-1,95,97,103,-1,103,97,99,-1,103,99,101,-1,91,88,75,-1,129,125,128,-1,128,125,123,-1,128,123,130,-1,130,123,121,-1,130,121,132,-1,132,121,119,-1,132,119,134,-1,134,119,117,-1,134,117,136,-1,136,117,115,-1,136,115,139,-1,139,115,112,-1,139,112,141,-1,141,112,110,-1,141,110,143,-1,143,110,108,-1,143,108,145,-1,145,108,106,-1,145,106,147,-1,147,106,105,-1,147,105,75,-1,75,105,102,-1,75,102,91,-1,88,86,75,-1,75,86,84,-1,75,84,82,-1,82,80,75,-1,75,80,78,-1,75,78,76,-1,96,102,98,-1,98,102,100,-1,96,94,102,-1,102,94,92,-1,102,92,91,-1,148,149,150,-1,150,149,151,-1,148,150,152,-1,148,152,153,-1,153,152,154,-1,153,154,155,-1,155,154,156,-1,155,156,157,-1,157,156,158,-1,157,158,159,-1,160,159,161,-1,161,159,158,-1,160,161,162,-1,162,161,163,-1,162,163,164,-1,164,163,165,-1,164,165,166,-1,166,165,167,-1,166,167,168,-1,168,167,169,-1,170,168,171,-1,171,168,169,-1,170,171,172,-1,170,172,173,-1,173,172,174,-1,173,174,175,-1,175,174,176,-1,175,176,177,-1,177,176,178,-1,177,178,179,-1,179,178,180,-1,179,180,181,-1,181,180,182,-1,181,182,183,-1,183,182,184,-1,183,184,185,-1,186,185,187,-1,187,185,184,-1,186,187,188,-1,186,188,189,-1,189,188,190,-1,189,190,191,-1,191,190,192,-1,191,192,193,-1,193,192,194,-1,193,194,195,-1,195,194,196,-1,195,196,197,-1,197,196,198,-1,197,198,199,-1,200,199,201,-1,201,199,198,-1,200,201,202,-1,200,202,203,-1,203,202,204,-1,203,204,205,-1,205,204,206,-1,205,206,207,-1,207,206,208,-1,207,208,209,-1,210,209,211,-1,211,209,208,-1,210,211,212,-1,212,211,213,-1,212,213,214,-1,214,213,215,-1,214,215,216,-1,216,215,217,-1,216,217,218,-1,218,217,219,-1,220,218,221,-1,221,218,219,-1,220,149,218,-1,218,149,148,-1,218,148,216,-1,216,148,153,-1,216,153,214,-1,214,153,155,-1,214,155,212,-1,212,155,157,-1,212,157,210,-1,210,157,159,-1,210,159,209,-1,209,159,160,-1,209,160,207,-1,207,160,162,-1,207,162,205,-1,205,162,164,-1,205,164,203,-1,203,164,166,-1,203,166,200,-1,173,175,177,-1,181,183,170,-1,170,183,185,-1,170,185,168,-1,166,168,200,-1,200,168,185,-1,200,185,199,-1,199,185,186,-1,199,186,189,-1,173,177,170,-1,170,177,179,-1,170,179,181,-1,189,191,199,-1,199,191,193,-1,199,193,197,-1,197,193,195,-1,188,187,198,-1,198,187,184,-1,198,184,201,-1,182,180,171,-1,151,221,150,-1,150,221,219,-1,150,219,152,-1,152,219,217,-1,152,217,154,-1,154,217,215,-1,154,215,156,-1,156,215,213,-1,156,213,158,-1,158,213,211,-1,158,211,161,-1,161,211,208,-1,161,208,163,-1,163,208,206,-1,163,206,165,-1,165,206,204,-1,165,204,167,-1,167,204,202,-1,167,202,169,-1,169,202,201,-1,169,201,171,-1,171,201,184,-1,171,184,182,-1,196,194,192,-1,180,178,171,-1,171,178,176,-1,171,176,172,-1,172,176,174,-1,196,192,198,-1,198,192,190,-1,198,190,188,-1,222,223,224,-1,222,224,225,-1,225,224,226,-1,225,226,227,-1,227,226,228,-1,227,228,229,-1,229,228,230,-1,229,230,231,-1,231,230,232,-1,231,232,233,-1,233,232,234,-1,233,234,235,-1,235,234,236,-1,235,236,237,-1,238,237,239,-1,239,237,236,-1,238,239,240,-1,240,239,241,-1,240,241,242,-1,242,241,243,-1,242,243,244,-1,244,243,245,-1,244,245,246,-1,246,245,247,-1,248,246,249,-1,249,246,247,-1,248,249,250,-1,248,250,251,-1,251,250,252,-1,251,252,253,-1,253,252,254,-1,253,254,255,-1,255,254,256,-1,255,256,257,-1,258,257,259,-1,259,257,256,-1,260,261,262,-1,262,261,263,-1,260,262,264,-1,264,262,265,-1,264,265,266,-1,266,265,267,-1,266,267,268,-1,268,267,269,-1,268,269,270,-1,270,269,271,-1,272,270,273,-1,273,270,271,-1,272,273,274,-1,272,274,275,-1,275,274,276,-1,275,276,277,-1,277,276,278,-1,277,278,279,-1,279,278,280,-1,279,280,281,-1,282,281,283,-1,283,281,280,-1,282,283,284,-1,282,284,285,-1,285,284,286,-1,285,286,287,-1,287,286,288,-1,287,288,289,-1,289,288,290,-1,289,290,291,-1,291,290,292,-1,291,292,293,-1,293,292,294,-1,293,294,295,-1,222,295,223,-1,223,295,294,-1,295,222,237,-1,258,261,257,-1,257,261,260,-1,257,260,255,-1,255,260,264,-1,255,264,253,-1,253,264,266,-1,253,266,251,-1,251,266,268,-1,251,268,248,-1,248,268,270,-1,248,270,246,-1,246,270,272,-1,246,272,244,-1,244,272,275,-1,244,275,242,-1,242,275,277,-1,242,277,240,-1,240,277,279,-1,240,279,238,-1,238,279,281,-1,238,281,237,-1,237,281,282,-1,237,282,295,-1,222,225,237,-1,237,225,227,-1,237,227,229,-1,229,231,237,-1,237,231,233,-1,237,233,235,-1,289,282,287,-1,287,282,285,-1,289,291,282,-1,282,291,293,-1,282,293,295,-1,224,223,236,-1,236,223,283,-1,236,283,239,-1,239,283,280,-1,239,280,241,-1,241,280,278,-1,241,278,243,-1,243,278,276,-1,243,276,245,-1,245,276,274,-1,245,274,247,-1,247,274,273,-1,247,273,249,-1,249,273,271,-1,249,271,250,-1,250,271,269,-1,250,269,252,-1,252,269,267,-1,252,267,254,-1,254,267,265,-1,254,265,256,-1,256,265,262,-1,256,262,259,-1,259,262,263,-1,230,236,232,-1,232,236,234,-1,230,228,236,-1,236,228,226,-1,236,226,224,-1,223,294,283,-1,283,294,292,-1,283,292,290,-1,290,288,283,-1,283,288,286,-1,283,286,284,-1,296,297,298,-1,296,298,299,-1,299,298,300,-1,299,300,301,-1,301,300,302,-1,301,302,303,-1,303,302,304,-1,303,304,305,-1,305,304,306,-1,305,306,307,-1,307,306,308,-1,307,308,309,-1,310,309,311,-1,311,309,308,-1,312,310,313,-1,313,310,311,-1,314,312,315,-1,315,312,313,-1,314,315,316,-1,316,315,317,-1,316,317,318,-1,318,317,319,-1,318,319,320,-1,320,319,321,-1,320,321,322,-1,322,321,323,-1,322,323,324,-1,324,323,325,-1,324,325,326,-1,326,325,327,-1,328,329,326,-1,326,329,296,-1,326,296,324,-1,324,296,299,-1,324,299,322,-1,322,299,301,-1,322,301,320,-1,320,301,303,-1,320,303,318,-1,318,303,305,-1,318,305,316,-1,316,305,307,-1,316,307,314,-1,314,307,309,-1,314,309,312,-1,312,309,310,-1,313,311,315,-1,315,311,308,-1,315,308,317,-1,317,308,306,-1,317,306,319,-1,319,306,304,-1,319,304,321,-1,321,304,302,-1,321,302,323,-1,323,302,300,-1,323,300,325,-1,325,300,298,-1,325,298,327,-1,327,298,297,-1,327,297,330,-1,330,297,331,-1,
        ]
    }
}
Shape{
    appearance Appearance {
        material  Material {
            diffuseColor 0.792156862745098 0.8196078431372549 0.9333333333333333
            specularColor 0.396078431372549 0.4117647058823529 0.4666666666666667
            ambientIntensity 0.8244
            transparency 0.0
            shininess 0.5
        }
    }
    geometry IndexedFaceSet {
        ccw TRUE
        solid FALSE
        coord DEF co Coordinate {
            point [
                -0.1558 -2.3372 0.0787, -0.1558 -2.3372 0.0, -0.1558 -2.0026 0.0787, -0.1558 -2.0026 0.0, -0.1558 -1.972 0.0828, -0.1558 -1.9516 0.0067, -0.1558 -1.9435 0.0946, -0.1558 -1.9042 0.0264, -0.1558 -1.9191 0.1133, -0.1558 -1.8634 0.0577, -0.1558 -1.9003 0.1378, -0.1558 -1.8321 0.0984, -0.1558 -1.8885 0.1663, -0.1558 -1.8124 0.1459, -0.1558 -1.8845 0.1969, -0.1558 -1.8057 0.1969, -0.1558 -1.8845 0.2622, -0.1558 -1.8057 0.2622
            ]
        }
        coordIndex [
            0,1,2,-1,2,1,3,-1,2,3,4,-1,4,3,5,-1,4,5,6,-1,6,5,7,-1,6,7,8,-1,8,7,9,-1,8,9,10,-1,10,9,11,-1,10,11,12,-1,12,11,13,-1,12,13,14,-1,14,13,15,-1,14,15,16,-1,16,15,17,-1,
        ]
    }
}
Shape{
    appearance Appearance {
        material  Material {
            diffuseColor 1.0 1.0 1.0
            specularColor 0.5019607843137255 0.5019607843137255 0.5019607843137255
            ambientIntensity 1.0
            transparency 0.0
            shininess 0.5
        }
    }
    geometry IndexedFaceSet {
        ccw TRUE
        solid FALSE
        coord DEF co Coordinate {
            point [
                -0.6292 -1.8845 0.2622, -0.6292 -1.8057 0.2622, -0.6292 -1.8845 0.1969, -0.6292 -1.8057 0.1969, -0.6292 -1.8885 0.1663, -0.6292 -1.8124 0.1459, -0.6292 -1.9003 0.1378, -0.6292 -1.8321 0.0984, -0.6292 -1.9191 0.1133, -0.6292 -1.8634 0.0577, -0.6292 -1.9435 0.0946, -0.6292 -1.9042 0.0264, -0.6292 -1.972 0.0828, -0.6292 -1.9516 0.0067, -0.6292 -2.0026 0.0787, -0.6292 -2.0026 0.0, -0.6292 -2.3372 0.0787, -0.6292 -2.3372 0.0
            ]
        }
        coordIndex [
            0,1,2,-1,2,1,3,-1,2,3,4,-1,4,3,5,-1,4,5,6,-1,6,5,7,-1,6,7,8,-1,8,7,9,-1,8,9,10,-1,10,9,11,-1,10,11,12,-1,12,11,13,-1,12,13,14,-1,14,13,15,-1,14,15,16,-1,16,15,17,-1,
        ]
    }
}
Shape{
    appearance Appearance {
        material  Material {
            diffuseColor 0.3333333333333333 0.3333333333333333 0.3333333333333333
            specularColor 0.16862745098039217 0.16862745098039217 0.16862745098039217
            ambientIntensity 0.3333
            transparency 0.0
            shininess 0.5
        }
    }
    geometry IndexedFaceSet {
        ccw TRUE
        solid FALSE
        coord DEF co Coordinate {
            point [
                1.37 0.1234 3.622, 1.3666 0.1762 3.622, 1.364 0.1759 3.6424, 1.3273 0.3663 3.622, 1.2772 0.5171 3.622, 1.2748 0.5161 3.6424, 1.2389 0.5966 3.622, 1.2006 0.6762 3.622, 1.1983 0.6749 3.6424, 0.9507 0.9942 3.622, 0.8591 1.0773 3.622, 0.8575 1.0752 3.6424, 0.5412 1.2661 3.622, 0.3921 1.321 3.622, 0.3913 1.3184 3.6424, 0.306 1.3406 3.622, 0.2199 1.3603 3.622, 0.2195 1.3576 3.6424, -0.1846 1.3631 3.622, -0.3066 1.3434 3.622, -0.306 1.3408 3.6424, -0.6524 1.2125 3.622, -0.7883 1.1302 3.622, -0.7868 1.128 3.6424, -0.8574 1.0751 3.622, -0.9264 1.0201 3.622, -0.9246 1.0181 3.6424, -1.1808 0.7056 3.622, -1.2415 0.5979 3.622, -1.2391 0.5967 3.6424, -1.3548 0.2459 3.622, -1.3751 0.0883 3.622, -1.3724 0.0881 3.6424, -1.3751 -0.0 3.622, -1.3751 -0.0883 3.622, -1.3724 -0.0881 3.6424, -1.2879 -0.4833 3.622, -1.2415 -0.5979 3.622, -1.2391 -0.5967 3.6424, -1.037 -0.9059 3.622, -0.9264 -1.0201 3.622, -0.9246 -1.0181 3.6424, -0.8574 -1.0751 3.622, -0.7883 -1.1302 3.622, -0.7868 -1.128 3.6424, -0.4251 -1.3082 3.622, -0.3066 -1.3434 3.622, -0.306 -1.3408 3.6424, 0.0617 -1.3756 3.622, 0.2199 -1.3603 3.622, 0.2195 -1.3576 3.6424, 0.306 -1.3406 3.622, 0.3921 -1.321 3.622, 0.3913 -1.3184 3.6424, 0.7577 -1.1481 3.622, 0.8591 -1.0773 3.622, 0.8575 -1.0752 3.6424, 1.1139 -0.8094 3.622, 1.2006 -0.6762 3.622, 1.1983 -0.6749 3.6424, 1.2389 -0.5966 3.622, 1.2772 -0.5171 3.622, 1.2748 -0.5161 3.6424, 1.2232 -0.4952 3.6981, 1.2043 -0.4876 3.7008, 1.132 -0.6375 3.7008, 1.2567 -0.3296 3.7008, 1.2764 -0.3347 3.6981, 1.2948 -0.3395 3.6902, 1.2885 -0.1661 3.7008, 1.3088 -0.1687 3.6981, 1.3276 -0.1712 3.6902, 1.3438 -0.1733 3.6777, 1.2992 0.0 3.7008, 1.3196 0.0 3.6981, 1.3386 0.0 3.6902, 1.3549 0.0 3.6777, 1.3674 0.0 3.6614, 1.2885 0.1661 3.7008, 1.3088 0.1687 3.6981, 1.3276 0.1712 3.6902, 1.3438 0.1733 3.6777, 1.3562 0.1749 3.6614, 1.3562 -0.1749 3.6614, 1.364 -0.1759 3.6424, 1.3753 0.0 3.6424, 1.3303 -0.3488 3.6424, 1.2675 -0.5131 3.6614, 1.3227 -0.3468 3.6614, 1.2559 -0.5084 3.6777, 1.3106 -0.3437 3.6777, 1.2408 -0.5023 3.6902, 0.9333 -0.9038 3.7008, 0.81 -1.0158 3.7008, 0.9479 -0.918 3.6981, 0.8228 -1.0317 3.6981, 0.9616 -0.9312 3.6902, 0.8346 -1.0465 3.6902, 0.9733 -0.9426 3.6777, 0.8448 -1.0593 3.6777, 0.9823 -0.9513 3.6614, 0.8526 -1.0691 3.6614, 0.9879 -0.9568 3.6424, 0.5259 -1.188 3.7008, 0.3697 -1.2455 3.7008, 0.5341 -1.2067 3.6981, 0.3755 -1.2651 3.6981, 0.5418 -1.224 3.6902, 0.3809 -1.2833 3.6902, 0.5484 -1.2389 3.6777, 0.3855 -1.2989 3.6777, 0.5535 -1.2504 3.6614, 0.3891 -1.3109 3.6614, 0.5567 -1.2576 3.6424, -0.1248 -1.2932 3.7008, -0.2891 -1.2666 3.7008, -0.1267 -1.3135 3.6981, -0.2936 -1.2865 3.6981, -0.1285 -1.3324 3.6902, -0.2979 -1.305 3.6902, -0.1301 -1.3486 3.6777, -0.3015 -1.3209 3.6777, -0.1313 -1.3611 3.6614, -0.3043 -1.3331 3.6614, -0.1321 -1.3689 3.6424, -0.6009 -1.1519 3.7008, -0.7433 -1.0656 3.7008, -0.6104 -1.1699 3.6981, -0.755 -1.0823 3.6981, -0.6191 -1.1868 3.6902, -0.7658 -1.0979 3.6902, -0.6267 -1.2012 3.6777, -0.7752 -1.1112 3.6777, -0.6325 -1.2123 3.6614, -0.7823 -1.1215 3.6614, -0.6361 -1.2193 3.6424, -1.0889 -0.7088 3.7008, -1.1705 -0.5637 3.7008, -1.1059 -0.7199 3.6981, -1.1889 -0.5725 3.6981, -1.1218 -0.7302 3.6902, -1.206 -0.5808 3.6902, -1.1355 -0.7391 3.6777, -1.2207 -0.5879 3.6777, -1.146 -0.746 3.6614, -1.232 -0.5933 3.6614, -1.1526 -0.7503 3.6424, -1.2753 -0.2484 3.7008, -1.2965 -0.0832 3.7008, -1.2953 -0.2523 3.6981, -1.3169 -0.0845 3.6981, -1.3139 -0.2559 3.6902, -1.3358 -0.0858 3.6902, -1.3299 -0.259 3.6777, -1.3521 -0.0868 3.6777, -1.3422 -0.2614 3.6614, -1.3646 -0.0876 3.6614, -1.3499 -0.2629 3.6424, -1.233 0.4094 3.7008, -1.1705 0.5637 3.7008, -1.2524 0.4158 3.6981, -1.1889 0.5725 3.6981, -1.2704 0.4218 3.6902, -1.206 0.5808 3.6902, -1.2859 0.4269 3.6777, -1.2207 0.5879 3.6777, -1.2977 0.4309 3.6614, -1.232 0.5933 3.6614, -1.3052 0.4334 3.6424, -0.9893 0.8422 3.7008, -0.8735 0.9618 3.7008, -1.0048 0.8554 3.6981, -0.8872 0.9769 3.6981, -1.0193 0.8677 3.6902, -0.8999 0.9909 3.6902, -1.0317 0.8783 3.6777, -0.9109 1.003 3.6777, -1.0412 0.8864 3.6614, -0.9193 1.0123 3.6614, -1.0472 0.8915 3.6424, -0.4487 1.2193 3.7008, -0.2891 1.2666 3.7008, -0.4557 1.2384 3.6981, -0.2936 1.2865 3.6981, -0.4623 1.2562 3.6902, -0.2979 1.305 3.6902, -0.4679 1.2715 3.6777, -0.3015 1.3209 3.6777, -0.4723 1.2833 3.6614, -0.3043 1.3331 3.6614, -0.475 1.2906 3.6424, 0.0416 1.2985 3.7008, 0.2074 1.2826 3.7008, 0.0423 1.3189 3.6981, 0.2106 1.3027 3.6981, 0.0429 1.3379 3.6902, 0.2136 1.3214 3.6902, 0.0434 1.3542 3.6777, 0.2162 1.3375 3.6777, 0.0438 1.3667 3.6614, 0.2182 1.3499 3.6614, 0.0441 1.3746 3.6424, 0.6735 1.111 3.7008, 0.81 1.0158 3.7008, 0.6841 1.1284 3.6981, 0.8228 1.0317 3.6981, 0.6939 1.1447 3.6902, 0.8346 1.0465 3.6902, 0.7024 1.1586 3.6777, 0.8448 1.0593 3.6777, 0.7089 1.1693 3.6614, 0.8526 1.0691 3.6614, 0.7129 1.1761 3.6424, 1.0412 0.7771 3.7008, 1.132 0.6375 3.7008, 1.0575 0.7893 3.6981, 1.1498 0.6475 3.6981, 1.0728 0.8006 3.6902, 1.1663 0.6569 3.6902, 1.0858 0.8104 3.6777, 1.1805 0.6649 3.6777, 1.0959 0.8179 3.6614, 1.1914 0.671 3.6614, 1.1022 0.8226 3.6424, 1.378 -0.0 3.622, 1.37 -0.1234 3.622, 1.3666 -0.1762 3.622, 1.3329 -0.3495 3.622, 1.3273 -0.3663 3.622, 1.1914 -0.671 3.6614, 1.1805 -0.6649 3.6777, 1.1663 -0.6569 3.6902, 1.1498 -0.6475 3.6981, 1.1043 -0.8242 3.622, 1.1022 -0.8226 3.6424, 1.0959 -0.8179 3.6614, 1.0858 -0.8104 3.6777, 1.0728 -0.8006 3.6902, 1.0575 -0.7893 3.6981, 1.0412 -0.7771 3.7008, 0.9899 -0.9586 3.622, 0.9507 -0.9942 3.622, 0.7143 -1.1783 3.622, 0.7129 -1.1761 3.6424, 0.7089 -1.1693 3.6614, 0.7024 -1.1586 3.6777, 0.6939 -1.1447 3.6902, 0.6841 -1.1284 3.6981, 0.6735 -1.111 3.7008, 0.5578 -1.26 3.622, 0.5412 -1.2661 3.622, 0.2074 -1.2826 3.7008, 0.2106 -1.3027 3.6981, 0.2136 -1.3214 3.6902, 0.2162 -1.3375 3.6777, 0.2182 -1.3499 3.6614, 0.0442 -1.3772 3.622, 0.0441 -1.3746 3.6424, 0.0438 -1.3667 3.6614, 0.0434 -1.3542 3.6777, 0.0429 -1.3379 3.6902, 0.0423 -1.3189 3.6981, 0.0416 -1.2985 3.7008, -0.1323 -1.3716 3.622, -0.1846 -1.3631 3.622, -0.4759 -1.2932 3.622, -0.475 -1.2906 3.6424, -0.4723 -1.2833 3.6614, -0.4679 -1.2715 3.6777, -0.4623 -1.2562 3.6902, -0.4557 -1.2384 3.6981, -0.4487 -1.2193 3.7008, -0.6374 -1.2217 3.622, -0.6524 -1.2125 3.622, -0.8735 -0.9618 3.7008, -0.8872 -0.9769 3.6981, -0.8999 -0.9909 3.6902, -0.9109 -1.003 3.6777, -0.9193 -1.0123 3.6614, -1.0492 -0.8932 3.622, -1.0472 -0.8915 3.6424, -1.0412 -0.8864 3.6614, -1.0317 -0.8783 3.6777, -1.0193 -0.8677 3.6902, -1.0048 -0.8554 3.6981, -0.9893 -0.8422 3.7008, -1.1548 -0.7517 3.622, -1.1808 -0.7056 3.622, -1.3078 -0.4342 3.622, -1.3052 -0.4334 3.6424, -1.2977 -0.4309 3.6614, -1.2859 -0.4269 3.6777, -1.2704 -0.4218 3.6902, -1.2524 -0.4158 3.6981, -1.233 -0.4094 3.7008, -1.3525 -0.2634 3.622, -1.3548 -0.2459 3.622, -1.2965 0.0832 3.7008, -1.3169 0.0845 3.6981, -1.3358 0.0858 3.6902, -1.3521 0.0868 3.6777, -1.3646 0.0876 3.6614, -1.3525 0.2634 3.622, -1.3499 0.2629 3.6424, -1.3422 0.2614 3.6614, -1.3299 0.259 3.6777, -1.3139 0.2559 3.6902, -1.2953 0.2523 3.6981, -1.2753 0.2484 3.7008, -1.3078 0.4342 3.622, -1.2879 0.4833 3.622, -1.1548 0.7517 3.622, -1.1526 0.7503 3.6424, -1.146 0.746 3.6614, -1.1355 0.7391 3.6777, -1.1218 0.7302 3.6902, -1.1059 0.7199 3.6981, -1.0889 0.7088 3.7008, -1.0492 0.8932 3.622, -1.037 0.9059 3.622, -0.7433 1.0656 3.7008, -0.755 1.0823 3.6981, -0.7658 1.0979 3.6902, -0.7752 1.1112 3.6777, -0.7823 1.1215 3.6614, -0.6374 1.2217 3.622, -0.6361 1.2193 3.6424, -0.6325 1.2123 3.6614, -0.6267 1.2012 3.6777, -0.6191 1.1868 3.6902, -0.6104 1.1699 3.6981, -0.6009 1.1519 3.7008, -0.4759 1.2932 3.622, -0.4251 1.3082 3.622, -0.1323 1.3716 3.622, -0.1321 1.3689 3.6424, -0.1313 1.3611 3.6614, -0.1301 1.3486 3.6777, -0.1285 1.3324 3.6902, -0.1267 1.3135 3.6981, -0.1248 1.2932 3.7008, 0.0442 1.3772 3.622, 0.0617 1.3756 3.622, 0.3697 1.2455 3.7008, 0.3755 1.2651 3.6981, 0.3809 1.2833 3.6902, 0.3855 1.2989 3.6777, 0.3891 1.3109 3.6614, 0.5578 1.26 3.622, 0.5567 1.2576 3.6424, 0.5535 1.2504 3.6614, 0.5484 1.2389 3.6777, 0.5418 1.224 3.6902, 0.5341 1.2067 3.6981, 0.5259 1.188 3.7008, 0.7143 1.1783 3.622, 0.7577 1.1481 3.622, 0.9899 0.9586 3.622, 0.9879 0.9568 3.6424, 0.9823 0.9513 3.6614, 0.9733 0.9426 3.6777, 0.9616 0.9312 3.6902, 0.9479 0.918 3.6981, 0.9333 0.9038 3.7008, 1.1043 0.8242 3.622, 1.1139 0.8094 3.622, 1.2675 0.5131 3.6614, 1.2559 0.5084 3.6777, 1.2408 0.5023 3.6902, 1.2232 0.4952 3.6981, 1.2043 0.4876 3.7008, 1.3329 0.3495 3.622, 1.3303 0.3488 3.6424, 1.3227 0.3468 3.6614, 1.3106 0.3437 3.6777, 1.2948 0.3395 3.6902, 1.2764 0.3347 3.6981, 1.2567 0.3296 3.7008, -0.689 -0.6102 5.5906, -0.689 -0.6102 4.685, -0.6863 -0.6306 4.685, -0.6863 -0.6306 5.5906, -0.6784 -0.6496 4.685, -0.6784 -0.6496 5.5906, -0.6659 -0.6659 4.685, -0.6659 -0.6659 5.5906, -0.6496 -0.6784 4.685, -0.6496 -0.6784 5.5906, -0.6306 -0.6863 4.685, -0.6306 -0.6863 5.5906, -0.6102 -0.689 4.685, -0.6102 -0.689 5.5906, -0.6102 -0.6863 5.6109, -0.6299 -0.6837 5.6109, -0.6299 -0.6443 5.6587, -0.6204 -0.6279 5.6666, -0.6246 -0.6246 5.6666, -0.6102 -0.6102 5.6693, -0.6306 -0.6102 5.6666, -0.6299 -0.6155 5.6666, -0.6155 -0.6299 5.6666, -0.6204 -0.6483 5.6587, -0.6246 -0.664 5.6462, -0.6102 -0.6306 5.6666, -0.6381 -0.6381 5.6587, -0.6279 -0.6204 5.6666, -0.6443 -0.6299 5.6587, -0.6483 -0.6204 5.6587, -0.6496 -0.6102 5.6587, -0.6102 -0.6496 5.6587, -0.6102 -0.6659 5.6462, -0.6102 -0.6784 5.6299, -0.6381 -0.6585 5.6462, -0.6496 -0.6496 5.6462, -0.6585 -0.6381 5.6462, -0.664 -0.6246 5.6462, -0.6659 -0.6102 5.6462, -0.6279 -0.6761 5.6299, -0.6443 -0.6693 5.6299, -0.6585 -0.6585 5.6299, -0.6693 -0.6443 5.6299, -0.6761 -0.6279 5.6299, -0.6784 -0.6102 5.6299, -0.6483 -0.6761 5.6109, -0.664 -0.664 5.6109, -0.6761 -0.6483 5.6109, -0.6837 -0.6299 5.6109, -0.6863 -0.6102 5.6109, 0.6102 -0.689 5.5906, 0.6102 -0.689 4.685, 0.6306 -0.6863 4.685, 0.6306 -0.6863 5.5906, 0.6496 -0.6784 4.685, 0.6496 -0.6784 5.5906, 0.6659 -0.6659 4.685, 0.6659 -0.6659 5.5906, 0.6784 -0.6496 4.685, 0.6784 -0.6496 5.5906, 0.6863 -0.6306 4.685, 0.6863 -0.6306 5.5906, 0.689 -0.6102 4.685, 0.689 -0.6102 5.5906, 0.6102 -0.6102 5.6693, 0.6102 -0.6306 5.6666, 0.6102 -0.6496 5.6587, 0.6102 -0.6659 5.6462, 0.6102 -0.6784 5.6299, 0.6102 -0.6863 5.6109, -0.6102 0.6102 5.6693, -0.6306 0.6102 5.6666, -0.6496 0.6102 5.6587, -0.6659 0.6102 5.6462, -0.6784 0.6102 5.6299, -0.6863 0.6102 5.6109, -0.689 0.6102 5.5906, -0.6102 0.689 5.5906, -0.6102 0.689 4.685, -0.6306 0.6863 4.685, -0.6306 0.6863 5.5906, -0.6496 0.6784 4.685, -0.6496 0.6784 5.5906, -0.6659 0.6659 4.685, -0.6659 0.6659 5.5906, -0.6784 0.6496 4.685, -0.6784 0.6496 5.5906, -0.6863 0.6306 4.685, -0.6863 0.6306 5.5906, -0.689 0.6102 4.685, 0.6863 -0.6102 5.6109, 0.6837 -0.6299 5.6109, 0.6443 -0.6299 5.6587, 0.6279 -0.6204 5.6666, 0.6246 -0.6246 5.6666, 0.6155 -0.6299 5.6666, 0.6299 -0.6155 5.6666, 0.6483 -0.6204 5.6587, 0.664 -0.6246 5.6462, 0.6306 -0.6102 5.6666, 0.6381 -0.6381 5.6587, 0.6204 -0.6279 5.6666, 0.6299 -0.6443 5.6587, 0.6204 -0.6483 5.6587, 0.6496 -0.6102 5.6587, 0.6659 -0.6102 5.6462, 0.6784 -0.6102 5.6299, 0.6585 -0.6381 5.6462, 0.6496 -0.6496 5.6462, 0.6381 -0.6585 5.6462, 0.6246 -0.664 5.6462, 0.6761 -0.6279 5.6299, 0.6693 -0.6443 5.6299, 0.6585 -0.6585 5.6299, 0.6443 -0.6693 5.6299, 0.6279 -0.6761 5.6299, 0.6761 -0.6483 5.6109, 0.664 -0.664 5.6109, 0.6483 -0.6761 5.6109, 0.6299 -0.6837 5.6109, -0.6837 0.6299 5.6109, -0.6443 0.6299 5.6587, -0.6279 0.6204 5.6666, -0.6246 0.6246 5.6666, -0.6102 0.6306 5.6666, -0.6155 0.6299 5.6666, -0.6299 0.6155 5.6666, -0.6483 0.6204 5.6587, -0.664 0.6246 5.6462, -0.6381 0.6381 5.6587, -0.6204 0.6279 5.6666, -0.6299 0.6443 5.6587, -0.6204 0.6483 5.6587, -0.6102 0.6496 5.6587, -0.6585 0.6381 5.6462, -0.6496 0.6496 5.6462, -0.6381 0.6585 5.6462, -0.6246 0.664 5.6462, -0.6102 0.6659 5.6462, -0.6761 0.6279 5.6299, -0.6693 0.6443 5.6299, -0.6585 0.6585 5.6299, -0.6443 0.6693 5.6299, -0.6279 0.6761 5.6299, -0.6102 0.6784 5.6299, -0.6761 0.6483 5.6109, -0.664 0.664 5.6109, -0.6483 0.6761 5.6109, -0.6299 0.6837 5.6109, -0.6102 0.6863 5.6109, 0.6102 0.6102 5.6693, 0.6306 0.6102 5.6666, 0.6496 0.6102 5.6587, 0.6659 0.6102 5.6462, 0.6784 0.6102 5.6299, 0.6863 0.6102 5.6109, 0.689 0.6102 5.5906, 0.6102 0.6306 5.6666, 0.6102 0.6496 5.6587, 0.6102 0.6659 5.6462, 0.6102 0.6784 5.6299, 0.6102 0.6863 5.6109, 0.6102 0.689 5.5906, 0.6299 0.6837 5.6109, 0.6299 0.6443 5.6587, 0.6204 0.6279 5.6666, 0.6246 0.6246 5.6666, 0.6299 0.6155 5.6666, 0.6155 0.6299 5.6666, 0.6204 0.6483 5.6587, 0.6246 0.664 5.6462, 0.6381 0.6381 5.6587, 0.6279 0.6204 5.6666, 0.6443 0.6299 5.6587, 0.6483 0.6204 5.6587, 0.6381 0.6585 5.6462, 0.6496 0.6496 5.6462, 0.6585 0.6381 5.6462, 0.664 0.6246 5.6462, 0.6279 0.6761 5.6299, 0.6443 0.6693 5.6299, 0.6585 0.6585 5.6299, 0.6693 0.6443 5.6299, 0.6761 0.6279 5.6299, 0.6483 0.6761 5.6109, 0.664 0.664 5.6109, 0.6761 0.6483 5.6109, 0.6837 0.6299 5.6109, 0.6306 0.6863 5.5906, 0.6496 0.6784 5.5906, 0.6659 0.6659 5.5906, 0.6784 0.6496 5.5906, 0.6863 0.6306 5.5906, 0.689 0.6102 4.685, 0.6863 0.6306 4.685, 0.6784 0.6496 4.685, 0.6659 0.6659 4.685, 0.6496 0.6784 4.685, 0.6306 0.6863 4.685, 0.6102 0.689 4.685
            ]
        }
        coordIndex [
            0,1,2,-1,3,4,5,-1,6,7,8,-1,9,10,11,-1,12,13,14,-1,15,16,17,-1,18,19,20,-1,21,22,23,-1,24,25,26,-1,27,28,29,-1,30,31,32,-1,33,34,35,-1,36,37,38,-1,39,40,41,-1,42,43,44,-1,45,46,47,-1,48,49,50,-1,51,52,53,-1,54,55,56,-1,57,58,59,-1,60,61,62,-1,63,64,65,-1,66,64,67,-1,67,64,63,-1,67,63,68,-1,69,66,70,-1,70,66,67,-1,70,67,71,-1,71,67,68,-1,71,68,72,-1,73,69,74,-1,74,69,70,-1,74,70,75,-1,75,70,71,-1,75,71,76,-1,76,71,72,-1,76,72,77,-1,78,73,79,-1,79,73,74,-1,79,74,80,-1,80,74,75,-1,80,75,81,-1,81,75,76,-1,81,76,82,-1,82,76,77,-1,82,77,2,-1,83,84,85,-1,62,86,87,-1,87,86,88,-1,87,88,89,-1,89,88,90,-1,89,90,91,-1,92,93,94,-1,94,93,95,-1,94,95,96,-1,96,95,97,-1,96,97,98,-1,98,97,99,-1,98,99,100,-1,100,99,101,-1,100,101,102,-1,102,101,56,-1,103,104,105,-1,105,104,106,-1,105,106,107,-1,107,106,108,-1,107,108,109,-1,109,108,110,-1,109,110,111,-1,111,110,112,-1,111,112,113,-1,113,112,53,-1,114,115,116,-1,116,115,117,-1,116,117,118,-1,118,117,119,-1,118,119,120,-1,120,119,121,-1,120,121,122,-1,122,121,123,-1,122,123,124,-1,124,123,47,-1,125,126,127,-1,127,126,128,-1,127,128,129,-1,129,128,130,-1,129,130,131,-1,131,130,132,-1,131,132,133,-1,133,132,134,-1,133,134,135,-1,135,134,44,-1,136,137,138,-1,138,137,139,-1,138,139,140,-1,140,139,141,-1,140,141,142,-1,142,141,143,-1,142,143,144,-1,144,143,145,-1,144,145,146,-1,146,145,38,-1,147,148,149,-1,149,148,150,-1,149,150,151,-1,151,150,152,-1,151,152,153,-1,153,152,154,-1,153,154,155,-1,155,154,156,-1,155,156,157,-1,157,156,35,-1,158,159,160,-1,160,159,161,-1,160,161,162,-1,162,161,163,-1,162,163,164,-1,164,163,165,-1,164,165,166,-1,166,165,167,-1,166,167,168,-1,168,167,29,-1,169,170,171,-1,171,170,172,-1,171,172,173,-1,173,172,174,-1,173,174,175,-1,175,174,176,-1,175,176,177,-1,177,176,178,-1,177,178,179,-1,179,178,26,-1,180,181,182,-1,182,181,183,-1,182,183,184,-1,184,183,185,-1,184,185,186,-1,186,185,187,-1,186,187,188,-1,188,187,189,-1,188,189,190,-1,190,189,20,-1,191,192,193,-1,193,192,194,-1,193,194,195,-1,195,194,196,-1,195,196,197,-1,197,196,198,-1,197,198,199,-1,199,198,200,-1,199,200,201,-1,201,200,17,-1,202,203,204,-1,204,203,205,-1,204,205,206,-1,206,205,207,-1,206,207,208,-1,208,207,209,-1,208,209,210,-1,210,209,211,-1,210,211,212,-1,212,211,11,-1,213,214,215,-1,215,214,216,-1,215,216,217,-1,217,216,218,-1,217,218,219,-1,219,218,220,-1,219,220,221,-1,221,220,222,-1,221,222,223,-1,223,222,8,-1,224,85,225,-1,225,85,84,-1,225,84,226,-1,227,226,86,-1,86,226,84,-1,86,84,88,-1,88,84,83,-1,88,83,90,-1,62,61,86,-1,86,61,228,-1,86,228,227,-1,58,60,59,-1,59,60,62,-1,59,62,229,-1,229,62,87,-1,229,87,230,-1,230,87,89,-1,230,89,231,-1,231,89,91,-1,231,91,232,-1,233,57,234,-1,234,57,59,-1,234,59,235,-1,235,59,229,-1,235,229,236,-1,236,229,230,-1,236,230,237,-1,237,230,231,-1,237,231,238,-1,238,231,232,-1,238,232,239,-1,239,232,65,-1,239,92,238,-1,238,92,94,-1,238,94,237,-1,237,94,96,-1,237,96,236,-1,236,96,98,-1,236,98,235,-1,235,98,100,-1,235,100,234,-1,234,100,102,-1,234,102,233,-1,233,102,240,-1,56,55,102,-1,102,55,241,-1,102,241,240,-1,242,54,243,-1,243,54,56,-1,243,56,244,-1,244,56,101,-1,244,101,245,-1,245,101,99,-1,245,99,246,-1,246,99,97,-1,246,97,247,-1,247,97,95,-1,247,95,248,-1,248,95,93,-1,248,103,247,-1,247,103,105,-1,247,105,246,-1,246,105,107,-1,246,107,245,-1,245,107,109,-1,245,109,244,-1,244,109,111,-1,244,111,243,-1,243,111,113,-1,243,113,242,-1,242,113,249,-1,53,52,113,-1,113,52,250,-1,113,250,249,-1,104,251,106,-1,106,251,252,-1,106,252,108,-1,108,252,253,-1,108,253,110,-1,110,253,254,-1,110,254,112,-1,112,254,255,-1,112,255,53,-1,53,255,50,-1,53,50,51,-1,51,50,49,-1,256,48,257,-1,257,48,50,-1,257,50,258,-1,258,50,255,-1,258,255,259,-1,259,255,254,-1,259,254,260,-1,260,254,253,-1,260,253,261,-1,261,253,252,-1,261,252,262,-1,262,252,251,-1,262,114,261,-1,261,114,116,-1,261,116,260,-1,260,116,118,-1,260,118,259,-1,259,118,120,-1,259,120,258,-1,258,120,122,-1,258,122,257,-1,257,122,124,-1,257,124,256,-1,256,124,263,-1,47,46,124,-1,124,46,264,-1,124,264,263,-1,265,45,266,-1,266,45,47,-1,266,47,267,-1,267,47,123,-1,267,123,268,-1,268,123,121,-1,268,121,269,-1,269,121,119,-1,269,119,270,-1,270,119,117,-1,270,117,271,-1,271,117,115,-1,271,125,270,-1,270,125,127,-1,270,127,269,-1,269,127,129,-1,269,129,268,-1,268,129,131,-1,268,131,267,-1,267,131,133,-1,267,133,266,-1,266,133,135,-1,266,135,265,-1,265,135,272,-1,44,43,135,-1,135,43,273,-1,135,273,272,-1,126,274,128,-1,128,274,275,-1,128,275,130,-1,130,275,276,-1,130,276,132,-1,132,276,277,-1,132,277,134,-1,134,277,278,-1,134,278,44,-1,44,278,41,-1,44,41,42,-1,42,41,40,-1,279,39,280,-1,280,39,41,-1,280,41,281,-1,281,41,278,-1,281,278,282,-1,282,278,277,-1,282,277,283,-1,283,277,276,-1,283,276,284,-1,284,276,275,-1,284,275,285,-1,285,275,274,-1,285,136,284,-1,284,136,138,-1,284,138,283,-1,283,138,140,-1,283,140,282,-1,282,140,142,-1,282,142,281,-1,281,142,144,-1,281,144,280,-1,280,144,146,-1,280,146,279,-1,279,146,286,-1,38,37,146,-1,146,37,287,-1,146,287,286,-1,288,36,289,-1,289,36,38,-1,289,38,290,-1,290,38,145,-1,290,145,291,-1,291,145,143,-1,291,143,292,-1,292,143,141,-1,292,141,293,-1,293,141,139,-1,293,139,294,-1,294,139,137,-1,294,147,293,-1,293,147,149,-1,293,149,292,-1,292,149,151,-1,292,151,291,-1,291,151,153,-1,291,153,290,-1,290,153,155,-1,290,155,289,-1,289,155,157,-1,289,157,288,-1,288,157,295,-1,35,34,157,-1,157,34,296,-1,157,296,295,-1,148,297,150,-1,150,297,298,-1,150,298,152,-1,152,298,299,-1,152,299,154,-1,154,299,300,-1,154,300,156,-1,156,300,301,-1,156,301,35,-1,35,301,32,-1,35,32,33,-1,33,32,31,-1,302,30,303,-1,303,30,32,-1,303,32,304,-1,304,32,301,-1,304,301,305,-1,305,301,300,-1,305,300,306,-1,306,300,299,-1,306,299,307,-1,307,299,298,-1,307,298,308,-1,308,298,297,-1,308,158,307,-1,307,158,160,-1,307,160,306,-1,306,160,162,-1,306,162,305,-1,305,162,164,-1,305,164,304,-1,304,164,166,-1,304,166,303,-1,303,166,168,-1,303,168,302,-1,302,168,309,-1,29,28,168,-1,168,28,310,-1,168,310,309,-1,311,27,312,-1,312,27,29,-1,312,29,313,-1,313,29,167,-1,313,167,314,-1,314,167,165,-1,314,165,315,-1,315,165,163,-1,315,163,316,-1,316,163,161,-1,316,161,317,-1,317,161,159,-1,317,169,316,-1,316,169,171,-1,316,171,315,-1,315,171,173,-1,315,173,314,-1,314,173,175,-1,314,175,313,-1,313,175,177,-1,313,177,312,-1,312,177,179,-1,312,179,311,-1,311,179,318,-1,26,25,179,-1,179,25,319,-1,179,319,318,-1,170,320,172,-1,172,320,321,-1,172,321,174,-1,174,321,322,-1,174,322,176,-1,176,322,323,-1,176,323,178,-1,178,323,324,-1,178,324,26,-1,26,324,23,-1,26,23,24,-1,24,23,22,-1,325,21,326,-1,326,21,23,-1,326,23,327,-1,327,23,324,-1,327,324,328,-1,328,324,323,-1,328,323,329,-1,329,323,322,-1,329,322,330,-1,330,322,321,-1,330,321,331,-1,331,321,320,-1,331,180,330,-1,330,180,182,-1,330,182,329,-1,329,182,184,-1,329,184,328,-1,328,184,186,-1,328,186,327,-1,327,186,188,-1,327,188,326,-1,326,188,190,-1,326,190,325,-1,325,190,332,-1,20,19,190,-1,190,19,333,-1,190,333,332,-1,334,18,335,-1,335,18,20,-1,335,20,336,-1,336,20,189,-1,336,189,337,-1,337,189,187,-1,337,187,338,-1,338,187,185,-1,338,185,339,-1,339,185,183,-1,339,183,340,-1,340,183,181,-1,340,191,339,-1,339,191,193,-1,339,193,338,-1,338,193,195,-1,338,195,337,-1,337,195,197,-1,337,197,336,-1,336,197,199,-1,336,199,335,-1,335,199,201,-1,335,201,334,-1,334,201,341,-1,17,16,201,-1,201,16,342,-1,201,342,341,-1,192,343,194,-1,194,343,344,-1,194,344,196,-1,196,344,345,-1,196,345,198,-1,198,345,346,-1,198,346,200,-1,200,346,347,-1,200,347,17,-1,17,347,14,-1,17,14,15,-1,15,14,13,-1,348,12,349,-1,349,12,14,-1,349,14,350,-1,350,14,347,-1,350,347,351,-1,351,347,346,-1,351,346,352,-1,352,346,345,-1,352,345,353,-1,353,345,344,-1,353,344,354,-1,354,344,343,-1,354,202,353,-1,353,202,204,-1,353,204,352,-1,352,204,206,-1,352,206,351,-1,351,206,208,-1,351,208,350,-1,350,208,210,-1,350,210,349,-1,349,210,212,-1,349,212,348,-1,348,212,355,-1,11,10,212,-1,212,10,356,-1,212,356,355,-1,357,9,358,-1,358,9,11,-1,358,11,359,-1,359,11,211,-1,359,211,360,-1,360,211,209,-1,360,209,361,-1,361,209,207,-1,361,207,362,-1,362,207,205,-1,362,205,363,-1,363,205,203,-1,363,213,362,-1,362,213,215,-1,362,215,361,-1,361,215,217,-1,361,217,360,-1,360,217,219,-1,360,219,359,-1,359,219,221,-1,359,221,358,-1,358,221,223,-1,358,223,357,-1,357,223,364,-1,8,7,223,-1,223,7,365,-1,223,365,364,-1,4,6,5,-1,5,6,8,-1,5,8,366,-1,366,8,222,-1,366,222,367,-1,367,222,220,-1,367,220,368,-1,368,220,218,-1,368,218,369,-1,369,218,216,-1,369,216,370,-1,370,216,214,-1,371,3,372,-1,372,3,5,-1,372,5,373,-1,373,5,366,-1,373,366,374,-1,374,366,367,-1,374,367,375,-1,375,367,368,-1,375,368,376,-1,376,368,369,-1,376,369,377,-1,377,369,370,-1,377,78,376,-1,376,78,79,-1,376,79,375,-1,375,79,80,-1,375,80,374,-1,374,80,81,-1,374,81,373,-1,373,81,82,-1,373,82,372,-1,372,82,2,-1,372,2,371,-1,371,2,1,-1,65,232,63,-1,63,232,91,-1,63,91,68,-1,68,91,90,-1,68,90,72,-1,72,90,83,-1,72,83,77,-1,77,83,85,-1,77,85,2,-1,2,85,224,-1,2,224,0,-1,378,379,380,-1,378,380,381,-1,381,380,382,-1,381,382,383,-1,383,382,384,-1,383,384,385,-1,385,384,386,-1,385,386,387,-1,387,386,388,-1,387,388,389,-1,389,388,390,-1,389,390,391,-1,391,392,393,-1,394,395,396,-1,397,398,399,-1,396,395,397,-1,400,397,395,-1,400,395,401,-1,401,395,394,-1,401,394,402,-1,403,397,400,-1,404,405,406,-1,406,405,399,-1,406,399,407,-1,407,399,398,-1,407,398,408,-1,403,400,409,-1,409,400,401,-1,409,401,410,-1,410,401,402,-1,410,402,411,-1,412,404,413,-1,413,404,406,-1,413,406,414,-1,414,406,407,-1,414,407,415,-1,415,407,408,-1,415,408,416,-1,417,412,418,-1,418,412,413,-1,418,413,419,-1,419,413,414,-1,419,414,420,-1,420,414,415,-1,420,415,421,-1,421,415,416,-1,421,416,422,-1,392,417,393,-1,393,417,418,-1,393,418,423,-1,423,418,419,-1,423,419,424,-1,424,419,420,-1,424,420,425,-1,425,420,421,-1,425,421,426,-1,426,421,422,-1,426,422,427,-1,391,393,389,-1,389,393,423,-1,389,423,387,-1,387,423,424,-1,387,424,385,-1,385,424,425,-1,385,425,383,-1,383,425,426,-1,383,426,381,-1,381,426,427,-1,381,427,378,-1,405,397,399,-1,392,411,417,-1,417,411,402,-1,417,402,412,-1,412,402,394,-1,412,394,404,-1,404,394,396,-1,404,396,405,-1,405,396,397,-1,428,429,430,-1,428,430,431,-1,431,430,432,-1,431,432,433,-1,433,432,434,-1,433,434,435,-1,435,434,436,-1,435,436,437,-1,437,436,438,-1,437,438,439,-1,439,438,440,-1,439,440,441,-1,442,397,403,-1,442,403,443,-1,443,403,409,-1,443,409,444,-1,444,409,410,-1,444,410,445,-1,445,410,411,-1,445,411,446,-1,446,411,392,-1,446,392,447,-1,447,392,391,-1,447,391,428,-1,397,448,449,-1,397,449,398,-1,398,449,450,-1,398,450,408,-1,408,450,451,-1,408,451,416,-1,416,451,452,-1,416,452,422,-1,422,452,453,-1,422,453,427,-1,427,453,454,-1,427,454,378,-1,455,456,457,-1,455,457,458,-1,458,457,459,-1,458,459,460,-1,460,459,461,-1,460,461,462,-1,462,461,463,-1,462,463,464,-1,464,463,465,-1,464,465,466,-1,466,465,467,-1,466,467,454,-1,441,468,469,-1,470,471,472,-1,442,443,473,-1,472,471,442,-1,474,442,471,-1,474,471,475,-1,475,471,470,-1,475,470,476,-1,477,442,474,-1,478,479,480,-1,480,479,473,-1,480,473,481,-1,481,473,443,-1,481,443,444,-1,477,474,482,-1,482,474,475,-1,482,475,483,-1,483,475,476,-1,483,476,484,-1,485,478,486,-1,486,478,480,-1,486,480,487,-1,487,480,481,-1,487,481,488,-1,488,481,444,-1,488,444,445,-1,489,485,490,-1,490,485,486,-1,490,486,491,-1,491,486,487,-1,491,487,492,-1,492,487,488,-1,492,488,493,-1,493,488,445,-1,493,445,446,-1,468,489,469,-1,469,489,490,-1,469,490,494,-1,494,490,491,-1,494,491,495,-1,495,491,492,-1,495,492,496,-1,496,492,493,-1,496,493,497,-1,497,493,446,-1,497,446,447,-1,441,469,439,-1,439,469,494,-1,439,494,437,-1,437,494,495,-1,437,495,435,-1,435,495,496,-1,435,496,433,-1,433,496,497,-1,433,497,431,-1,431,497,447,-1,431,447,428,-1,479,442,473,-1,468,484,489,-1,489,484,476,-1,489,476,485,-1,485,476,470,-1,485,470,478,-1,478,470,472,-1,478,472,479,-1,479,472,442,-1,454,453,498,-1,499,500,501,-1,448,502,503,-1,501,500,448,-1,504,448,500,-1,504,500,505,-1,505,500,499,-1,505,499,506,-1,449,448,504,-1,507,508,509,-1,509,508,503,-1,509,503,510,-1,510,503,502,-1,510,502,511,-1,449,504,450,-1,450,504,505,-1,450,505,451,-1,451,505,506,-1,451,506,452,-1,512,507,513,-1,513,507,509,-1,513,509,514,-1,514,509,510,-1,514,510,515,-1,515,510,511,-1,515,511,516,-1,517,512,518,-1,518,512,513,-1,518,513,519,-1,519,513,514,-1,519,514,520,-1,520,514,515,-1,520,515,521,-1,521,515,516,-1,521,516,522,-1,453,517,498,-1,498,517,518,-1,498,518,523,-1,523,518,519,-1,523,519,524,-1,524,519,520,-1,524,520,525,-1,525,520,521,-1,525,521,526,-1,526,521,522,-1,526,522,527,-1,454,498,466,-1,466,498,523,-1,466,523,464,-1,464,523,524,-1,464,524,462,-1,462,524,525,-1,462,525,460,-1,460,525,526,-1,460,526,458,-1,458,526,527,-1,458,527,455,-1,508,448,503,-1,453,452,517,-1,517,452,506,-1,517,506,512,-1,512,506,499,-1,512,499,507,-1,507,499,501,-1,507,501,508,-1,508,501,448,-1,528,442,477,-1,528,477,529,-1,529,477,482,-1,529,482,530,-1,530,482,483,-1,530,483,531,-1,531,483,484,-1,531,484,532,-1,532,484,468,-1,532,468,533,-1,533,468,441,-1,533,441,534,-1,448,528,535,-1,448,535,502,-1,502,535,536,-1,502,536,511,-1,511,536,537,-1,511,537,516,-1,516,537,538,-1,516,538,522,-1,522,538,539,-1,522,539,527,-1,527,539,540,-1,527,540,455,-1,540,539,541,-1,542,543,544,-1,528,529,545,-1,544,543,528,-1,546,528,543,-1,546,543,547,-1,547,543,542,-1,547,542,548,-1,535,528,546,-1,549,550,551,-1,551,550,545,-1,551,545,552,-1,552,545,529,-1,552,529,530,-1,535,546,536,-1,536,546,547,-1,536,547,537,-1,537,547,548,-1,537,548,538,-1,553,549,554,-1,554,549,551,-1,554,551,555,-1,555,551,552,-1,555,552,556,-1,556,552,530,-1,556,530,531,-1,557,553,558,-1,558,553,554,-1,558,554,559,-1,559,554,555,-1,559,555,560,-1,560,555,556,-1,560,556,561,-1,561,556,531,-1,561,531,532,-1,539,557,541,-1,541,557,558,-1,541,558,562,-1,562,558,559,-1,562,559,563,-1,563,559,560,-1,563,560,564,-1,564,560,561,-1,564,561,565,-1,565,561,532,-1,565,532,533,-1,540,541,566,-1,566,541,562,-1,566,562,567,-1,567,562,563,-1,567,563,568,-1,568,563,564,-1,568,564,569,-1,569,564,565,-1,569,565,570,-1,570,565,533,-1,570,533,534,-1,550,528,545,-1,539,538,557,-1,557,538,548,-1,557,548,553,-1,553,548,542,-1,553,542,549,-1,549,542,544,-1,549,544,550,-1,550,544,528,-1,534,571,572,-1,534,572,570,-1,570,572,573,-1,570,573,569,-1,569,573,574,-1,569,574,568,-1,568,574,575,-1,568,575,567,-1,567,575,576,-1,567,576,566,-1,566,576,577,-1,566,577,540,-1,
        ]
    }
}