#VRML V2.0 utf8
# 3D model generated by kicad-lcsc-manager
# Based on easyeda2kicad.py v1.0.1

Shape{
    appearance Appearance {
        material  Material {
            diffuseColor 0.7529411764705882 0.7529411764705882 0.7529411764705882
            specularColor 0.3764705882352941 0.3764705882352941 0.3764705882352941
            ambientIntensity 0.7529
            transparency 0.0
            shininess 0.5
        }
    }
    geometry IndexedFaceSet {
        ccw TRUE
        solid FALSE
        coord DEF co Coordinate {
            point [
                -0.7933 1.5173 0.1181, -0.7933 1.6339 0.1181, -0.6063 1.5173 0.1181, -0.6063 1.6339 0.1181, -0.3898 1.5173 0.1181, -0.3898 1.6339 0.1181, -0.2028 1.5173 0.1181, -0.2028 1.6339 0.1181, 0.2067 1.5173 0.1181, 0.2067 1.6339 0.1181, 0.3937 1.5173 0.1181, 0.3937 1.6339 0.1181, 0.6102 1.5173 0.1181, 0.6102 1.6339 0.1181, 0.7972 1.5173 0.1181, 0.7972 1.6339 0.1181, 0.7972 -1.5173 0.1181, 0.7972 -1.6339 0.1181, 0.6102 -1.5173 0.1181, 0.6102 -1.6339 0.1181, 0.3937 -1.5173 0.1181, 0.3937 -1.6339 0.1181, 0.2067 -1.5173 0.1181, 0.2067 -1.6339 0.1181, -0.2028 -1.5173 0.1181, -0.2028 -1.6339 0.1181, -0.3898 -1.5173 0.1181, -0.3898 -1.6339 0.1181, -0.6063 -1.5173 0.1181, -0.6063 -1.6339 0.1181, -0.7933 -1.5173 0.1181, -0.7933 -1.6339 0.1181
            ]
        }
        coordIndex [
            0,1,2,-1,2,1,3,-1,4,5,6,-1,6,5,7,-1,8,9,10,-1,10,9,11,-1,12,13,14,-1,14,13,15,-1,16,17,18,-1,18,17,19,-1,20,21,22,-1,22,21,23,-1,24,25,26,-1,26,25,27,-1,28,29,30,-1,30,29,31,-1,
        ]
    }
}
Shape{
    appearance Appearance {
        material  Material {
            diffuseColor 1.0 1.0 1.0
            specularColor 0.5019607843137255 0.5019607843137255 0.5019607843137255
            ambientIntensity 1.0
            transparency 0.0
            shininess 0.5
        }
    }
    geometry IndexedFaceSet {
        ccw TRUE
        solid FALSE
        coord DEF co Coordinate {
            point [
                -0.8706 -0.4653 1.5941, -1.1659 -0.4653 1.5941, -0.8706 -0.7606 1.5941, -1.1659 -0.7606 1.5941, -1.1659 -0.7606 1.5863, -1.1659 -0.4653 1.5863, -0.8706 -0.4653 1.5863, -0.8706 -0.7606 1.5863, -0.4988 0.9921 1.5941, -0.4794 0.9921 1.5941, -0.4794 1.1622 1.5941, -0.4988 1.2087 1.5941, -0.3367 0.9921 1.5941, -0.3517 1.0382 1.5941, -0.4947 1.2087 1.5941, -0.3323 0.9921 1.5941, -0.3323 1.2087 1.5941, -0.3517 1.2087 1.5941, -0.4988 0.9921 1.5863, -0.4988 1.2087 1.5863, -0.4947 1.2087 1.5863, -0.3517 1.0382 1.5863, -0.3517 1.2087 1.5863, -0.3323 1.2087 1.5863, -0.3323 0.9921 1.5863, -0.3367 0.9921 1.5863, -0.4794 1.1622 1.5863, -0.4794 0.9921 1.5863
            ]
        }
        coordIndex [
            0,1,2,-1,2,1,3,-1,3,1,4,-1,4,1,5,-1,1,0,5,-1,5,0,6,-1,0,2,6,-1,6,2,7,-1,2,3,7,-1,7,3,4,-1,8,9,10,-1,8,10,11,-1,12,13,10,-1,10,13,14,-1,10,14,11,-1,12,15,13,-1,13,15,16,-1,13,16,17,-1,8,11,18,-1,18,11,19,-1,11,14,19,-1,19,14,20,-1,14,13,20,-1,20,13,21,-1,13,17,21,-1,21,17,22,-1,17,16,22,-1,22,16,23,-1,16,15,23,-1,23,15,24,-1,15,12,24,-1,24,12,25,-1,12,10,25,-1,25,10,26,-1,10,9,26,-1,26,9,27,-1,9,8,27,-1,27,8,18,-1,
        ]
    }
}
Shape{
    appearance Appearance {
        material  Material {
            diffuseColor 0.25098039215686274 0.25098039215686274 0.25098039215686274
            specularColor 0.12549019607843137 0.12549019607843137 0.12549019607843137
            ambientIntensity 0.251
            transparency 0.0
            shininess 0.5
        }
    }
    geometry IndexedFaceSet {
        ccw TRUE
        solid FALSE
        coord DEF co Coordinate {
            point [
                -0.572 1.0318 1.5863, -0.5653 1.046 1.5863, -0.6214 1.0099 1.5863, -0.56 1.1357 1.5863, -0.5667 1.1587 1.5863, -0.664 1.1298 1.5863, -0.5737 1.1713 1.5863, -0.5795 1.0223 1.5863, -0.5813 1.1799 1.5863, -0.5908 1.1865 1.5863, -0.6004 1.1905 1.5863, -0.644 1.1785 1.5863, -0.6518 1.1688 1.5863, -0.6344 1.1857 1.5863, -0.659 1.1537 1.5863, -0.5571 1.1004 1.5863, -0.6654 1.1004 1.5863, -0.5589 1.0728 1.5863, -0.6632 1.0653 1.5863, -0.6571 1.0419 1.5863, -0.6503 1.0296 1.5863, -0.6118 1.192 1.5863, -0.6242 1.1902 1.5863, -0.642 1.0205 1.5863, -0.631 1.0133 1.5863, -0.5884 1.0154 1.5863, -0.6118 1.0088 1.5863, -0.5996 1.0105 1.5863
            ]
        }
        coordIndex [
            0,1,2,-1,3,4,5,-1,5,4,6,-1,0,2,7,-1,6,8,5,-1,5,8,9,-1,5,9,10,-1,11,12,13,-1,13,12,14,-1,13,14,5,-1,3,5,15,-1,15,5,16,-1,15,16,17,-1,17,16,18,-1,17,18,1,-1,1,18,19,-1,1,19,20,-1,10,21,5,-1,5,21,22,-1,5,22,13,-1,20,23,1,-1,1,23,24,-1,1,24,2,-1,7,2,25,-1,25,2,26,-1,25,26,27,-1,
        ]
    }
}
Shape{
    appearance Appearance {
        material  Material {
            diffuseColor 1.0 1.0 1.0
            specularColor 0.5019607843137255 0.5019607843137255 0.5019607843137255
            ambientIntensity 1.0
            transparency 0.0
            shininess 0.5
        }
    }
    geometry IndexedFaceSet {
        ccw TRUE
        solid FALSE
        coord DEF co Coordinate {
            point [
                -0.6118 1.192 1.5941, -0.6118 1.192 1.5863, -0.6004 1.1905 1.5863, -0.6004 1.1905 1.5941, -0.5908 1.1865 1.5863, -0.5908 1.1865 1.5941, -0.5813 1.1799 1.5863, -0.5813 1.1799 1.5941, -0.5737 1.1713 1.5863, -0.5737 1.1713 1.5941, -0.5667 1.1587 1.5863, -0.5667 1.1587 1.5941, -0.56 1.1357 1.5863, -0.56 1.1357 1.5941, -0.5571 1.1004 1.5863, -0.5571 1.1004 1.5941, -0.5589 1.0728 1.5863, -0.5589 1.0728 1.5941, -0.5653 1.046 1.5863, -0.5653 1.046 1.5941, -0.572 1.0318 1.5863, -0.572 1.0318 1.5941, -0.5795 1.0223 1.5863, -0.5795 1.0223 1.5941, -0.5884 1.0154 1.5863, -0.5884 1.0154 1.5941, -0.5996 1.0105 1.5863, -0.5996 1.0105 1.5941, -0.6118 1.0088 1.5863, -0.6118 1.0088 1.5941, -0.6214 1.0099 1.5863, -0.6214 1.0099 1.5941, -0.631 1.0133 1.5863, -0.631 1.0133 1.5941, -0.642 1.0205 1.5863, -0.642 1.0205 1.5941, -0.6503 1.0296 1.5863, -0.6503 1.0296 1.5941, -0.6571 1.0419 1.5863, -0.6571 1.0419 1.5941, -0.6632 1.0653 1.5863, -0.6632 1.0653 1.5941, -0.6654 1.1004 1.5863, -0.6654 1.1004 1.5941, -0.664 1.1298 1.5863, -0.664 1.1298 1.5941, -0.659 1.1537 1.5863, -0.659 1.1537 1.5941, -0.6518 1.1688 1.5863, -0.6518 1.1688 1.5941, -0.644 1.1785 1.5863, -0.644 1.1785 1.5941, -0.6344 1.1857 1.5863, -0.6344 1.1857 1.5941, -0.6242 1.1902 1.5863, -0.6242 1.1902 1.5941, -0.6124 1.2142 1.5941, -0.6124 1.2142 1.5863, -0.6281 1.2123 1.5863, -0.6281 1.2123 1.5941, -0.6414 1.2073 1.5863, -0.6414 1.2073 1.5941, -0.6544 1.1984 1.5863, -0.6544 1.1984 1.5941, -0.6649 1.1868 1.5863, -0.6649 1.1868 1.5941, -0.6754 1.1672 1.5863, -0.6754 1.1672 1.5941, -0.6821 1.1411 1.5863, -0.6821 1.1411 1.5941, -0.6848 1.1003 1.5863, -0.6848 1.1003 1.5941, -0.5377 1.1003 1.5941, -0.5377 1.1003 1.5863, -0.5402 1.1376 1.5863, -0.5402 1.1376 1.5941, -0.5477 1.166 1.5863, -0.5477 1.166 1.5941, -0.5581 1.1853 1.5863, -0.5581 1.1853 1.5941, -0.5687 1.1974 1.5863, -0.5687 1.1974 1.5941, -0.582 1.2068 1.5863, -0.582 1.2068 1.5941, -0.5962 1.2123 1.5863, -0.5962 1.2123 1.5941, -0.6124 0.9866 1.5941, -0.6124 0.9866 1.5863, -0.5995 0.9878 1.5863, -0.5995 0.9878 1.5941, -0.5949 0.9893 1.5863, -0.5842 0.9929 1.5941, -0.5842 0.9929 1.5863, -0.5714 1.001 1.5863, -0.5714 1.001 1.5941, -0.5602 1.0125 1.5863, -0.5602 1.0125 1.5941, -0.5481 1.0337 1.5863, -0.5481 1.0337 1.5941, -0.5406 1.0608 1.5863, -0.5406 1.0608 1.5941, -0.6285 0.9885 1.5941, -0.6819 1.0584 1.5863, -0.6819 1.0584 1.5941, -0.6746 1.0319 1.5863, -0.6746 1.0319 1.5941, -0.6647 1.0138 1.5863, -0.6647 1.0138 1.5941, -0.6538 1.0017 1.5863, -0.6538 1.0017 1.5941, -0.642 0.9938 1.5863, -0.642 0.9938 1.5941, -0.6306 0.9893 1.5863, -0.6285 0.9885 1.5863, 0.5322 -1.0859 1.5941, 0.5144 -1.0721 1.5941, 0.5024 -1.0913 1.5941, 0.5456 -1.2325 1.5941, 0.5456 -1.2063 1.5941, 0.3717 -1.2325 1.5941, 0.4265 -1.2063 1.5941, 0.471 -1.1266 1.5941, 0.4905 -1.1379 1.5941, 0.5052 -1.1219 1.5941, 0.4248 -1.0102 1.5941, 0.4037 -0.9968 1.5941, 0.4156 -1.0206 1.5941, 0.3918 -1.0137 1.5941, 0.4094 -1.0326 1.5941, 0.3847 -1.032 1.5941, 0.4049 -1.0515 1.5941, 0.3816 -1.0553 1.5941, 0.4045 -1.0553 1.5941, 0.5186 -1.0576 1.5941, 0.5396 -1.0672 1.5941, 0.5194 -1.0482 1.5941, 0.5423 -1.0461 1.5941, 0.5176 -1.0347 1.5941, 0.5418 -1.0367 1.5941, 0.5135 -1.0247 1.5941, 0.5375 -1.0185 1.5941, 0.5068 -1.0153 1.5941, 0.5283 -1.0015 1.5941, 0.4976 -1.0069 1.5941, 0.5152 -0.9872 1.5941, 0.4868 -1.0007 1.5941, 0.5009 -0.9778 1.5941, 0.4743 -0.9971 1.5941, 0.4851 -0.9722 1.5941, 0.4638 -0.9963 1.5941, 0.465 -0.97 1.5941, 0.4484 -0.998 1.5941, 0.4445 -0.9723 1.5941, 0.4363 -1.0024 1.5941, 0.4262 -0.9792 1.5941, 0.4108 -0.9898 1.5941, 0.4045 -1.0553 1.5863, 0.3816 -1.0553 1.5863, 0.465 -0.97 1.5863, 0.4445 -0.9723 1.5863, 0.4419 -0.9733 1.5863, 0.4262 -0.9792 1.5863, 0.4108 -0.9898 1.5863, 0.4037 -0.9968 1.5863, 0.3918 -1.0137 1.5863, 0.3847 -1.032 1.5863, 0.5423 -1.0461 1.5863, 0.5418 -1.0367 1.5863, 0.5375 -1.0185 1.5863, 0.5283 -1.0015 1.5863, 0.5152 -0.9872 1.5863, 0.5009 -0.9778 1.5863, 0.4882 -0.9733 1.5863, 0.4851 -0.9722 1.5863, 0.4905 -1.1379 1.5863, 0.5052 -1.1219 1.5863, 0.5322 -1.0859 1.5863, 0.5396 -1.0672 1.5863, 0.4265 -1.2063 1.5863, 0.5456 -1.2063 1.5863, 0.5456 -1.2325 1.5863, 0.3717 -1.2325 1.5863, 0.471 -1.1266 1.5863, 0.5194 -1.0482 1.5863, 0.5186 -1.0576 1.5863, 0.5144 -1.0721 1.5863, 0.5024 -1.0913 1.5863, 0.4638 -0.9963 1.5863, 0.4743 -0.9971 1.5863, 0.4868 -1.0007 1.5863, 0.4976 -1.0069 1.5863, 0.5068 -1.0153 1.5863, 0.5135 -1.0247 1.5863, 0.5176 -1.0347 1.5863, 0.4049 -1.0515 1.5863, 0.4094 -1.0326 1.5863, 0.4156 -1.0206 1.5863, 0.4248 -1.0102 1.5863, 0.4363 -1.0024 1.5863, 0.4484 -0.998 1.5863, -0.5338 -1.2325 1.5941, -0.5108 -1.2325 1.5941, -0.5338 -1.0028 1.5941, -0.5108 -0.9766 1.5941, -0.5732 -1.0028 1.5941, -0.5581 -0.9766 1.5941, -0.5581 -0.9766 1.5863, -0.5108 -0.9766 1.5863, -0.5108 -1.2325 1.5863, -0.5338 -1.2325 1.5863, -0.5338 -1.0028 1.5863, -0.5732 -1.0028 1.5863
            ]
        }
        coordIndex [
            0,1,2,-1,0,2,3,-1,3,2,4,-1,3,4,5,-1,5,4,6,-1,5,6,7,-1,7,6,8,-1,7,8,9,-1,9,8,10,-1,9,10,11,-1,11,10,12,-1,11,12,13,-1,13,12,14,-1,13,14,15,-1,15,14,16,-1,15,16,17,-1,17,16,18,-1,17,18,19,-1,19,18,20,-1,19,20,21,-1,21,20,22,-1,21,22,23,-1,23,22,24,-1,23,24,25,-1,25,24,26,-1,25,26,27,-1,27,26,28,-1,27,28,29,-1,29,28,30,-1,29,30,31,-1,31,30,32,-1,31,32,33,-1,33,32,34,-1,33,34,35,-1,35,34,36,-1,35,36,37,-1,37,36,38,-1,37,38,39,-1,39,38,40,-1,39,40,41,-1,41,40,42,-1,41,42,43,-1,43,42,44,-1,43,44,45,-1,45,44,46,-1,45,46,47,-1,47,46,48,-1,47,48,49,-1,49,48,50,-1,49,50,51,-1,51,50,52,-1,51,52,53,-1,53,52,54,-1,53,54,55,-1,55,54,1,-1,55,1,0,-1,56,57,58,-1,56,58,59,-1,59,58,60,-1,59,60,61,-1,61,60,62,-1,61,62,63,-1,63,62,64,-1,63,64,65,-1,65,64,66,-1,65,66,67,-1,67,66,68,-1,67,68,69,-1,69,68,70,-1,69,70,71,-1,72,73,74,-1,72,74,75,-1,75,74,76,-1,75,76,77,-1,77,76,78,-1,77,78,79,-1,79,78,80,-1,79,80,81,-1,81,80,82,-1,81,82,83,-1,83,82,84,-1,83,84,85,-1,85,84,57,-1,85,57,56,-1,86,87,88,-1,86,88,89,-1,89,88,90,-1,89,90,91,-1,90,92,91,-1,91,92,93,-1,91,93,94,-1,94,93,95,-1,94,95,96,-1,96,95,97,-1,96,97,98,-1,98,97,99,-1,98,99,100,-1,100,99,73,-1,100,73,72,-1,87,86,101,-1,71,70,102,-1,71,102,103,-1,103,102,104,-1,103,104,105,-1,105,104,106,-1,105,106,107,-1,107,106,108,-1,107,108,109,-1,109,108,110,-1,109,110,111,-1,111,110,112,-1,111,112,101,-1,101,112,113,-1,101,113,87,-1,27,91,25,-1,25,91,94,-1,25,94,23,-1,23,94,96,-1,23,96,21,-1,21,96,19,-1,19,96,98,-1,19,98,17,-1,17,98,100,-1,17,100,15,-1,15,100,72,-1,15,72,13,-1,13,72,75,-1,13,75,11,-1,11,75,77,-1,11,77,9,-1,9,77,79,-1,9,79,7,-1,7,79,81,-1,7,81,5,-1,5,81,83,-1,5,83,3,-1,3,83,85,-1,3,85,0,-1,0,85,56,-1,0,56,55,-1,55,56,59,-1,55,59,53,-1,53,59,61,-1,53,61,51,-1,51,61,63,-1,51,63,49,-1,49,63,65,-1,49,65,47,-1,47,65,67,-1,47,67,45,-1,45,67,69,-1,45,69,43,-1,43,69,71,-1,43,71,41,-1,41,71,103,-1,41,103,39,-1,39,103,105,-1,39,105,37,-1,37,105,107,-1,37,107,35,-1,35,107,109,-1,35,109,33,-1,33,109,111,-1,33,111,31,-1,31,111,101,-1,31,101,29,-1,29,101,86,-1,29,86,27,-1,27,86,89,-1,27,89,91,-1,114,115,116,-1,117,118,119,-1,119,118,120,-1,119,120,121,-1,121,120,122,-1,121,122,116,-1,116,122,123,-1,116,123,114,-1,124,125,126,-1,126,125,127,-1,126,127,128,-1,128,127,129,-1,128,129,130,-1,130,129,131,-1,130,131,132,-1,115,114,133,-1,133,114,134,-1,133,134,135,-1,135,134,136,-1,135,136,137,-1,137,136,138,-1,137,138,139,-1,139,138,140,-1,139,140,141,-1,141,140,142,-1,141,142,143,-1,143,142,144,-1,143,144,145,-1,145,144,146,-1,145,146,147,-1,147,146,148,-1,147,148,149,-1,149,148,150,-1,149,150,151,-1,151,150,152,-1,151,152,153,-1,153,152,154,-1,153,154,124,-1,124,154,155,-1,124,155,125,-1,132,131,156,-1,156,131,157,-1,150,158,159,-1,150,159,152,-1,152,159,160,-1,152,160,154,-1,160,161,154,-1,154,161,162,-1,154,162,155,-1,155,162,163,-1,155,163,125,-1,125,163,164,-1,125,164,127,-1,127,164,165,-1,127,165,129,-1,129,165,157,-1,129,157,131,-1,158,150,148,-1,136,166,167,-1,136,167,138,-1,138,167,168,-1,138,168,140,-1,140,168,169,-1,140,169,142,-1,142,169,170,-1,142,170,144,-1,144,170,171,-1,144,171,146,-1,146,171,172,-1,146,172,148,-1,148,172,173,-1,148,173,158,-1,122,174,175,-1,122,175,123,-1,123,175,176,-1,123,176,114,-1,114,176,177,-1,114,177,134,-1,134,177,166,-1,134,166,136,-1,122,120,174,-1,174,120,178,-1,120,118,178,-1,178,118,179,-1,118,117,179,-1,179,117,180,-1,117,119,180,-1,180,119,181,-1,119,121,181,-1,181,121,182,-1,135,183,184,-1,135,184,133,-1,133,184,185,-1,133,185,115,-1,115,185,186,-1,115,186,116,-1,116,186,182,-1,116,182,121,-1,149,187,188,-1,149,188,147,-1,147,188,189,-1,147,189,145,-1,145,189,190,-1,145,190,143,-1,143,190,191,-1,143,191,141,-1,141,191,192,-1,141,192,139,-1,139,192,193,-1,139,193,137,-1,137,193,183,-1,137,183,135,-1,132,156,194,-1,132,194,130,-1,130,194,195,-1,130,195,128,-1,128,195,196,-1,128,196,126,-1,126,196,197,-1,126,197,124,-1,124,197,198,-1,124,198,153,-1,153,198,199,-1,153,199,151,-1,151,199,187,-1,151,187,149,-1,200,201,202,-1,202,201,203,-1,202,203,204,-1,204,203,205,-1,205,203,206,-1,206,203,207,-1,203,201,207,-1,207,201,208,-1,201,200,208,-1,208,200,209,-1,200,202,209,-1,209,202,210,-1,202,204,210,-1,210,204,211,-1,204,205,211,-1,211,205,206,-1,
        ]
    }
}
Shape{
    appearance Appearance {
        material  Material {
            diffuseColor 0.25098039215686274 0.25098039215686274 0.25098039215686274
            specularColor 0.12549019607843137 0.12549019607843137 0.12549019607843137
            ambientIntensity 0.251
            transparency 0.0
            shininess 0.5
        }
    }
    geometry IndexedFaceSet {
        ccw TRUE
        solid FALSE
        coord DEF co Coordinate {
            point [
                1.0945 -1.1772 0.0984, 1.0945 1.1772 0.0984, 1.2441 -1.3268 0.5095, 1.2441 1.3268 0.5095, 1.2913 -1.3268 0.6393, 1.2913 1.3268 0.6393, -1.2874 -1.3268 0.6393, -1.2874 1.3268 0.6393, -1.2402 1.3268 0.5095, -1.2402 -1.3268 0.5095, -1.0906 1.1772 0.0984, -1.0906 -1.1772 0.0984, -0.8937 -1.3268 1.4878, -1.2874 -0.9331 1.4878, -1.2874 -1.3268 1.4878, -1.261 -0.9594 1.5863, -1.2874 -0.9331 1.5863, -0.9172 -1.3033 1.5627, -0.9288 -1.2917 1.5731, -0.9333 -1.2871 1.5752, -0.9498 -1.2707 1.5829, -0.9521 -1.2684 1.5833, -0.9724 -1.248 1.5863, -1.2472 -0.9733 1.5863, -0.8937 -1.3268 1.5075, -0.9045 -1.316 1.5468, -0.9124 -1.308 1.5585, -0.8972 -1.3233 1.5306, -0.9029 -1.3176 1.5445, -0.8966 -1.3239 1.5279, -0.8941 -1.3263 1.5159, 0.8976 1.3268 1.4878, 1.2913 0.9331 1.4878, 1.2913 1.3268 1.4878, 1.2567 0.9677 1.5863, 1.2913 0.9331 1.5863, 0.8976 1.3268 1.5075, 0.8981 1.3263 1.5159, 0.9005 1.3239 1.5279, 0.9164 1.308 1.5585, 0.9211 1.3033 1.5627, 0.9084 1.316 1.5468, 0.9068 1.3176 1.5445, 0.9011 1.3233 1.5306, 0.9328 1.2917 1.5731, 0.9373 1.2871 1.5752, 0.9537 1.2707 1.5829, 0.956 1.2684 1.5833, 0.9764 1.248 1.5863, 1.2351 0.9893 1.5863
            ]
        }
        coordIndex [
            0,1,2,-1,2,1,3,-1,2,3,4,-1,4,3,5,-1,6,7,8,-1,6,8,9,-1,9,8,10,-1,9,10,11,-1,12,13,14,-1,15,16,13,-1,17,18,12,-1,12,18,19,-1,12,19,20,-1,20,21,12,-1,12,21,22,-1,12,22,13,-1,13,22,23,-1,13,23,15,-1,24,25,12,-1,12,25,26,-1,12,26,17,-1,27,28,29,-1,29,28,25,-1,29,25,30,-1,30,25,24,-1,31,32,33,-1,34,35,32,-1,31,36,32,-1,32,36,37,-1,32,37,38,-1,39,40,41,-1,41,40,38,-1,41,38,42,-1,42,38,43,-1,40,44,38,-1,38,44,45,-1,38,45,46,-1,46,47,38,-1,38,47,48,-1,38,48,32,-1,32,48,49,-1,32,49,34,-1,
        ]
    }
}
Shape{
    appearance Appearance {
        material  Material {
            diffuseColor 0.7529411764705882 0.7529411764705882 0.7529411764705882
            specularColor 0.3764705882352941 0.3764705882352941 0.3764705882352941
            ambientIntensity 0.7529
            transparency 0.0
            shininess 0.5
        }
    }
    geometry IndexedFaceSet {
        ccw TRUE
        solid FALSE
        coord DEF co Coordinate {
            point [
                -0.7933 1.3268 0.5197, -0.7933 1.3268 0.6378, -0.7933 1.3996 0.5197, -0.7933 1.3996 0.6378, -0.7933 1.42 0.517, -0.7933 1.4442 0.6327, -0.7933 1.439 0.5091, -0.7933 1.4865 0.6176, -0.7933 1.4553 0.4966, -0.7933 1.6339 0.1181, -0.7933 1.5173 0.1181, -0.7933 1.6339 0.1381, -0.7933 1.4783 0.4409, -0.7933 1.5926 0.4798, -0.7933 1.4757 0.4613, -0.7933 1.5787 0.5226, -0.7933 1.4678 0.4803, -0.7933 1.5556 0.561, -0.7933 1.5243 0.5933, -0.6063 1.6339 0.1181, -0.6063 1.6339 0.1381, -0.6063 1.6363 0.1181, -0.6063 1.95 0.1181, -0.6063 1.95 0.0, -0.6063 1.5366 0.034, -0.6063 1.5278 0.0509, -0.6063 1.5232 0.0693, -0.6063 1.5173 0.1181, -0.6063 1.6014 0.0, -0.6063 1.5826 0.0023, -0.6063 1.5648 0.009, -0.6063 1.5492 0.0198, 0.2067 1.3268 0.5197, 0.2067 1.3268 0.6378, 0.2067 1.3996 0.5197, 0.2067 1.3996 0.6378, 0.2067 1.42 0.517, 0.2067 1.4442 0.6327, 0.2067 1.439 0.5091, 0.2067 1.4865 0.6176, 0.2067 1.4553 0.4966, 0.2067 1.6339 0.1181, 0.2067 1.5173 0.1181, 0.2067 1.6339 0.1381, 0.2067 1.4783 0.4409, 0.2067 1.5926 0.4798, 0.2067 1.4757 0.4613, 0.2067 1.5787 0.5226, 0.2067 1.4678 0.4803, 0.2067 1.5556 0.561, 0.2067 1.5243 0.5933, -0.2028 1.5926 0.4798, -0.2028 1.5787 0.5226, -0.2028 1.4678 0.4803, -0.2028 1.5556 0.561, -0.2028 1.4553 0.4966, -0.2028 1.5243 0.5933, -0.2028 1.439 0.5091, -0.2028 1.4865 0.6176, -0.2028 1.42 0.517, -0.2028 1.4442 0.6327, -0.2028 1.3996 0.5197, -0.2028 1.3996 0.6378, -0.2028 1.3268 0.5197, -0.2028 1.3268 0.6378, -0.2028 1.4757 0.4613, -0.2028 1.4783 0.4409, -0.2028 1.6339 0.1381, -0.2028 1.5173 0.1181, -0.2028 1.6339 0.1181, 0.3937 1.6339 0.1181, 0.3937 1.6339 0.1381, 0.3937 1.6363 0.1181, 0.3937 1.95 0.1181, 0.3937 1.95 0.0, 0.3937 1.5232 0.0693, 0.3937 1.5173 0.1181, 0.3937 1.5278 0.0509, 0.3937 1.5826 0.0023, 0.3937 1.5648 0.009, 0.3937 1.6014 0.0, 0.3937 1.5492 0.0198, 0.3937 1.5366 0.034, -0.3898 1.6339 0.1381, -0.3898 1.6339 0.1181, -0.3898 1.6363 0.1181, -0.3898 1.95 0.0, -0.3898 1.95 0.1181, -0.3898 1.5173 0.1181, -0.3898 1.5232 0.0693, -0.3898 1.5278 0.0509, -0.3898 1.5366 0.034, -0.3898 1.5492 0.0198, -0.3898 1.5648 0.009, -0.3898 1.5826 0.0023, -0.3898 1.6014 0.0, 0.7972 -1.3268 0.5197, 0.7972 -1.3268 0.6378, 0.7972 -1.3996 0.5197, 0.7972 -1.3996 0.6378, 0.7972 -1.42 0.517, 0.7972 -1.4442 0.6327, 0.7972 -1.439 0.5091, 0.7972 -1.4865 0.6176, 0.7972 -1.4553 0.4966, 0.7972 -1.6339 0.1181, 0.7972 -1.5173 0.1181, 0.7972 -1.6339 0.1381, 0.7972 -1.4783 0.4409, 0.7972 -1.5926 0.4798, 0.7972 -1.4757 0.4613, 0.7972 -1.5787 0.5226, 0.7972 -1.4678 0.4803, 0.7972 -1.5556 0.561, 0.7972 -1.5243 0.5933, 0.6102 -1.6339 0.1181, 0.6102 -1.6339 0.1381, 0.6102 -1.6363 0.1181, 0.6102 -1.95 0.1181, 0.6102 -1.95 0.0, 0.6102 -1.6014 0.0, 0.6102 -1.5826 0.0023, 0.6102 -1.5366 0.034, 0.6102 -1.5278 0.0509, 0.6102 -1.5232 0.0693, 0.6102 -1.5173 0.1181, 0.6102 -1.5648 0.009, 0.6102 -1.5492 0.0198, -0.7933 -1.5926 0.4798, -0.7933 -1.5787 0.5226, -0.7933 -1.4678 0.4803, -0.7933 -1.5556 0.561, -0.7933 -1.4553 0.4966, -0.7933 -1.5243 0.5933, -0.7933 -1.439 0.5091, -0.7933 -1.4865 0.6176, -0.7933 -1.42 0.517, -0.7933 -1.4442 0.6327, -0.7933 -1.3996 0.5197, -0.7933 -1.3996 0.6378, -0.7933 -1.3268 0.5197, -0.7933 -1.3268 0.6378, -0.7933 -1.4757 0.4613, -0.7933 -1.4783 0.4409, -0.7933 -1.6339 0.1381, -0.7933 -1.5173 0.1181, -0.7933 -1.6339 0.1181, -0.6063 -1.6363 0.1181, -0.6063 -1.6339 0.1381, -0.6063 -1.6339 0.1181, -0.6063 -1.5826 0.0023, -0.6063 -1.6014 0.0, -0.6063 -1.95 0.0, -0.6063 -1.95 0.1181, -0.6063 -1.5173 0.1181, -0.6063 -1.5232 0.0693, -0.6063 -1.5278 0.0509, -0.6063 -1.5366 0.034, -0.6063 -1.5492 0.0198, -0.6063 -1.5648 0.009, -0.2028 -1.3268 0.5197, -0.2028 -1.3268 0.6378, -0.2028 -1.3996 0.5197, -0.2028 -1.3996 0.6378, -0.2028 -1.42 0.517, -0.2028 -1.4442 0.6327, -0.2028 -1.439 0.5091, -0.2028 -1.4865 0.6176, -0.2028 -1.4553 0.4966, -0.2028 -1.6339 0.1181, -0.2028 -1.5173 0.1181, -0.2028 -1.6339 0.1381, -0.2028 -1.4783 0.4409, -0.2028 -1.5926 0.4798, -0.2028 -1.4757 0.4613, -0.2028 -1.5787 0.5226, -0.2028 -1.4678 0.4803, -0.2028 -1.5556 0.561, -0.2028 -1.5243 0.5933, 0.2067 -1.3268 0.6378, 0.2067 -1.3268 0.5197, 0.2067 -1.3996 0.6378, 0.2067 -1.3996 0.5197, 0.2067 -1.4442 0.6327, 0.2067 -1.42 0.517, 0.2067 -1.4865 0.6176, 0.2067 -1.439 0.5091, 0.2067 -1.5243 0.5933, 0.2067 -1.4553 0.4966, 0.2067 -1.5556 0.561, 0.2067 -1.4678 0.4803, 0.2067 -1.5787 0.5226, 0.2067 -1.5926 0.4798, 0.2067 -1.4757 0.4613, 0.2067 -1.4783 0.4409, 0.2067 -1.6339 0.1381, 0.2067 -1.5173 0.1181, 0.2067 -1.6339 0.1181, -0.3898 -1.6339 0.1181, -0.3898 -1.6339 0.1381, -0.3898 -1.6363 0.1181, -0.3898 -1.95 0.1181, -0.3898 -1.95 0.0, -0.3898 -1.6014 0.0, -0.3898 -1.5826 0.0023, -0.3898 -1.5366 0.034, -0.3898 -1.5278 0.0509, -0.3898 -1.5232 0.0693, -0.3898 -1.5173 0.1181, -0.3898 -1.5648 0.009, -0.3898 -1.5492 0.0198, 0.3937 -1.6363 0.1181, 0.3937 -1.6339 0.1381, 0.3937 -1.6339 0.1181, 0.3937 -1.95 0.1181, 0.3937 -1.95 0.0, 0.3937 -1.6014 0.0, 0.3937 -1.5173 0.1181, 0.3937 -1.5232 0.0693, 0.3937 -1.5278 0.0509, 0.3937 -1.5366 0.034, 0.3937 -1.5492 0.0198, 0.3937 -1.5648 0.009, 0.3937 -1.5826 0.0023, 0.7972 1.3268 0.6378, 0.7972 1.3268 0.5197, 0.7972 1.3996 0.6378, 0.7972 1.3996 0.5197, 0.7972 1.4442 0.6327, 0.7972 1.42 0.517, 0.7972 1.4865 0.6176, 0.7972 1.439 0.5091, 0.7972 1.5243 0.5933, 0.7972 1.4553 0.4966, 0.7972 1.5556 0.561, 0.7972 1.4678 0.4803, 0.7972 1.5787 0.5226, 0.7972 1.5926 0.4798, 0.7972 1.4757 0.4613, 0.7972 1.4783 0.4409, 0.7972 1.6339 0.1381, 0.7972 1.5173 0.1181, 0.7972 1.6339 0.1181, 0.6102 1.6339 0.1381, 0.6102 1.6339 0.1181, 0.6102 1.6363 0.1181, 0.6102 1.95 0.0, 0.6102 1.95 0.1181, 0.6102 1.5173 0.1181, 0.6102 1.5232 0.0693, 0.6102 1.5278 0.0509, 0.6102 1.5366 0.034, 0.6102 1.5492 0.0198, 0.6102 1.5648 0.009, 0.6102 1.5826 0.0023, 0.6102 1.6014 0.0
            ]
        }
        coordIndex [
            0,1,2,-1,2,1,3,-1,2,3,4,-1,4,3,5,-1,4,5,6,-1,6,5,7,-1,6,7,8,-1,9,10,11,-1,11,10,12,-1,11,12,13,-1,13,12,14,-1,13,14,15,-1,15,14,16,-1,15,16,17,-1,17,16,8,-1,17,8,18,-1,18,8,7,-1,9,11,19,-1,19,11,20,-1,21,22,23,-1,19,20,21,-1,24,25,19,-1,19,25,26,-1,19,26,27,-1,21,23,19,-1,19,23,28,-1,19,28,29,-1,29,30,19,-1,19,30,31,-1,19,31,24,-1,32,33,34,-1,34,33,35,-1,34,35,36,-1,36,35,37,-1,36,37,38,-1,38,37,39,-1,38,39,40,-1,41,42,43,-1,43,42,44,-1,43,44,45,-1,45,44,46,-1,45,46,47,-1,47,46,48,-1,47,48,49,-1,49,48,40,-1,49,40,50,-1,50,40,39,-1,51,52,53,-1,53,52,54,-1,53,54,55,-1,55,54,56,-1,55,56,57,-1,57,56,58,-1,57,58,59,-1,59,58,60,-1,59,60,61,-1,61,60,62,-1,61,62,63,-1,63,62,64,-1,53,65,51,-1,51,65,66,-1,51,66,67,-1,67,66,68,-1,67,68,69,-1,41,43,70,-1,70,43,71,-1,72,73,74,-1,75,76,70,-1,75,70,77,-1,70,71,72,-1,78,79,70,-1,72,74,70,-1,70,74,80,-1,70,80,78,-1,79,81,70,-1,70,81,82,-1,70,82,77,-1,83,84,85,-1,85,84,86,-1,85,86,87,-1,88,89,84,-1,84,89,90,-1,90,91,84,-1,84,91,92,-1,84,92,93,-1,93,94,84,-1,84,94,95,-1,84,95,86,-1,84,83,69,-1,69,83,67,-1,96,97,98,-1,98,97,99,-1,98,99,100,-1,100,99,101,-1,100,101,102,-1,102,101,103,-1,102,103,104,-1,105,106,107,-1,107,106,108,-1,107,108,109,-1,109,108,110,-1,109,110,111,-1,111,110,112,-1,111,112,113,-1,113,112,104,-1,113,104,114,-1,114,104,103,-1,105,107,115,-1,115,107,116,-1,117,118,119,-1,115,116,117,-1,117,119,115,-1,115,119,120,-1,115,120,121,-1,122,123,115,-1,115,123,124,-1,115,124,125,-1,121,126,115,-1,115,126,127,-1,115,127,122,-1,128,129,130,-1,130,129,131,-1,130,131,132,-1,132,131,133,-1,132,133,134,-1,134,133,135,-1,134,135,136,-1,136,135,137,-1,136,137,138,-1,138,137,139,-1,138,139,140,-1,140,139,141,-1,130,142,128,-1,128,142,143,-1,128,143,144,-1,144,143,145,-1,144,145,146,-1,147,148,149,-1,150,151,149,-1,149,151,152,-1,149,152,147,-1,147,152,153,-1,154,155,149,-1,149,155,156,-1,149,156,157,-1,157,158,149,-1,149,158,159,-1,149,159,150,-1,149,148,146,-1,146,148,144,-1,160,161,162,-1,162,161,163,-1,162,163,164,-1,164,163,165,-1,164,165,166,-1,166,165,167,-1,166,167,168,-1,169,170,171,-1,171,170,172,-1,171,172,173,-1,173,172,174,-1,173,174,175,-1,175,174,176,-1,175,176,177,-1,177,176,168,-1,177,168,178,-1,178,168,167,-1,179,180,181,-1,181,180,182,-1,181,182,183,-1,183,182,184,-1,183,184,185,-1,185,184,186,-1,185,186,187,-1,187,186,188,-1,187,188,189,-1,189,188,190,-1,189,190,191,-1,191,190,192,-1,190,193,192,-1,192,193,194,-1,192,194,195,-1,195,194,196,-1,195,196,197,-1,169,171,198,-1,198,171,199,-1,200,201,202,-1,198,199,200,-1,200,202,198,-1,198,202,203,-1,198,203,204,-1,205,206,198,-1,198,206,207,-1,198,207,208,-1,204,209,198,-1,198,209,210,-1,198,210,205,-1,211,212,213,-1,214,211,215,-1,215,211,213,-1,215,213,216,-1,213,217,218,-1,218,219,213,-1,213,219,220,-1,213,220,221,-1,221,222,213,-1,213,222,223,-1,213,223,216,-1,213,212,197,-1,197,212,195,-1,224,225,226,-1,226,225,227,-1,226,227,228,-1,228,227,229,-1,228,229,230,-1,230,229,231,-1,230,231,232,-1,232,231,233,-1,232,233,234,-1,234,233,235,-1,234,235,236,-1,236,235,237,-1,235,238,237,-1,237,238,239,-1,237,239,240,-1,240,239,241,-1,240,241,242,-1,243,244,245,-1,245,244,246,-1,245,246,247,-1,248,249,244,-1,244,249,250,-1,250,251,244,-1,244,251,252,-1,244,252,253,-1,253,254,244,-1,244,254,255,-1,244,255,246,-1,244,243,242,-1,242,243,240,-1,
        ]
    }
}
Shape{
    appearance Appearance {
        material  Material {
            diffuseColor 1.0 1.0 1.0
            specularColor 0.5019607843137255 0.5019607843137255 0.5019607843137255
            ambientIntensity 1.0
            transparency 0.0
            shininess 0.5
        }
    }
    geometry IndexedFaceSet {
        ccw TRUE
        solid FALSE
        coord DEF co Coordinate {
            point [
                0.3051 0.0347 1.5863, 0.6791 0.0347 1.5863, 0.3051 0.2882 1.5863, 0.6791 0.2882 1.5863, 0.6476 0.3293 1.5863, 0.6366 0.3307 1.5863, 0.3366 0.3293 1.5863, 0.3264 0.325 1.5863, 0.3292 -0.0037 1.5863, 0.3062 0.0252 1.5863, 0.3093 0.0162 1.5863, 0.3144 0.0081 1.5863, 0.3211 0.0014 1.5863, 0.3382 -0.0068 1.5863, 0.3477 -0.0079 1.5863, 0.6366 -0.0079 1.5863, 0.6781 0.0252 1.5863, 0.6749 0.0162 1.5863, 0.3477 0.3307 1.5863, 0.6461 -0.0068 1.5863, 0.6551 -0.0037 1.5863, 0.6699 0.0081 1.5863, 0.6631 0.0014 1.5863, 0.3176 0.3182 1.5863, 0.3108 0.3094 1.5863, 0.3066 0.2992 1.5863, 0.6777 0.2992 1.5863, 0.6734 0.3094 1.5863, 0.6579 0.325 1.5863, 0.6667 0.3182 1.5863, 0.6366 -0.0079 1.1138, 0.3477 -0.0079 1.1138, 0.3051 0.0347 1.1138, 0.3062 0.0252 1.1138, 0.3093 0.0162 1.1138, 0.3144 0.0081 1.1138, 0.3211 0.0014 1.1138, 0.3292 -0.0037 1.1138, 0.3382 -0.0068 1.1138, 0.3051 0.2882 1.1138, 0.3477 0.3307 1.35, 0.3477 0.3307 1.1138, 0.3366 0.3293 1.1138, 0.3264 0.325 1.1138, 0.3176 0.3182 1.1138, 0.3108 0.3094 1.1138, 0.3066 0.2992 1.1138, 0.6791 0.2882 1.1138, 0.6777 0.2992 1.1138, 0.6476 0.3293 1.1138, 0.6366 0.3307 1.1138, 0.6366 0.3307 1.35, 0.6734 0.3094 1.1138, 0.6667 0.3182 1.1138, 0.6579 0.325 1.1138, 0.6791 0.0347 1.1138, 0.6461 -0.0068 1.1138, 0.6551 -0.0037 1.1138, 0.6631 0.0014 1.1138, 0.6699 0.0081 1.1138, 0.6749 0.0162 1.1138, 0.6781 0.0252 1.1138, -0.3209 0.2882 1.5863, -0.6949 0.2882 1.5863, -0.3209 0.0347 1.5863, -0.6949 0.0347 1.5863, -0.6618 -0.0068 1.5863, -0.6523 -0.0079 1.5863, -0.6938 0.0252 1.5863, -0.6618 0.3296 1.5863, -0.6708 0.3265 1.5863, -0.6789 0.3214 1.5863, -0.6938 0.2976 1.5863, -0.6856 0.3147 1.5863, -0.6907 0.3066 1.5863, -0.6708 -0.0037 1.5863, -0.3251 0.0162 1.5863, -0.3219 0.0252 1.5863, -0.3634 -0.0079 1.5863, -0.3449 -0.0037 1.5863, -0.3369 0.0014 1.5863, -0.3301 0.0081 1.5863, -0.3301 0.3147 1.5863, -0.3369 0.3214 1.5863, -0.3251 0.3066 1.5863, -0.3219 0.2976 1.5863, -0.3449 0.3265 1.5863, -0.3539 0.3296 1.5863, -0.3634 0.3307 1.5863, -0.6523 0.3307 1.5863, -0.6907 0.0162 1.5863, -0.6856 0.0081 1.5863, -0.6789 0.0014 1.5863, -0.3539 -0.0068 1.5863, -0.3634 -0.0079 1.1138, -0.6523 -0.0079 1.1138, -0.6949 0.0347 1.1138, -0.6938 0.0252 1.1138, -0.6907 0.0162 1.1138, -0.6856 0.0081 1.1138, -0.6789 0.0014 1.1138, -0.6708 -0.0037 1.1138, -0.6618 -0.0068 1.1138, -0.6949 0.2882 1.1138, -0.6523 0.3307 1.35, -0.6523 0.3307 1.1138, -0.6618 0.3296 1.1138, -0.6708 0.3265 1.1138, -0.6789 0.3214 1.1138, -0.6856 0.3147 1.1138, -0.6907 0.3066 1.1138, -0.6938 0.2976 1.1138, -0.3634 0.3307 1.35, -0.3209 0.2882 1.1138, -0.3219 0.2976 1.1138, -0.3539 0.3296 1.1138, -0.3634 0.3307 1.1138, -0.3251 0.3066 1.1138, -0.3301 0.3147 1.1138, -0.3369 0.3214 1.1138, -0.3449 0.3265 1.1138, -0.3209 0.0347 1.1138, -0.3539 -0.0068 1.1138, -0.3449 -0.0037 1.1138, -0.3369 0.0014 1.1138, -0.3301 0.0081 1.1138, -0.3251 0.0162 1.1138, -0.3219 0.0252 1.1138
            ]
        }
        coordIndex [
            0,1,2,-1,2,1,3,-1,4,5,3,-1,6,7,2,-1,8,0,9,-1,9,10,8,-1,8,10,11,-1,8,11,12,-1,8,13,0,-1,0,13,14,-1,0,14,1,-1,1,14,15,-1,1,15,16,-1,16,15,17,-1,3,5,2,-1,2,5,18,-1,2,18,6,-1,15,19,17,-1,17,19,20,-1,17,20,21,-1,21,20,22,-1,7,23,2,-1,2,23,24,-1,2,24,25,-1,3,26,4,-1,4,26,27,-1,4,27,28,-1,28,27,29,-1,15,14,30,-1,30,14,31,-1,0,32,33,-1,0,33,9,-1,9,33,34,-1,9,34,10,-1,10,34,35,-1,10,35,11,-1,11,35,36,-1,11,36,12,-1,12,36,37,-1,12,37,8,-1,8,37,38,-1,8,38,13,-1,13,38,31,-1,13,31,14,-1,0,2,32,-1,32,2,39,-1,40,41,42,-1,6,18,40,-1,40,42,6,-1,6,42,43,-1,6,43,7,-1,7,43,44,-1,7,44,23,-1,23,44,45,-1,23,45,24,-1,24,45,46,-1,24,46,25,-1,25,46,39,-1,25,39,2,-1,3,47,48,-1,49,50,51,-1,3,48,26,-1,26,48,52,-1,26,52,27,-1,27,52,53,-1,27,53,29,-1,29,53,54,-1,29,54,28,-1,28,54,49,-1,28,49,4,-1,4,49,51,-1,4,51,5,-1,3,1,47,-1,47,1,55,-1,15,30,56,-1,15,56,19,-1,19,56,57,-1,19,57,20,-1,20,57,58,-1,20,58,22,-1,22,58,59,-1,22,59,21,-1,21,59,60,-1,21,60,17,-1,17,60,61,-1,17,61,16,-1,16,61,55,-1,16,55,1,-1,40,18,51,-1,51,18,5,-1,62,63,64,-1,64,63,65,-1,66,67,68,-1,69,70,63,-1,63,70,71,-1,63,71,72,-1,72,71,73,-1,72,73,74,-1,66,68,75,-1,76,77,78,-1,78,77,64,-1,78,64,67,-1,67,64,65,-1,67,65,68,-1,79,80,81,-1,82,83,84,-1,84,83,85,-1,83,86,85,-1,85,86,87,-1,85,87,62,-1,62,87,88,-1,62,88,63,-1,63,88,89,-1,63,89,69,-1,90,91,68,-1,68,91,92,-1,68,92,75,-1,76,78,81,-1,81,78,93,-1,81,93,79,-1,78,67,94,-1,94,67,95,-1,65,96,97,-1,65,97,68,-1,68,97,98,-1,68,98,90,-1,90,98,99,-1,90,99,91,-1,91,99,100,-1,91,100,92,-1,92,100,101,-1,92,101,75,-1,75,101,102,-1,75,102,66,-1,66,102,95,-1,66,95,67,-1,65,63,96,-1,96,63,103,-1,104,105,106,-1,69,89,104,-1,104,106,69,-1,69,106,107,-1,69,107,70,-1,70,107,108,-1,70,108,71,-1,71,108,109,-1,71,109,73,-1,73,109,110,-1,73,110,74,-1,74,110,111,-1,74,111,72,-1,72,111,103,-1,72,103,63,-1,89,88,104,-1,104,88,112,-1,62,113,114,-1,115,116,112,-1,62,114,85,-1,85,114,117,-1,85,117,84,-1,84,117,118,-1,84,118,82,-1,82,118,119,-1,82,119,83,-1,83,119,120,-1,83,120,86,-1,86,120,115,-1,86,115,87,-1,87,115,112,-1,87,112,88,-1,62,64,113,-1,113,64,121,-1,78,94,122,-1,78,122,93,-1,93,122,123,-1,93,123,79,-1,79,123,124,-1,79,124,80,-1,80,124,125,-1,80,125,81,-1,81,125,126,-1,81,126,76,-1,76,126,127,-1,76,127,77,-1,77,127,121,-1,77,121,64,-1,
        ]
    }
}
Shape{
    appearance Appearance {
        material  Material {
            diffuseColor 0.25098039215686274 0.25098039215686274 0.25098039215686274
            specularColor 0.12549019607843137 0.12549019607843137 0.12549019607843137
            ambientIntensity 0.251
            transparency 0.0
            shininess 0.5
        }
    }
    geometry IndexedFaceSet {
        ccw TRUE
        solid FALSE
        coord DEF co Coordinate {
            point [
                0.687 -0.3307 1.1138, 0.2972 -0.3307 1.1138, 0.687 -0.3307 1.35, 0.2972 -0.3307 1.35, 0.3477 0.3307 1.35, 0.2972 0.3307 1.35, 0.3477 0.3307 1.1138, 0.2972 0.3307 1.1138, -0.6523 0.3307 1.35, -0.7028 0.3307 1.35, -0.6523 0.3307 1.1138, -0.7028 0.3307 1.1138, -0.313 -0.3307 1.1138, -0.7028 -0.3307 1.1138, -0.313 -0.3307 1.35, -0.7028 -0.3307 1.35, -0.313 -0.9488 1.5863, -0.313 -0.7126 1.4146, -0.3226 -0.9488 1.5863, -0.5048 -0.9488 1.5863, -0.6938 -0.9488 1.5863, -0.7028 -0.7126 1.4146, -0.7028 -0.9488 1.5863, 0.687 -0.9488 1.5863, 0.687 -0.7126 1.4146, 0.6163 -0.9488 1.5863, 0.2972 -0.7126 1.4146, 0.2972 -0.9488 1.5863, 0.2972 0.9488 1.5863, 0.2972 0.7126 1.4146, 0.6163 0.9488 1.5863, 0.687 0.7126 1.4146, 0.687 0.9488 1.5863, -0.313 0.9488 1.5863, -0.3226 0.9488 1.5863, -0.313 0.7126 1.4146, -0.5048 0.9488 1.5863, -0.7028 0.7126 1.4146, -0.6938 0.9488 1.5863, -0.7028 0.9488 1.5863, -0.313 0.3307 1.35, -0.313 0.7126 1.35, -0.3634 0.3307 1.35, -0.7028 0.7126 1.35, -0.313 0.2417 1.5863, -0.313 0.3307 1.1138, -0.313 -0.7126 1.35, -0.313 -0.8547 1.5863, -0.7028 0.2417 1.5863, -0.7028 -0.8547 1.5863, -0.7028 -0.7126 1.35, 0.687 -0.7126 1.35, 0.2972 -0.7126 1.35, 0.687 0.2417 1.5863, 0.687 0.3307 1.1138, 0.687 0.3307 1.35, 0.687 -0.8547 1.5863, 0.687 0.7126 1.35, 0.2972 0.7126 1.35, 0.2972 0.2417 1.5863, 0.2972 -0.8547 1.5863, -1.2874 -0.8547 1.5863, -1.2874 0.2417 1.5863, -1.2874 1.3268 0.6393, -1.2874 -0.9331 1.5863, -1.2874 -0.9331 1.4878, -1.2874 -1.3268 1.4878, -1.2874 -1.3268 0.6393, -1.2874 1.3162 1.5469, -1.2874 1.248 1.5863, -1.2874 1.3037 1.5632, -1.2874 1.2684 1.5836, -1.2874 1.2874 1.5757, -1.2874 0.9677 1.5863, -1.2874 0.9893 1.5863, -1.2874 1.3268 1.5075, -1.2874 1.3241 1.5279, 1.2913 -1.3268 1.5075, 1.2913 -1.3268 0.6393, 1.2913 -1.248 1.5863, 1.2913 1.3268 0.6393, 1.2913 1.3268 1.4878, 1.2913 0.9331 1.4878, 1.2913 0.9331 1.5863, 1.2913 0.2417 1.5863, 1.2913 -0.8547 1.5863, 1.2913 -1.3241 1.5279, 1.2913 -0.9594 1.5863, 1.2913 -0.9733 1.5863, 1.2913 -1.2684 1.5836, 1.2913 -1.2874 1.5757, 1.2913 -1.3037 1.5632, 1.2913 -1.3162 1.5469
            ]
        }
        coordIndex [
            0,1,2,-1,2,1,3,-1,4,5,6,-1,6,5,7,-1,8,9,10,-1,10,9,11,-1,12,13,14,-1,14,13,15,-1,16,17,18,-1,18,17,19,-1,19,17,20,-1,20,17,21,-1,20,21,22,-1,23,24,25,-1,25,24,26,-1,25,26,27,-1,28,29,30,-1,30,29,31,-1,30,31,32,-1,33,34,35,-1,35,34,36,-1,35,36,37,-1,37,36,38,-1,37,38,39,-1,40,41,42,-1,42,41,43,-1,42,43,8,-1,8,43,9,-1,44,33,35,-1,45,12,40,-1,40,12,14,-1,14,46,44,-1,44,46,17,-1,44,17,47,-1,47,17,16,-1,14,44,40,-1,40,44,35,-1,40,35,41,-1,37,43,35,-1,35,43,41,-1,37,39,48,-1,49,22,21,-1,50,15,21,-1,21,15,48,-1,21,48,49,-1,13,11,9,-1,13,9,15,-1,15,9,48,-1,48,9,43,-1,48,43,37,-1,17,46,21,-1,21,46,50,-1,24,51,26,-1,26,51,52,-1,53,32,31,-1,54,0,55,-1,55,0,2,-1,2,51,53,-1,53,51,24,-1,53,24,56,-1,56,24,23,-1,2,53,55,-1,55,53,31,-1,55,31,57,-1,29,58,31,-1,31,58,57,-1,29,28,59,-1,60,27,26,-1,52,3,26,-1,26,3,59,-1,26,59,60,-1,1,7,5,-1,1,5,3,-1,3,5,59,-1,59,5,58,-1,59,58,29,-1,61,62,63,-1,64,61,65,-1,65,61,63,-1,65,63,66,-1,66,63,67,-1,68,69,70,-1,70,69,71,-1,70,71,72,-1,62,73,63,-1,63,73,74,-1,63,74,75,-1,75,74,69,-1,75,69,76,-1,76,69,68,-1,77,78,79,-1,80,81,78,-1,78,81,82,-1,82,83,78,-1,78,83,84,-1,78,84,85,-1,77,79,86,-1,85,87,78,-1,78,87,88,-1,78,88,79,-1,79,89,90,-1,90,91,79,-1,79,91,92,-1,79,92,86,-1,
        ]
    }
}
Shape{
    appearance Appearance {
        material  Material {
            diffuseColor 0.7529411764705882 0.7529411764705882 0.7529411764705882
            specularColor 0.3764705882352941 0.3764705882352941 0.3764705882352941
            ambientIntensity 0.7529
            transparency 0.0
            shininess 0.5
        }
    }
    geometry IndexedFaceSet {
        ccw TRUE
        solid FALSE
        coord DEF co Coordinate {
            point [
                -0.7933 -1.3996 0.6378, -0.2028 -1.3996 0.6378, -0.7933 -1.3268 0.6378, -0.2028 -1.3268 0.6378
            ]
        }
        coordIndex [
            0,1,2,-1,2,1,3,-1,
        ]
    }
}
Shape{
    appearance Appearance {
        material  Material {
            diffuseColor 0.25098039215686274 0.25098039215686274 0.25098039215686274
            specularColor 0.12549019607843137 0.12549019607843137 0.12549019607843137
            ambientIntensity 0.251
            transparency 0.0
            shininess 0.5
        }
    }
    geometry IndexedFaceSet {
        ccw TRUE
        solid FALSE
        coord DEF co Coordinate {
            point [
                -0.7933 -1.3268 0.6378, -0.2028 -1.3268 0.6378, -0.8937 -1.3268 1.4878, -0.2028 -1.3268 0.5197, 1.2913 -1.3268 1.5075, -0.8937 -1.3268 1.5075, -1.2874 -1.3268 1.4878, -1.2874 -1.3268 0.6393, -0.7933 -1.3268 0.5197, -1.2402 -1.3268 0.5095, 0.2067 -1.3268 0.5197, 1.2441 -1.3268 0.5095, 0.7972 -1.3268 0.5197, 1.2913 -1.3268 0.6393, 0.7972 -1.3268 0.6378, 0.2067 -1.3268 0.6378, -0.6938 -1.248 1.5863, -0.9724 -1.248 1.5863, -0.9521 -1.2684 1.5833, -0.8941 -1.3263 1.5159, 1.2913 -1.3241 1.5279, -0.9045 -1.316 1.5468, -0.9029 -1.3176 1.5445, 1.2913 -1.3162 1.5469, -0.8972 -1.3233 1.5306, -0.8966 -1.3239 1.5279, 1.2913 -1.3037 1.5632, -0.9172 -1.3033 1.5627, -0.9124 -1.308 1.5585, 1.2913 -1.2874 1.5757, 1.2913 -1.2684 1.5836, -0.9498 -1.2707 1.5829, -0.9333 -1.2871 1.5752, -0.9288 -1.2917 1.5731, -0.5048 -1.248 1.5863, 1.2913 -1.248 1.5863, 0.6163 -1.248 1.5863, -0.0079 -1.248 1.5863, -0.3226 -1.248 1.5863, 0.6163 1.248 1.5863, 0.9764 1.248 1.5863, 0.956 1.2684 1.5833, 0.8976 1.3268 1.5075, -1.2874 1.3268 1.5075, 0.8981 1.3263 1.5159, -1.2874 1.3241 1.5279, 0.9084 1.316 1.5468, 0.9068 1.3176 1.5445, -1.2874 1.3162 1.5469, 0.9011 1.3233 1.5306, 0.9005 1.3239 1.5279, -1.2874 1.3037 1.5632, 0.9211 1.3033 1.5627, 0.9164 1.308 1.5585, -1.2874 1.2874 1.5757, -1.2874 1.2684 1.5836, 0.9537 1.2707 1.5829, 0.9373 1.2871 1.5752, 0.9328 1.2917 1.5731, -1.2874 1.248 1.5863, -0.6938 1.248 1.5863, -0.5048 1.248 1.5863, -0.3226 1.248 1.5863, -0.0079 1.248 1.5863, -1.2402 1.3268 0.5095, 0.2067 1.3268 0.5197, 1.2441 1.3268 0.5095, 0.7972 1.3268 0.5197, 1.2913 1.3268 0.6393, 0.7972 1.3268 0.6378, -0.2028 1.3268 0.5197, -0.2028 1.3268 0.6378, 0.2067 1.3268 0.6378, -0.7933 1.3268 0.5197, -1.2874 1.3268 0.6393, -0.7933 1.3268 0.6378, 0.8976 1.3268 1.4878, 1.2913 1.3268 1.4878
            ]
        }
        coordIndex [
            0,1,2,-1,3,4,1,-1,1,4,5,-1,1,5,2,-1,2,6,0,-1,0,6,7,-1,0,7,8,-1,8,7,9,-1,8,9,3,-1,3,9,10,-1,10,9,11,-1,10,11,12,-1,12,11,13,-1,12,13,14,-1,14,13,4,-1,14,4,15,-1,15,4,3,-1,15,3,10,-1,16,17,18,-1,5,4,19,-1,19,4,20,-1,21,22,23,-1,23,22,24,-1,23,24,20,-1,20,24,25,-1,20,25,19,-1,26,27,23,-1,23,27,28,-1,23,28,21,-1,29,30,18,-1,18,31,29,-1,29,31,32,-1,29,32,26,-1,26,32,33,-1,26,33,27,-1,16,18,34,-1,35,36,30,-1,30,36,37,-1,30,37,18,-1,18,37,38,-1,18,38,34,-1,39,40,41,-1,42,43,44,-1,44,43,45,-1,46,47,48,-1,48,47,49,-1,48,49,45,-1,45,49,50,-1,45,50,44,-1,51,52,48,-1,48,52,53,-1,48,53,46,-1,54,55,41,-1,41,56,54,-1,54,56,57,-1,54,57,51,-1,51,57,58,-1,51,58,52,-1,55,59,60,-1,60,61,55,-1,55,61,62,-1,55,62,41,-1,41,62,63,-1,41,63,39,-1,64,65,66,-1,66,65,67,-1,66,67,68,-1,68,67,69,-1,70,71,72,-1,72,65,70,-1,70,65,64,-1,70,64,73,-1,73,64,74,-1,73,74,75,-1,75,74,43,-1,75,43,71,-1,71,43,42,-1,71,42,72,-1,72,42,76,-1,72,76,69,-1,69,76,77,-1,69,77,68,-1,
        ]
    }
}
Shape{
    appearance Appearance {
        material  Material {
            diffuseColor 0.7529411764705882 0.7529411764705882 0.7529411764705882
            specularColor 0.3764705882352941 0.3764705882352941 0.3764705882352941
            ambientIntensity 0.7529
            transparency 0.0
            shininess 0.5
        }
    }
    geometry IndexedFaceSet {
        ccw TRUE
        solid FALSE
        coord DEF co Coordinate {
            point [
                0.2067 1.3268 0.6378, 0.7972 1.3268 0.6378, 0.2067 1.3996 0.6378, 0.7972 1.3996 0.6378, 0.7972 1.5926 0.4798, 0.2067 1.5926 0.4798, 0.2067 1.5787 0.5226, 0.7972 1.5787 0.5226, 0.2067 1.5556 0.561, 0.7972 1.5556 0.561, 0.2067 1.5243 0.5933, 0.7972 1.5243 0.5933, 0.2067 1.4865 0.6176, 0.7972 1.4865 0.6176, 0.2067 1.4442 0.6327, 0.7972 1.4442 0.6327, 0.3937 1.6339 0.1381, 0.2067 1.6339 0.1381, 0.7972 1.6339 0.1381, 0.6102 1.6339 0.1381, 0.6102 1.6363 0.1181, 0.3937 1.6363 0.1181, 0.3937 1.95 0.1181, 0.6102 1.95 0.1181, 0.3937 1.95 0.0, 0.6102 1.95 0.0, 0.3937 1.6014 0.0, 0.6102 1.6014 0.0, 0.6102 1.5232 0.0693, 0.3937 1.5232 0.0693, 0.3937 1.5278 0.0509, 0.6102 1.5278 0.0509, 0.3937 1.5366 0.034, 0.6102 1.5366 0.034, 0.3937 1.5492 0.0198, 0.6102 1.5492 0.0198, 0.3937 1.5648 0.009, 0.6102 1.5648 0.009, 0.3937 1.5826 0.0023, 0.6102 1.5826 0.0023, 0.6102 1.5173 0.1181, 0.7972 1.5173 0.1181, 0.7972 1.4783 0.4409, 0.2067 1.4783 0.4409, 0.2067 1.5173 0.1181, 0.3937 1.5173 0.1181, 0.7972 1.3996 0.5197, 0.2067 1.3996 0.5197, 0.7972 1.42 0.517, 0.2067 1.42 0.517, 0.7972 1.439 0.5091, 0.2067 1.439 0.5091, 0.7972 1.4553 0.4966, 0.2067 1.4553 0.4966, 0.7972 1.4678 0.4803, 0.2067 1.4678 0.4803, 0.7972 1.4757 0.4613, 0.2067 1.4757 0.4613, 0.2067 1.3268 0.5197, 0.7972 1.3268 0.5197
            ]
        }
        coordIndex [
            0,1,2,-1,2,1,3,-1,4,5,6,-1,4,6,7,-1,7,6,8,-1,7,8,9,-1,9,8,10,-1,9,10,11,-1,11,10,12,-1,11,12,13,-1,13,12,14,-1,13,14,15,-1,15,14,2,-1,15,2,3,-1,16,17,5,-1,4,18,19,-1,20,21,19,-1,19,21,16,-1,19,16,4,-1,4,16,5,-1,21,20,22,-1,22,20,23,-1,22,23,24,-1,24,23,25,-1,24,25,26,-1,26,25,27,-1,28,29,30,-1,28,30,31,-1,31,30,32,-1,31,32,33,-1,33,32,34,-1,33,34,35,-1,35,34,36,-1,35,36,37,-1,37,36,38,-1,37,38,39,-1,39,38,26,-1,39,26,27,-1,40,41,42,-1,43,44,45,-1,29,28,45,-1,45,28,40,-1,45,40,43,-1,43,40,42,-1,46,47,48,-1,48,47,49,-1,48,49,50,-1,50,49,51,-1,50,51,52,-1,52,51,53,-1,52,53,54,-1,54,53,55,-1,54,55,56,-1,56,55,57,-1,56,57,42,-1,42,57,43,-1,47,46,58,-1,58,46,59,-1,
        ]
    }
}
Shape{
    appearance Appearance {
        material  Material {
            diffuseColor 0.25098039215686274 0.25098039215686274 0.25098039215686274
            specularColor 0.12549019607843137 0.12549019607843137 0.12549019607843137
            ambientIntensity 0.251
            transparency 0.0
            shininess 0.5
        }
    }
    geometry IndexedFaceSet {
        ccw TRUE
        solid FALSE
        coord DEF co Coordinate {
            point [
                1.0945 1.1772 0.0984, -1.0906 1.1772 0.0984, 1.2441 1.3268 0.5095, -1.2402 1.3268 0.5095, 1.0945 -1.1772 0.0984, -1.0906 -1.1772 0.0984, 1.2441 -1.3268 0.5095, -1.2402 -1.3268 0.5095
            ]
        }
        coordIndex [
            0,1,2,-1,2,1,3,-1,4,5,0,-1,0,5,1,-1,6,7,4,-1,4,7,5,-1,
        ]
    }
}
Shape{
    appearance Appearance {
        material  Material {
            diffuseColor 0.7529411764705882 0.7529411764705882 0.7529411764705882
            specularColor 0.3764705882352941 0.3764705882352941 0.3764705882352941
            ambientIntensity 0.7529
            transparency 0.0
            shininess 0.5
        }
    }
    geometry IndexedFaceSet {
        ccw TRUE
        solid FALSE
        coord DEF co Coordinate {
            point [
                -0.7933 -1.3268 0.5197, -0.2028 -1.3268 0.5197, -0.7933 -1.3996 0.5197, -0.2028 -1.3996 0.5197, -0.2028 -1.4783 0.4409, -0.7933 -1.4783 0.4409, -0.2028 -1.4757 0.4613, -0.7933 -1.4757 0.4613, -0.2028 -1.4678 0.4803, -0.7933 -1.4678 0.4803, -0.2028 -1.4553 0.4966, -0.7933 -1.4553 0.4966, -0.2028 -1.439 0.5091, -0.7933 -1.439 0.5091, -0.2028 -1.42 0.517, -0.7933 -1.42 0.517, -0.6063 -1.5173 0.1181, -0.7933 -1.5173 0.1181, -0.2028 -1.5173 0.1181, -0.3898 -1.5173 0.1181, -0.3898 -1.5232 0.0693, -0.6063 -1.5232 0.0693, -0.3898 -1.6014 0.0, -0.6063 -1.6014 0.0, -0.6063 -1.5826 0.0023, -0.3898 -1.5826 0.0023, -0.6063 -1.5648 0.009, -0.3898 -1.5648 0.009, -0.6063 -1.5492 0.0198, -0.3898 -1.5492 0.0198, -0.6063 -1.5366 0.034, -0.3898 -1.5366 0.034, -0.6063 -1.5278 0.0509, -0.3898 -1.5278 0.0509, -0.3898 -1.95 0.0, -0.6063 -1.95 0.0, -0.6063 -1.95 0.1181, -0.3898 -1.95 0.1181, -0.6063 -1.6363 0.1181, -0.3898 -1.6363 0.1181, -0.3898 -1.6339 0.1381, -0.2028 -1.6339 0.1381, -0.2028 -1.5926 0.4798, -0.7933 -1.5926 0.4798, -0.7933 -1.6339 0.1381, -0.6063 -1.6339 0.1381, -0.2028 -1.3996 0.6378, -0.7933 -1.3996 0.6378, -0.7933 -1.4442 0.6327, -0.2028 -1.4442 0.6327, -0.7933 -1.4865 0.6176, -0.2028 -1.4865 0.6176, -0.7933 -1.5243 0.5933, -0.2028 -1.5243 0.5933, -0.7933 -1.5556 0.561, -0.2028 -1.5556 0.561, -0.7933 -1.5787 0.5226, -0.2028 -1.5787 0.5226
            ]
        }
        coordIndex [
            0,1,2,-1,2,1,3,-1,4,5,6,-1,6,5,7,-1,6,7,8,-1,8,7,9,-1,8,9,10,-1,10,9,11,-1,10,11,12,-1,12,11,13,-1,12,13,14,-1,14,13,15,-1,14,15,3,-1,3,15,2,-1,16,17,5,-1,4,18,19,-1,20,21,19,-1,19,21,16,-1,19,16,4,-1,4,16,5,-1,22,23,24,-1,22,24,25,-1,25,24,26,-1,25,26,27,-1,27,26,28,-1,27,28,29,-1,29,28,30,-1,29,30,31,-1,31,30,32,-1,31,32,33,-1,33,32,21,-1,33,21,20,-1,34,35,22,-1,22,35,23,-1,35,34,36,-1,36,34,37,-1,36,37,38,-1,38,37,39,-1,40,41,42,-1,43,44,45,-1,38,39,45,-1,45,39,40,-1,45,40,43,-1,43,40,42,-1,46,47,48,-1,46,48,49,-1,49,48,50,-1,49,50,51,-1,51,50,52,-1,51,52,53,-1,53,52,54,-1,53,54,55,-1,55,54,56,-1,55,56,57,-1,57,56,43,-1,57,43,42,-1,
        ]
    }
}
Shape{
    appearance Appearance {
        material  Material {
            diffuseColor 0.25098039215686274 0.25098039215686274 0.25098039215686274
            specularColor 0.12549019607843137 0.12549019607843137 0.12549019607843137
            ambientIntensity 0.251
            transparency 0.0
            shininess 0.5
        }
    }
    geometry IndexedFaceSet {
        ccw TRUE
        solid FALSE
        coord DEF co Coordinate {
            point [
                -0.7028 -0.7126 1.35, -0.313 -0.7126 1.35, -0.7028 -0.3307 1.35, -0.313 -0.3307 1.35, 0.687 0.3307 1.35, 0.687 0.7126 1.35, 0.6366 0.3307 1.35, 0.2972 0.7126 1.35, 0.3477 0.3307 1.35, 0.2972 0.3307 1.35, 0.2972 -0.7126 1.35, 0.687 -0.7126 1.35, 0.2972 -0.3307 1.35, 0.687 -0.3307 1.35, -0.6618 0.3296 1.1138, -0.6523 0.3307 1.1138, -0.7028 0.3307 1.1138, -0.3634 0.3307 1.1138, -0.3539 0.3296 1.1138, -0.313 0.3307 1.1138, -0.3449 0.3265 1.1138, -0.3369 0.3214 1.1138, -0.6907 0.3066 1.1138, -0.6856 0.3147 1.1138, -0.6938 0.2976 1.1138, -0.6789 0.3214 1.1138, -0.6708 0.3265 1.1138, -0.3301 0.3147 1.1138, -0.3251 0.3066 1.1138, -0.3219 0.2976 1.1138, -0.3251 0.0162 1.1138, -0.3301 0.0081 1.1138, -0.313 -0.3307 1.1138, -0.3369 0.0014 1.1138, -0.3449 -0.0037 1.1138, -0.6618 -0.0068 1.1138, -0.6708 -0.0037 1.1138, -0.7028 -0.3307 1.1138, -0.6789 0.0014 1.1138, -0.6856 0.0081 1.1138, -0.6907 0.0162 1.1138, -0.3209 0.2882 1.1138, -0.3209 0.0347 1.1138, -0.3219 0.0252 1.1138, -0.6938 0.0252 1.1138, -0.6949 0.0347 1.1138, -0.6949 0.2882 1.1138, -0.3539 -0.0068 1.1138, -0.3634 -0.0079 1.1138, -0.6523 -0.0079 1.1138, -0.313 0.3307 1.35, -0.3634 0.3307 1.35, 0.6366 0.3307 1.1138, 0.6476 0.3293 1.1138, 0.687 0.3307 1.1138, 0.6579 0.325 1.1138, 0.6667 0.3182 1.1138, 0.6734 0.3094 1.1138, 0.6777 0.2992 1.1138, 0.3176 0.3182 1.1138, 0.2972 0.3307 1.1138, 0.3108 0.3094 1.1138, 0.3066 0.2992 1.1138, 0.3264 0.325 1.1138, 0.3366 0.3293 1.1138, 0.3477 0.3307 1.1138, 0.6749 0.0162 1.1138, 0.6699 0.0081 1.1138, 0.687 -0.3307 1.1138, 0.6631 0.0014 1.1138, 0.6551 -0.0037 1.1138, 0.3382 -0.0068 1.1138, 0.3292 -0.0037 1.1138, 0.2972 -0.3307 1.1138, 0.3211 0.0014 1.1138, 0.3144 0.0081 1.1138, 0.3093 0.0162 1.1138, 0.3062 0.0252 1.1138, 0.3051 0.0347 1.1138, 0.3051 0.2882 1.1138, 0.6791 0.2882 1.1138, 0.6791 0.0347 1.1138, 0.6781 0.0252 1.1138, 0.6461 -0.0068 1.1138, 0.6366 -0.0079 1.1138, 0.3477 -0.0079 1.1138
            ]
        }
        coordIndex [
            0,1,2,-1,2,1,3,-1,4,5,6,-1,6,5,7,-1,6,7,8,-1,8,7,9,-1,10,11,12,-1,12,11,13,-1,14,15,16,-1,17,18,19,-1,19,18,20,-1,19,20,21,-1,22,23,16,-1,22,16,24,-1,23,25,16,-1,16,25,26,-1,16,26,14,-1,21,27,19,-1,19,27,28,-1,19,28,29,-1,30,31,32,-1,32,31,33,-1,32,33,34,-1,35,36,37,-1,36,38,37,-1,37,38,39,-1,37,39,40,-1,29,41,19,-1,19,41,42,-1,19,42,32,-1,32,42,43,-1,32,43,30,-1,40,44,37,-1,37,44,45,-1,37,45,16,-1,16,45,46,-1,16,46,24,-1,34,47,32,-1,32,47,48,-1,32,48,37,-1,37,48,49,-1,37,49,35,-1,19,50,17,-1,17,50,51,-1,52,53,54,-1,54,53,55,-1,55,56,54,-1,54,56,57,-1,54,57,58,-1,59,60,61,-1,61,60,62,-1,59,63,60,-1,60,63,64,-1,60,64,65,-1,66,67,68,-1,68,67,69,-1,68,69,70,-1,71,72,73,-1,72,74,73,-1,73,74,75,-1,73,75,76,-1,76,77,73,-1,73,77,78,-1,73,78,60,-1,60,78,79,-1,60,79,62,-1,58,80,54,-1,54,80,81,-1,54,81,68,-1,68,81,82,-1,68,82,66,-1,70,83,68,-1,68,83,84,-1,68,84,73,-1,73,84,85,-1,73,85,71,-1,54,4,52,-1,52,4,6,-1,
        ]
    }
}
Shape{
    appearance Appearance {
        material  Material {
            diffuseColor 0.7529411764705882 0.7529411764705882 0.7529411764705882
            specularColor 0.3764705882352941 0.3764705882352941 0.3764705882352941
            ambientIntensity 0.7529
            transparency 0.0
            shininess 0.5
        }
    }
    geometry IndexedFaceSet {
        ccw TRUE
        solid FALSE
        coord DEF co Coordinate {
            point [
                0.7972 -1.3268 0.6378, 0.2067 -1.3268 0.6378, 0.7972 -1.3996 0.6378, 0.2067 -1.3996 0.6378, 0.7972 -1.3996 0.5197, 0.2067 -1.3996 0.5197, 0.7972 -1.3268 0.5197, 0.2067 -1.3268 0.5197, 0.7972 -1.4783 0.4409, 0.2067 -1.4783 0.4409, 0.7972 -1.4757 0.4613, 0.2067 -1.4757 0.4613, 0.7972 -1.4678 0.4803, 0.2067 -1.4678 0.4803, 0.7972 -1.4553 0.4966, 0.2067 -1.4553 0.4966, 0.7972 -1.439 0.5091, 0.2067 -1.439 0.5091, 0.7972 -1.42 0.517, 0.2067 -1.42 0.517, 0.7972 -1.5173 0.1181, 0.6102 -1.5173 0.1181, 0.2067 -1.5173 0.1181, 0.3937 -1.5173 0.1181, 0.3937 -1.5232 0.0693, 0.6102 -1.5232 0.0693, 0.6102 -1.6014 0.0, 0.3937 -1.6014 0.0, 0.3937 -1.5826 0.0023, 0.6102 -1.5826 0.0023, 0.3937 -1.5648 0.009, 0.6102 -1.5648 0.009, 0.3937 -1.5492 0.0198, 0.6102 -1.5492 0.0198, 0.3937 -1.5366 0.034, 0.6102 -1.5366 0.034, 0.3937 -1.5278 0.0509, 0.6102 -1.5278 0.0509, 0.6102 -1.95 0.0, 0.3937 -1.95 0.0, 0.6102 -1.95 0.1181, 0.3937 -1.95 0.1181, 0.6102 -1.6363 0.1181, 0.3937 -1.6363 0.1181, 0.6102 -1.6339 0.1381, 0.7972 -1.6339 0.1381, 0.7972 -1.5926 0.4798, 0.2067 -1.5926 0.4798, 0.2067 -1.6339 0.1381, 0.3937 -1.6339 0.1381, 0.2067 -1.4442 0.6327, 0.7972 -1.4442 0.6327, 0.2067 -1.4865 0.6176, 0.7972 -1.4865 0.6176, 0.2067 -1.5243 0.5933, 0.7972 -1.5243 0.5933, 0.2067 -1.5556 0.561, 0.7972 -1.5556 0.561, 0.2067 -1.5787 0.5226, 0.7972 -1.5787 0.5226, -0.7933 1.3268 0.6378, -0.2028 1.3268 0.6378, -0.7933 1.3996 0.6378, -0.2028 1.3996 0.6378, -0.2028 1.5926 0.4798, -0.7933 1.5926 0.4798, -0.7933 1.5787 0.5226, -0.2028 1.5787 0.5226, -0.7933 1.5556 0.561, -0.2028 1.5556 0.561, -0.7933 1.5243 0.5933, -0.2028 1.5243 0.5933, -0.7933 1.4865 0.6176, -0.2028 1.4865 0.6176, -0.7933 1.4442 0.6327, -0.2028 1.4442 0.6327, -0.2028 1.6339 0.1381, -0.3898 1.6339 0.1381, -0.7933 1.6339 0.1381, -0.6063 1.6339 0.1381, -0.6063 1.6363 0.1181, -0.3898 1.6363 0.1181, -0.6063 1.95 0.1181, -0.3898 1.95 0.1181, -0.6063 1.95 0.0, -0.3898 1.95 0.0, -0.6063 1.6014 0.0, -0.3898 1.6014 0.0, -0.3898 1.5232 0.0693, -0.6063 1.5232 0.0693, -0.6063 1.5278 0.0509, -0.3898 1.5278 0.0509, -0.6063 1.5366 0.034, -0.3898 1.5366 0.034, -0.6063 1.5492 0.0198, -0.3898 1.5492 0.0198, -0.6063 1.5648 0.009, -0.3898 1.5648 0.009, -0.6063 1.5826 0.0023, -0.3898 1.5826 0.0023, -0.7933 1.4783 0.4409, -0.7933 1.5173 0.1181, -0.2028 1.4783 0.4409, -0.6063 1.5173 0.1181, -0.2028 1.5173 0.1181, -0.3898 1.5173 0.1181, -0.2028 1.3996 0.5197, -0.7933 1.3996 0.5197, -0.2028 1.42 0.517, -0.7933 1.42 0.517, -0.2028 1.439 0.5091, -0.7933 1.439 0.5091, -0.2028 1.4553 0.4966, -0.7933 1.4553 0.4966, -0.2028 1.4678 0.4803, -0.7933 1.4678 0.4803, -0.2028 1.4757 0.4613, -0.7933 1.4757 0.4613, -0.7933 1.3268 0.5197, -0.2028 1.3268 0.5197
            ]
        }
        coordIndex [
            0,1,2,-1,2,1,3,-1,4,5,6,-1,6,5,7,-1,8,9,10,-1,10,9,11,-1,10,11,12,-1,12,11,13,-1,12,13,14,-1,14,13,15,-1,14,15,16,-1,16,15,17,-1,16,17,18,-1,18,17,19,-1,18,19,4,-1,4,19,5,-1,8,20,9,-1,9,20,21,-1,22,9,23,-1,23,9,21,-1,23,21,24,-1,24,21,25,-1,26,27,28,-1,26,28,29,-1,29,28,30,-1,29,30,31,-1,31,30,32,-1,31,32,33,-1,33,32,34,-1,33,34,35,-1,35,34,36,-1,35,36,37,-1,37,36,24,-1,37,24,25,-1,38,39,26,-1,26,39,27,-1,40,41,38,-1,38,41,39,-1,42,43,40,-1,40,43,41,-1,44,45,46,-1,47,48,49,-1,43,42,49,-1,49,42,44,-1,49,44,47,-1,47,44,46,-1,2,3,50,-1,2,50,51,-1,51,50,52,-1,51,52,53,-1,53,52,54,-1,53,54,55,-1,55,54,56,-1,55,56,57,-1,57,56,58,-1,57,58,59,-1,59,58,47,-1,59,47,46,-1,60,61,62,-1,62,61,63,-1,64,65,66,-1,64,66,67,-1,67,66,68,-1,67,68,69,-1,69,68,70,-1,69,70,71,-1,71,70,72,-1,71,72,73,-1,73,72,74,-1,73,74,75,-1,75,74,62,-1,75,62,63,-1,64,76,65,-1,65,76,77,-1,78,65,79,-1,79,65,77,-1,79,77,80,-1,80,77,81,-1,80,81,82,-1,82,81,83,-1,82,83,84,-1,84,83,85,-1,84,85,86,-1,86,85,87,-1,88,89,90,-1,88,90,91,-1,91,90,92,-1,91,92,93,-1,93,92,94,-1,93,94,95,-1,95,94,96,-1,95,96,97,-1,97,96,98,-1,97,98,99,-1,99,98,86,-1,99,86,87,-1,100,101,102,-1,102,101,103,-1,104,102,105,-1,105,102,103,-1,105,103,88,-1,88,103,89,-1,106,107,108,-1,108,107,109,-1,108,109,110,-1,110,109,111,-1,110,111,112,-1,112,111,113,-1,112,113,114,-1,114,113,115,-1,114,115,116,-1,116,115,117,-1,116,117,102,-1,102,117,100,-1,107,106,118,-1,118,106,119,-1,
        ]
    }
}
Shape{
    appearance Appearance {
        material  Material {
            diffuseColor 0.25098039215686274 0.25098039215686274 0.25098039215686274
            specularColor 0.12549019607843137 0.12549019607843137 0.12549019607843137
            ambientIntensity 0.251
            transparency 0.0
            shininess 0.5
        }
    }
    geometry IndexedFaceSet {
        ccw TRUE
        solid FALSE
        coord DEF co Coordinate {
            point [
                -0.7028 0.9488 1.5863, -0.6938 0.9488 1.5863, -0.6938 0.9677 1.5863, -0.0079 -0.8547 1.5863, 0.2972 -0.8547 1.5863, 0.2972 0.2417 1.5863, -0.0079 -1.248 1.5863, 0.6163 -1.248 1.5863, 0.3717 -1.2325 1.5863, 0.5456 -1.2325 1.5863, 0.5396 -1.0672 1.5863, 0.5322 -1.0859 1.5863, 0.5456 -1.2063 1.5863, 0.3847 -1.032 1.5863, 0.3918 -1.0137 1.5863, -0.0079 -0.9733 1.5863, 0.4743 -0.9971 1.5863, 0.4638 -0.9963 1.5863, 0.5144 -1.0721 1.5863, 0.5052 -1.1219 1.5863, 0.4905 -1.1379 1.5863, 0.4265 -1.2063 1.5863, 0.3816 -1.0553 1.5863, 0.4037 -0.9968 1.5863, 0.4108 -0.9898 1.5863, 0.4262 -0.9792 1.5863, 0.5009 -0.9778 1.5863, 0.5152 -0.9872 1.5863, 0.6163 -0.9733 1.5863, 0.5283 -1.0015 1.5863, 0.5375 -1.0185 1.5863, 0.5418 -1.0367 1.5863, 0.5423 -1.0461 1.5863, 0.5176 -1.0347 1.5863, 0.5135 -1.0247 1.5863, 0.5194 -1.0482 1.5863, 0.5068 -1.0153 1.5863, 0.4976 -1.0069 1.5863, 0.4484 -0.998 1.5863, 0.4363 -1.0024 1.5863, 0.4248 -1.0102 1.5863, 0.4156 -1.0206 1.5863, 0.4094 -1.0326 1.5863, 0.4049 -1.0515 1.5863, 0.5186 -1.0576 1.5863, 0.4868 -1.0007 1.5863, 0.6163 -0.9594 1.5863, 0.4851 -0.9722 1.5863, 0.4882 -0.9733 1.5863, 0.4419 -0.9733 1.5863, 0.4445 -0.9723 1.5863, -0.0079 -0.9594 1.5863, 0.465 -0.97 1.5863, -0.5481 1.0337 1.5863, -0.5602 1.0125 1.5863, -0.5048 0.9893 1.5863, -0.5714 1.001 1.5863, -0.6938 1.248 1.5863, -0.6124 1.2142 1.5863, -0.5048 1.248 1.5863, -0.5962 1.2123 1.5863, -0.582 1.2068 1.5863, -0.6938 0.9893 1.5863, -0.6306 0.9893 1.5863, -0.642 0.9938 1.5863, -0.6754 1.1672 1.5863, -0.6649 1.1868 1.5863, -0.6544 1.1984 1.5863, -0.5687 1.1974 1.5863, -0.5581 1.1853 1.5863, -0.5477 1.166 1.5863, -0.6538 1.0017 1.5863, -0.6647 1.0138 1.5863, -0.6746 1.0319 1.5863, -0.6414 1.2073 1.5863, -0.6281 1.2123 1.5863, -0.5402 1.1376 1.5863, -0.5377 1.1003 1.5863, -0.5406 1.0608 1.5863, -0.6819 1.0584 1.5863, -0.6848 1.1003 1.5863, -0.6821 1.1411 1.5863, -0.6285 0.9885 1.5863, -0.6124 0.9866 1.5863, -0.5842 0.9929 1.5863, -0.5949 0.9893 1.5863, -0.5048 0.9677 1.5863, -0.5995 0.9878 1.5863, 0.6163 0.9677 1.5863, 0.6163 0.9488 1.5863, 0.687 0.9488 1.5863, -0.6938 -1.248 1.5863, -0.6938 -0.9733 1.5863, -0.9724 -1.248 1.5863, -1.2472 -0.9733 1.5863, -0.7028 -0.9488 1.5863, -1.261 -0.9594 1.5863, -0.6938 -0.9594 1.5863, -1.2874 -0.9331 1.5863, -0.7028 -0.8547 1.5863, -1.2874 -0.8547 1.5863, 0.687 -0.8547 1.5863, 0.687 -0.9488 1.5863, 1.2913 -0.9594 1.5863, 1.2913 -0.8547 1.5863, 1.2913 0.2417 1.5863, 0.687 0.2417 1.5863, 1.2913 0.9331 1.5863, 1.2567 0.9677 1.5863, 0.6163 -0.9488 1.5863, 0.2972 -0.9488 1.5863, -0.0079 0.2417 1.5863, -0.313 0.2417 1.5863, -0.313 -0.8547 1.5863, -0.3226 0.9677 1.5863, -0.3226 0.9488 1.5863, -0.313 0.9488 1.5863, -0.0079 0.9677 1.5863, -0.5048 0.9488 1.5863, -1.2874 0.2417 1.5863, -0.7028 0.2417 1.5863, -1.2874 0.9677 1.5863, -1.1659 -0.7606 1.5863, -1.1659 -0.4653 1.5863, -0.8706 -0.7606 1.5863, -0.8706 -0.4653 1.5863, 0.2972 0.9488 1.5863, -0.313 -0.9488 1.5863, -0.3226 -0.9594 1.5863, -0.3226 -0.9488 1.5863, -0.5048 -0.9594 1.5863, -0.5048 -0.9488 1.5863, -0.6938 -0.9488 1.5863, -0.5338 -1.2325 1.5863, -0.5338 -1.0028 1.5863, -0.5732 -1.0028 1.5863, -0.5108 -0.9766 1.5863, -0.5108 -1.2325 1.5863, -0.5048 -1.248 1.5863, -0.5581 -0.9766 1.5863, -0.5048 -0.9733 1.5863, -0.3226 -0.9733 1.5863, -0.3226 -1.248 1.5863, 0.4045 -1.0553 1.5863, 0.471 -1.1266 1.5863, 0.5024 -1.0913 1.5863, 1.2913 -0.9733 1.5863, 1.2913 -1.248 1.5863, 1.2351 0.9893 1.5863, 0.6163 0.9893 1.5863, -0.0079 0.9893 1.5863, -0.3226 0.9893 1.5863, -1.2874 0.9893 1.5863, -1.2874 1.248 1.5863, -0.4794 0.9921 1.5863, -0.3226 1.248 1.5863, -0.3517 1.2087 1.5863, -0.3323 1.2087 1.5863, -0.3323 0.9921 1.5863, -0.3367 0.9921 1.5863, -0.4794 1.1622 1.5863, -0.3517 1.0382 1.5863, -0.4947 1.2087 1.5863, -0.4988 1.2087 1.5863, -0.4988 0.9921 1.5863, 0.9764 1.248 1.5863, 0.6163 1.248 1.5863, -0.0079 1.248 1.5863
            ]
        }
        coordIndex [
            0,1,2,-1,3,4,5,-1,6,7,8,-1,8,7,9,-1,10,11,12,-1,13,14,15,-1,16,17,18,-1,11,19,12,-1,12,19,20,-1,12,20,21,-1,13,15,22,-1,14,23,15,-1,15,23,24,-1,15,24,25,-1,26,27,28,-1,28,27,29,-1,28,29,30,-1,9,7,12,-1,12,7,28,-1,12,28,10,-1,30,31,28,-1,28,31,32,-1,28,32,10,-1,33,34,35,-1,35,34,36,-1,35,36,37,-1,17,38,18,-1,18,38,39,-1,18,39,40,-1,40,41,18,-1,18,41,42,-1,18,42,43,-1,18,44,16,-1,16,44,35,-1,16,35,45,-1,45,35,37,-1,46,47,28,-1,28,47,48,-1,28,48,26,-1,49,50,51,-1,51,50,52,-1,53,54,55,-1,55,54,56,-1,57,58,59,-1,59,58,60,-1,59,60,61,-1,62,63,64,-1,65,66,57,-1,57,66,67,-1,61,68,59,-1,59,68,69,-1,59,69,70,-1,64,71,62,-1,62,71,72,-1,62,72,73,-1,67,74,57,-1,57,74,75,-1,57,75,58,-1,70,76,59,-1,59,76,77,-1,59,77,55,-1,55,77,78,-1,55,78,53,-1,73,79,62,-1,62,79,80,-1,62,80,57,-1,57,80,81,-1,57,81,65,-1,63,62,82,-1,82,62,2,-1,82,2,83,-1,56,84,55,-1,55,84,85,-1,55,85,86,-1,86,85,87,-1,86,87,83,-1,88,89,90,-1,91,92,93,-1,93,92,94,-1,95,96,97,-1,96,95,98,-1,98,95,99,-1,98,99,100,-1,101,102,103,-1,103,104,101,-1,101,104,105,-1,101,105,106,-1,106,105,107,-1,106,107,90,-1,90,107,108,-1,90,108,88,-1,102,109,46,-1,46,109,110,-1,4,3,110,-1,110,3,51,-1,110,51,46,-1,46,51,52,-1,46,52,47,-1,111,112,113,-1,114,115,116,-1,112,111,116,-1,116,111,117,-1,116,117,114,-1,83,2,86,-1,86,2,1,-1,86,1,118,-1,119,120,121,-1,121,120,0,-1,100,122,123,-1,122,100,124,-1,124,100,99,-1,124,99,125,-1,125,99,120,-1,125,120,123,-1,123,120,119,-1,123,119,100,-1,89,88,126,-1,126,88,117,-1,126,117,5,-1,5,117,111,-1,5,111,3,-1,3,111,113,-1,3,113,51,-1,51,113,127,-1,51,127,128,-1,128,127,129,-1,128,129,130,-1,130,129,131,-1,130,131,97,-1,97,131,132,-1,97,132,95,-1,133,134,135,-1,136,137,138,-1,138,137,133,-1,138,133,91,-1,91,133,135,-1,91,135,92,-1,92,135,139,-1,92,139,140,-1,139,136,140,-1,140,136,138,-1,140,138,141,-1,141,138,142,-1,141,142,15,-1,15,142,6,-1,15,6,22,-1,22,6,8,-1,22,8,143,-1,143,8,144,-1,143,144,43,-1,43,144,145,-1,43,145,18,-1,25,49,15,-1,15,49,51,-1,15,51,141,-1,141,51,128,-1,141,128,140,-1,140,128,130,-1,140,130,92,-1,92,130,97,-1,92,97,94,-1,94,97,96,-1,102,46,103,-1,103,46,28,-1,103,28,146,-1,146,28,7,-1,146,7,147,-1,108,148,88,-1,88,148,149,-1,88,149,117,-1,117,149,150,-1,117,150,114,-1,114,150,151,-1,0,2,121,-1,121,2,62,-1,121,62,152,-1,152,62,57,-1,152,57,153,-1,154,55,151,-1,151,55,86,-1,151,86,114,-1,114,86,118,-1,114,118,115,-1,155,59,156,-1,157,158,151,-1,151,158,159,-1,151,159,154,-1,154,159,160,-1,161,156,162,-1,162,156,59,-1,162,59,163,-1,163,59,55,-1,163,55,164,-1,164,55,154,-1,148,165,149,-1,149,165,166,-1,149,166,150,-1,150,166,167,-1,150,167,151,-1,151,167,155,-1,151,155,157,-1,157,155,156,-1,
        ]
    }
}
Shape{
    appearance Appearance {
        material  Material {
            diffuseColor 1.0 1.0 1.0
            specularColor 0.5019607843137255 0.5019607843137255 0.5019607843137255
            ambientIntensity 1.0
            transparency 0.0
            shininess 0.5
        }
    }
    geometry IndexedFaceSet {
        ccw TRUE
        solid FALSE
        coord DEF co Coordinate {
            point [
                -1.2913 0.7609 1.395, -1.2913 0.7609 1.3859, -1.2874 0.7609 1.395, -1.2874 0.7609 1.3859, -1.2913 0.7928 1.395, -1.2874 0.7928 1.395, -1.2913 0.7928 1.466, -1.2874 0.7928 1.466, -1.2913 0.8031 1.466, -1.2874 0.8031 1.466, -1.2913 0.8031 1.3859, -1.2874 0.8031 1.3859, -1.2913 0.7199 1.3845, -1.2874 0.7199 1.3845, -1.2874 0.715 1.3847, -1.2913 0.715 1.3847, -1.2874 0.7104 1.3852, -1.2913 0.7104 1.3852, -1.2874 0.7063 1.386, -1.2913 0.7063 1.386, -1.2874 0.7026 1.3871, -1.2913 0.7026 1.3871, -1.2874 0.6993 1.3884, -1.2913 0.6993 1.3884, -1.2874 0.6977 1.3892, -1.2913 0.6977 1.3892, -1.2913 0.6977 1.3991, -1.2874 0.6977 1.3991, -1.2874 0.7007 1.3975, -1.2913 0.7007 1.3975, -1.2874 0.7039 1.3961, -1.2913 0.7039 1.3961, -1.2874 0.7073 1.3951, -1.2913 0.7073 1.3951, -1.2874 0.7108 1.3943, -1.2913 0.7108 1.3943, -1.2874 0.7146 1.3939, -1.2913 0.7146 1.3939, -1.2874 0.7184 1.3938, -1.2913 0.7184 1.3938, -1.2874 0.7219 1.3939, -1.2913 0.7219 1.3939, -1.2874 0.7251 1.3944, -1.2913 0.7251 1.3944, -1.2874 0.7282 1.3952, -1.2913 0.7282 1.3952, -1.2874 0.7309 1.3963, -1.2913 0.7309 1.3963, -1.2874 0.7335 1.3977, -1.2913 0.7335 1.3977, -1.2874 0.7359 1.3994, -1.2913 0.7359 1.3994, -1.2874 0.7382 1.4014, -1.2913 0.7382 1.4014, -1.2874 0.7389 1.4022, -1.2913 0.7389 1.4022, -1.2874 0.7409 1.4045, -1.2913 0.7409 1.4045, -1.2874 0.7425 1.4071, -1.2913 0.7425 1.4071, -1.2874 0.7439 1.4098, -1.2913 0.7439 1.4098, -1.2874 0.7451 1.4128, -1.2913 0.7451 1.4128, -1.2874 0.7459 1.416, -1.2913 0.7459 1.416, -1.2874 0.7465 1.4195, -1.2913 0.7465 1.4195, -1.2874 0.7468 1.4233, -1.2913 0.7468 1.4233, -1.2874 0.7468 1.425, -1.2913 0.7468 1.425, -1.2874 0.7466 1.4292, -1.2913 0.7466 1.4292, -1.2874 0.7461 1.4331, -1.2913 0.7461 1.4331, -1.2874 0.7453 1.4366, -1.2913 0.7453 1.4366, -1.2874 0.7442 1.4398, -1.2913 0.7442 1.4398, -1.2874 0.7429 1.4428, -1.2913 0.7429 1.4428, -1.2874 0.7412 1.4455, -1.2913 0.7412 1.4455, -1.2874 0.7393 1.448, -1.2913 0.7393 1.448, -1.2874 0.7384 1.4491, -1.2913 0.7384 1.4491, -1.2874 0.7361 1.4513, -1.2913 0.7361 1.4513, -1.2874 0.7336 1.4532, -1.2913 0.7336 1.4532, -1.2874 0.731 1.4547, -1.2913 0.731 1.4547, -1.2874 0.7282 1.456, -1.2913 0.7282 1.456, -1.2874 0.7253 1.4569, -1.2913 0.7253 1.4569, -1.2874 0.7221 1.4576, -1.2913 0.7221 1.4576, -1.2874 0.7188 1.4579, -1.2913 0.7188 1.4579, -1.2874 0.7166 1.458, -1.2913 0.7166 1.458, -1.2874 0.7127 1.4578, -1.2913 0.7127 1.4578, -1.2874 0.709 1.4573, -1.2913 0.709 1.4573, -1.2874 0.7055 1.4565, -1.2913 0.7055 1.4565, -1.2874 0.7021 1.4553, -1.2913 0.7021 1.4553, -1.2874 0.6989 1.4539, -1.2913 0.6989 1.4539, -1.2874 0.6977 1.4532, -1.2913 0.6977 1.4532, -1.2913 0.6977 1.464, -1.2874 0.6977 1.464, -1.2874 0.7008 1.4652, -1.2913 0.7008 1.4652, -1.2874 0.7042 1.4661, -1.2913 0.7042 1.4661, -1.2874 0.708 1.4668, -1.2913 0.708 1.4668, -1.2874 0.7123 1.4672, -1.2913 0.7123 1.4672, -1.2874 0.7167 1.4673, -1.2913 0.7167 1.4673, -1.2874 0.7208 1.4671, -1.2913 0.7208 1.4671, -1.2874 0.7248 1.4666, -1.2913 0.7248 1.4666, -1.2874 0.7286 1.4658, -1.2913 0.7286 1.4658, -1.2874 0.7321 1.4647, -1.2913 0.7321 1.4647, -1.2874 0.7354 1.4633, -1.2913 0.7354 1.4633, -1.2874 0.7385 1.4616, -1.2913 0.7385 1.4616, -1.2874 0.7415 1.4595, -1.2913 0.7415 1.4595, -1.2874 0.7443 1.4572, -1.2913 0.7443 1.4572, -1.2874 0.7461 1.4555, -1.2913 0.7461 1.4555, -1.2874 0.7485 1.4528, -1.2913 0.7485 1.4528, -1.2874 0.7507 1.4499, -1.2913 0.7507 1.4499, -1.2874 0.7525 1.4468, -1.2913 0.7525 1.4468, -1.2874 0.7541 1.4435, -1.2913 0.7541 1.4435, -1.2874 0.7554 1.44, -1.2913 0.7554 1.44, -1.2874 0.7564 1.4363, -1.2913 0.7564 1.4363, -1.2874 0.7571 1.4324, -1.2913 0.7571 1.4324, -1.2874 0.7575 1.4282, -1.2913 0.7575 1.4282, -1.2874 0.7576 1.4244, -1.2913 0.7576 1.4244, -1.2874 0.7575 1.4199, -1.2913 0.7575 1.4199, -1.2874 0.757 1.4157, -1.2913 0.757 1.4157, -1.2874 0.7562 1.4118, -1.2913 0.7562 1.4118, -1.2874 0.7551 1.4081, -1.2913 0.7551 1.4081, -1.2874 0.7537 1.4048, -1.2913 0.7537 1.4048, -1.2874 0.752 1.4016, -1.2913 0.752 1.4016, -1.2874 0.7501 1.3987, -1.2913 0.7501 1.3987, -1.2874 0.748 1.3962, -1.2913 0.748 1.3962, -1.2874 0.7474 1.3955, -1.2913 0.7474 1.3955, -1.2874 0.7449 1.3931, -1.2913 0.7449 1.3931, -1.2874 0.7422 1.391, -1.2913 0.7422 1.391, -1.2874 0.7394 1.3892, -1.2913 0.7394 1.3892, -1.2874 0.7364 1.3877, -1.2913 0.7364 1.3877, -1.2874 0.7332 1.3865, -1.2913 0.7332 1.3865, -1.2874 0.7298 1.3856, -1.2913 0.7298 1.3856, -1.2874 0.7261 1.3849, -1.2913 0.7261 1.3849, -1.2874 0.7222 1.3846, -1.2913 0.7222 1.3846, -1.2913 0.6386 1.395, -1.2913 0.6386 1.3859, -1.2874 0.6386 1.395, -1.2874 0.6386 1.3859, -1.2913 0.6713 1.395, -1.2874 0.6713 1.395, -1.2913 0.6713 1.422, -1.2874 0.6713 1.422, -1.2913 0.6427 1.422, -1.2874 0.6427 1.422, -1.2913 0.6427 1.4311, -1.2874 0.6427 1.4311, -1.2913 0.6713 1.4311, -1.2874 0.6713 1.4311, -1.2913 0.6713 1.4568, -1.2874 0.6713 1.4568, -1.2913 0.6404 1.4568, -1.2874 0.6404 1.4568, -1.2913 0.6404 1.466, -1.2874 0.6404 1.466, -1.2913 0.6817 1.466, -1.2874 0.6817 1.466, -1.2913 0.6817 1.3859, -1.2874 0.6817 1.3859, -1.2913 0.5866 1.3976, -1.2913 0.5811 1.3899, -1.2913 0.5837 1.399, -1.2913 0.5778 1.3916, -1.2913 0.5811 1.4006, -1.2913 0.5746 1.3936, -1.2913 0.5787 1.4024, -1.2913 0.5717 1.3959, -1.2913 0.5777 1.4034, -1.2913 0.5704 1.3971, -1.2913 0.5757 1.4056, -1.2913 0.5678 1.3997, -1.2913 0.5739 1.408, -1.2913 0.5656 1.4025, -1.2913 0.5725 1.4106, -1.2913 0.5636 1.4055, -1.2913 0.5713 1.4135, -1.2913 0.5698 1.4344, -1.2913 0.5598 1.4386, -1.2913 0.5706 1.4377, -1.2913 0.5609 1.442, -1.2913 0.5717 1.4407, -1.2913 0.5623 1.4451, -1.2913 0.5731 1.4433, -1.2913 0.564 1.4481, -1.2913 0.5746 1.4457, -1.2913 0.566 1.4508, -1.2913 0.5683 1.4534, -1.2913 0.5765 1.4479, -1.2913 0.5704 1.4554, -1.2913 0.5779 1.4492, -1.2913 0.5733 1.4577, -1.2913 0.5804 1.4511, -1.2913 0.5765 1.4598, -1.2913 0.5831 1.4528, -1.2913 0.5798 1.4616, -1.2913 0.586 1.4541, -1.2913 0.5832 1.4631, -1.2913 0.5891 1.4552, -1.2913 0.5869 1.4642, -1.2913 0.5925 1.456, -1.2913 0.5907 1.4651, -1.2913 0.5962 1.4565, -1.2913 0.5948 1.4657, -1.2913 0.6001 1.4567, -1.2913 0.5992 1.4659, -1.2913 0.601 1.4568, -1.2913 0.6006 1.466, -1.2913 0.6131 1.4568, -1.2913 0.6235 1.466, -1.2913 0.6131 1.395, -1.2913 0.6235 1.3859, -1.2913 0.6015 1.395, -1.2913 0.6015 1.3859, -1.2913 0.5973 1.3952, -1.2913 0.5969 1.3861, -1.2913 0.5934 1.3957, -1.2913 0.5925 1.3866, -1.2913 0.5898 1.3965, -1.2913 0.5884 1.3874, -1.2913 0.5846 1.3885, -1.2913 0.562 1.4086, -1.2913 0.5607 1.4119, -1.2913 0.5703 1.4166, -1.2913 0.5596 1.4154, -1.2913 0.5696 1.4199, -1.2913 0.5589 1.4191, -1.2913 0.5692 1.4236, -1.2913 0.5584 1.4231, -1.2913 0.5692 1.4267, -1.2913 0.5583 1.427, -1.2913 0.5693 1.4307, -1.2913 0.5585 1.4311, -1.2913 0.559 1.435, -1.2874 0.5804 1.4511, -1.2874 0.5733 1.4577, -1.2874 0.5779 1.4492, -1.2874 0.5704 1.4554, -1.2874 0.5765 1.4479, -1.2874 0.5683 1.4534, -1.2874 0.5746 1.4457, -1.2874 0.566 1.4508, -1.2874 0.5731 1.4433, -1.2874 0.564 1.4481, -1.2874 0.5717 1.4407, -1.2874 0.5623 1.4451, -1.2874 0.5706 1.4377, -1.2874 0.5837 1.399, -1.2874 0.5811 1.3899, -1.2874 0.5866 1.3976, -1.2874 0.5846 1.3885, -1.2874 0.5898 1.3965, -1.2874 0.5884 1.3874, -1.2874 0.5934 1.3957, -1.2874 0.5925 1.3866, -1.2874 0.5973 1.3952, -1.2874 0.5969 1.3861, -1.2874 0.6015 1.395, -1.2874 0.6015 1.3859, -1.2874 0.6131 1.395, -1.2874 0.6235 1.3859, -1.2874 0.6131 1.4568, -1.2874 0.6235 1.466, -1.2874 0.601 1.4568, -1.2874 0.6006 1.466, -1.2874 0.6001 1.4567, -1.2874 0.5992 1.4659, -1.2874 0.5962 1.4565, -1.2874 0.5948 1.4657, -1.2874 0.5925 1.456, -1.2874 0.5907 1.4651, -1.2874 0.5891 1.4552, -1.2874 0.5869 1.4642, -1.2874 0.586 1.4541, -1.2874 0.5832 1.4631, -1.2874 0.5831 1.4528, -1.2874 0.5798 1.4616, -1.2874 0.5765 1.4598, -1.2874 0.5703 1.4166, -1.2874 0.5607 1.4119, -1.2874 0.5713 1.4135, -1.2874 0.562 1.4086, -1.2874 0.5725 1.4106, -1.2874 0.5636 1.4055, -1.2874 0.5739 1.408, -1.2874 0.5656 1.4025, -1.2874 0.5757 1.4056, -1.2874 0.5678 1.3997, -1.2874 0.5777 1.4034, -1.2874 0.5704 1.3971, -1.2874 0.5787 1.4024, -1.2874 0.5717 1.3959, -1.2874 0.5811 1.4006, -1.2874 0.5746 1.3936, -1.2874 0.5778 1.3916, -1.2874 0.5609 1.442, -1.2874 0.5598 1.4386, -1.2874 0.5698 1.4344, -1.2874 0.559 1.435, -1.2874 0.5693 1.4307, -1.2874 0.5585 1.4311, -1.2874 0.5692 1.4267, -1.2874 0.5583 1.427, -1.2874 0.5692 1.4236, -1.2874 0.5584 1.4231, -1.2874 0.5696 1.4199, -1.2874 0.5589 1.4191, -1.2874 0.5596 1.4154, -1.2913 0.5315 1.4168, -1.2913 0.5347 1.4078, -1.2913 0.5046 1.4168, -1.2913 0.5014 1.4078, -1.2913 0.5195 1.4501, -1.2913 0.5233 1.466, -1.2913 0.5538 1.3859, -1.2913 0.5424 1.3859, -1.2913 0.5188 1.4525, -1.2913 0.5182 1.4557, -1.2913 0.5123 1.466, -1.2913 0.5179 1.4557, -1.2913 0.5173 1.4523, -1.2913 0.5167 1.4501, -1.2913 0.4818 1.3859, -1.2913 0.4932 1.3859, -1.2874 0.5347 1.4078, -1.2874 0.5315 1.4168, -1.2874 0.5014 1.4078, -1.2874 0.5046 1.4168, -1.2874 0.5167 1.4501, -1.2874 0.5123 1.466, -1.2874 0.4818 1.3859, -1.2874 0.4932 1.3859, -1.2874 0.5173 1.4523, -1.2874 0.5179 1.4557, -1.2874 0.5233 1.466, -1.2874 0.5182 1.4557, -1.2874 0.5188 1.4525, -1.2874 0.5195 1.4501, -1.2874 0.5538 1.3859, -1.2874 0.5424 1.3859, -1.2913 0.7601 1.268, -1.2913 0.7601 1.2589, -1.2874 0.7601 1.268, -1.2874 0.7601 1.2589, -1.2913 0.7928 1.268, -1.2874 0.7928 1.268, -1.2913 0.7928 1.2949, -1.2874 0.7928 1.2949, -1.2913 0.7642 1.2949, -1.2874 0.7642 1.2949, -1.2913 0.7642 1.3041, -1.2874 0.7642 1.3041, -1.2913 0.7928 1.3041, -1.2874 0.7928 1.3041, -1.2913 0.7928 1.3297, -1.2874 0.7928 1.3297, -1.2913 0.7619 1.3297, -1.2874 0.7619 1.3297, -1.2913 0.7619 1.3389, -1.2874 0.7619 1.3389, -1.2913 0.8031 1.3389, -1.2874 0.8031 1.3389, -1.2913 0.8031 1.2589, -1.2874 0.8031 1.2589, -1.2913 0.7333 1.2846, -1.2913 0.7311 1.2852, -1.2913 0.7146 1.2952, -1.2913 0.7279 1.2858, -1.2913 0.7422 1.2895, -1.2913 0.7376 1.2822, -1.2913 0.7365 1.2831, -1.2913 0.7181 1.3064, -1.2913 0.7127 1.3144, -1.2913 0.7193 1.3074, -1.2913 0.7145 1.3154, -1.2913 0.7206 1.3082, -1.2913 0.7165 1.3161, -1.2913 0.7222 1.3087, -1.2913 0.7146 1.2816, -1.2913 0.7147 1.2794, -1.2913 0.7045 1.2957, -1.2913 0.7384 1.2694, -1.2913 0.7392 1.2706, -1.2913 0.7476 1.2643, -1.2913 0.7441 1.2883, -1.2913 0.7457 1.2869, -1.2913 0.7386 1.2812, -1.2913 0.7146 1.2589, -1.2913 0.7045 1.2589, -1.2913 0.7146 1.2677, -1.2913 0.7151 1.2773, -1.2913 0.7163 1.304, -1.2913 0.7084 1.3104, -1.2913 0.7171 1.3053, -1.2913 0.7097 1.312, -1.2913 0.7111 1.3133, -1.2913 0.746 1.2866, -1.2913 0.7472 1.2851, -1.2913 0.7393 1.2799, -1.2913 0.7483 1.2835, -1.2913 0.7398 1.2785, -1.2913 0.7315 1.2928, -1.2913 0.7347 1.2923, -1.2913 0.7351 1.2839, -1.2913 0.7376 1.2915, -1.2913 0.7401 1.2906, -1.2913 0.7151 1.3006, -1.2913 0.7056 1.3044, -1.2913 0.7156 1.3024, -1.2913 0.7064 1.3067, -1.2913 0.7073 1.3087, -1.2913 0.7374 1.2683, -1.2913 0.7423 1.2597, -1.2913 0.7362 1.2674, -1.2913 0.7404 1.2589, -1.2913 0.7348 1.2667, -1.2913 0.7384 1.2582, -1.2913 0.7333 1.2662, -1.2913 0.7464 1.2628, -1.2913 0.7456 1.262, -1.2913 0.744 1.2608, -1.2913 0.7402 1.2734, -1.2913 0.75 1.2696, -1.2913 0.7398 1.2719, -1.2913 0.7494 1.2677, -1.2913 0.7486 1.2659, -1.2913 0.7047 1.2989, -1.2913 0.7146 1.2876, -1.2913 0.7146 1.2821, -1.2913 0.7147 1.2984, -1.2913 0.705 1.3018, -1.2913 0.7146 1.2959, -1.2913 0.7491 1.2818, -1.2913 0.7498 1.2798, -1.2913 0.7402 1.2769, -1.2913 0.7502 1.2777, -1.2913 0.7403 1.275, -1.2913 0.7187 1.3167, -1.2913 0.7212 1.3171, -1.2913 0.7241 1.3091, -1.2913 0.724 1.3173, -1.2913 0.7261 1.3092, -1.2913 0.7252 1.3174, -1.2913 0.7272 1.3092, -1.2913 0.7286 1.3172, -1.2913 0.7298 1.309, -1.2913 0.7318 1.3169, -1.2913 0.7324 1.3085, -1.2913 0.7349 1.3163, -1.2913 0.735 1.3078, -1.2913 0.7378 1.3154, -1.2913 0.7375 1.3069, -1.2913 0.7405 1.3144, -1.2913 0.74 1.3056, -1.2913 0.7431 1.3131, -1.2913 0.7425 1.3041, -1.2913 0.7449 1.312, -1.2913 0.7449 1.3023, -1.2913 0.7157 1.2754, -1.2913 0.7165 1.2736, -1.2913 0.7148 1.2677, -1.2913 0.7176 1.272, -1.2913 0.7153 1.2669, -1.2913 0.7277 1.2659, -1.2913 0.7254 1.2586, -1.2913 0.7257 1.2662, -1.2913 0.7234 1.2594, -1.2913 0.7239 1.2668, -1.2913 0.7215 1.2605, -1.2913 0.7222 1.2677, -1.2913 0.7505 1.2754, -1.2913 0.7505 1.2742, -1.2913 0.7504 1.2718, -1.2913 0.7198 1.2617, -1.2913 0.7182 1.2632, -1.2913 0.7207 1.2687, -1.2913 0.7167 1.2649, -1.2913 0.7193 1.27, -1.2913 0.7189 1.2704, -1.2913 0.7362 1.2578, -1.2913 0.7337 1.2576, -1.2913 0.7316 1.2659, -1.2913 0.7323 1.2575, -1.2913 0.7297 1.2658, -1.2913 0.7299 1.2576, -1.2913 0.7275 1.258, -1.2874 0.7425 1.3041, -1.2874 0.7449 1.3023, -1.2874 0.7449 1.312, -1.2874 0.7193 1.3074, -1.2874 0.7127 1.3144, -1.2874 0.7181 1.3064, -1.2874 0.7111 1.3133, -1.2874 0.7171 1.3053, -1.2874 0.7384 1.2694, -1.2874 0.7476 1.2643, -1.2874 0.7392 1.2706, -1.2874 0.7486 1.2659, -1.2874 0.7398 1.2719, -1.2874 0.7151 1.2773, -1.2874 0.7147 1.2794, -1.2874 0.7045 1.2957, -1.2874 0.7153 1.2669, -1.2874 0.7167 1.2649, -1.2874 0.7207 1.2687, -1.2874 0.7182 1.2632, -1.2874 0.7222 1.2677, -1.2874 0.7198 1.2617, -1.2874 0.7239 1.2668, -1.2874 0.7215 1.2605, -1.2874 0.7257 1.2662, -1.2874 0.7097 1.312, -1.2874 0.7084 1.3104, -1.2874 0.7163 1.304, -1.2874 0.7073 1.3087, -1.2874 0.7156 1.3024, -1.2874 0.7241 1.3091, -1.2874 0.7212 1.3171, -1.2874 0.7222 1.3087, -1.2874 0.7187 1.3167, -1.2874 0.7206 1.3082, -1.2874 0.7165 1.3161, -1.2874 0.7145 1.3154, -1.2874 0.7157 1.2754, -1.2874 0.7146 1.2677, -1.2874 0.7146 1.2589, -1.2874 0.7045 1.2589, -1.2874 0.7376 1.2822, -1.2874 0.7422 1.2895, -1.2874 0.7365 1.2831, -1.2874 0.7401 1.2906, -1.2874 0.7351 1.2839, -1.2874 0.7376 1.2915, -1.2874 0.7333 1.2846, -1.2874 0.7347 1.2923, -1.2874 0.7311 1.2852, -1.2874 0.7315 1.2928, -1.2874 0.7386 1.2812, -1.2874 0.7457 1.2869, -1.2874 0.7441 1.2883, -1.2874 0.7374 1.2683, -1.2874 0.7456 1.262, -1.2874 0.7464 1.2628, -1.2874 0.7362 1.2674, -1.2874 0.7423 1.2597, -1.2874 0.744 1.2608, -1.2874 0.7193 1.27, -1.2874 0.7189 1.2704, -1.2874 0.7148 1.2677, -1.2874 0.7176 1.272, -1.2874 0.7165 1.2736, -1.2874 0.7393 1.2799, -1.2874 0.7472 1.2851, -1.2874 0.746 1.2866, -1.2874 0.7146 1.2876, -1.2874 0.7047 1.2989, -1.2874 0.7146 1.2821, -1.2874 0.7146 1.2816, -1.2874 0.7494 1.2677, -1.2874 0.75 1.2696, -1.2874 0.7402 1.2734, -1.2874 0.7316 1.2659, -1.2874 0.7337 1.2576, -1.2874 0.7333 1.2662, -1.2874 0.7362 1.2578, -1.2874 0.7348 1.2667, -1.2874 0.7384 1.2582, -1.2874 0.7404 1.2589, -1.2874 0.7234 1.2594, -1.2874 0.7254 1.2586, -1.2874 0.7277 1.2659, -1.2874 0.7275 1.258, -1.2874 0.7297 1.2658, -1.2874 0.7299 1.2576, -1.2874 0.7323 1.2575, -1.2874 0.7064 1.3067, -1.2874 0.7056 1.3044, -1.2874 0.7151 1.3006, -1.2874 0.705 1.3018, -1.2874 0.7147 1.2984, -1.2874 0.7146 1.2959, -1.2874 0.7146 1.2952, -1.2874 0.7279 1.2858, -1.2874 0.7402 1.2769, -1.2874 0.7498 1.2798, -1.2874 0.7398 1.2785, -1.2874 0.7491 1.2818, -1.2874 0.7483 1.2835, -1.2874 0.7504 1.2718, -1.2874 0.7505 1.2742, -1.2874 0.7403 1.275, -1.2874 0.7505 1.2754, -1.2874 0.7502 1.2777, -1.2874 0.74 1.3056, -1.2874 0.7431 1.3131, -1.2874 0.7375 1.3069, -1.2874 0.7405 1.3144, -1.2874 0.735 1.3078, -1.2874 0.7378 1.3154, -1.2874 0.7324 1.3085, -1.2874 0.7349 1.3163, -1.2874 0.7298 1.309, -1.2874 0.7318 1.3169, -1.2874 0.7272 1.3092, -1.2874 0.7286 1.3172, -1.2874 0.7261 1.3092, -1.2874 0.7252 1.3174, -1.2874 0.724 1.3173, -1.2913 0.6744 1.2657, -1.2874 0.6744 1.2657, -1.2874 0.677 1.2658, -1.2913 0.677 1.2658, -1.2874 0.6795 1.2662, -1.2913 0.6795 1.2662, -1.2874 0.682 1.2668, -1.2913 0.682 1.2668, -1.2874 0.6843 1.2676, -1.2913 0.6843 1.2676, -1.2874 0.6867 1.2686, -1.2913 0.6867 1.2686, -1.2874 0.689 1.27, -1.2913 0.689 1.27, -1.2874 0.6909 1.2712, -1.2913 0.6909 1.2712, -1.2913 0.6909 1.2609, -1.2874 0.6909 1.2609, -1.2874 0.6885 1.2598, -1.2913 0.6885 1.2598, -1.2874 0.686 1.2589, -1.2913 0.686 1.2589, -1.2874 0.6833 1.2583, -1.2913 0.6833 1.2583, -1.2874 0.6804 1.2578, -1.2913 0.6804 1.2578, -1.2874 0.6774 1.2576, -1.2913 0.6774 1.2576, -1.2874 0.6754 1.2575, -1.2913 0.6754 1.2575, -1.2874 0.6722 1.2576, -1.2913 0.6722 1.2576, -1.2874 0.6693 1.258, -1.2913 0.6693 1.258, -1.2874 0.6666 1.2585, -1.2913 0.6666 1.2585, -1.2874 0.6641 1.2593, -1.2913 0.6641 1.2593, -1.2874 0.6619 1.2602, -1.2913 0.6619 1.2602, -1.2874 0.6598 1.2614, -1.2913 0.6598 1.2614, -1.2874 0.6588 1.2621, -1.2913 0.6588 1.2621, -1.2874 0.6571 1.2633, -1.2913 0.6571 1.2633, -1.2874 0.6558 1.2647, -1.2913 0.6558 1.2647, -1.2874 0.6546 1.2662, -1.2913 0.6546 1.2662, -1.2874 0.6538 1.2677, -1.2913 0.6538 1.2677, -1.2874 0.6531 1.2694, -1.2913 0.6531 1.2694, -1.2874 0.6526 1.2712, -1.2913 0.6526 1.2712, -1.2874 0.6524 1.2731, -1.2913 0.6524 1.2731, -1.2874 0.6523 1.2744, -1.2913 0.6523 1.2744, -1.2874 0.6524 1.2765, -1.2913 0.6524 1.2765, -1.2874 0.6528 1.2784, -1.2913 0.6528 1.2784, -1.2874 0.6533 1.2801, -1.2913 0.6533 1.2801, -1.2874 0.6541 1.2817, -1.2913 0.6541 1.2817, -1.2874 0.6551 1.2832, -1.2913 0.6551 1.2832, -1.2874 0.6557 1.2839, -1.2913 0.6557 1.2839, -1.2874 0.6569 1.2851, -1.2913 0.6569 1.2851, -1.2874 0.6585 1.2864, -1.2913 0.6585 1.2864, -1.2874 0.6606 1.2877, -1.2913 0.6606 1.2877, -1.2874 0.6632 1.289, -1.2913 0.6632 1.289, -1.2874 0.6664 1.2904, -1.2913 0.6664 1.2904, -1.2874 0.6686 1.2913, -1.2913 0.6686 1.2913, -1.2874 0.673 1.2931, -1.2913 0.673 1.2931, -1.2874 0.6757 1.2944, -1.2913 0.6757 1.2944, -1.2874 0.6774 1.2955, -1.2913 0.6774 1.2955, -1.2874 0.6784 1.2962, -1.2913 0.6784 1.2962, -1.2874 0.6792 1.2971, -1.2913 0.6792 1.2971, -1.2874 0.6798 1.2981, -1.2913 0.6798 1.2981, -1.2874 0.6803 1.2993, -1.2913 0.6803 1.2993, -1.2874 0.6805 1.3006, -1.2913 0.6805 1.3006, -1.2874 0.6805 1.3015, -1.2913 0.6805 1.3015, -1.2874 0.6804 1.3028, -1.2913 0.6804 1.3028, -1.2874 0.6801 1.304, -1.2913 0.6801 1.304, -1.2874 0.6795 1.3051, -1.2913 0.6795 1.3051, -1.2874 0.6787 1.3061, -1.2913 0.6787 1.3061, -1.2874 0.6778 1.3069, -1.2913 0.6778 1.3069, -1.2874 0.6775 1.3071, -1.2913 0.6775 1.3071, -1.2874 0.6762 1.3079, -1.2913 0.6762 1.3079, -1.2874 0.6747 1.3085, -1.2913 0.6747 1.3085, -1.2874 0.673 1.3089, -1.2913 0.673 1.3089, -1.2874 0.6711 1.3092, -1.2913 0.6711 1.3092, -1.2874 0.6696 1.3092, -1.2913 0.6696 1.3092, -1.2874 0.6669 1.3091, -1.2913 0.6669 1.3091, -1.2874 0.6643 1.3088, -1.2913 0.6643 1.3088, -1.2874 0.6619 1.3082, -1.2913 0.6619 1.3082, -1.2874 0.6595 1.3074, -1.2913 0.6595 1.3074, -1.2874 0.6573 1.3064, -1.2913 0.6573 1.3064, -1.2874 0.6551 1.3051, -1.2913 0.6551 1.3051, -1.2913 0.6551 1.3148, -1.2874 0.6551 1.3148, -1.2874 0.6577 1.3158, -1.2913 0.6577 1.3158, -1.2874 0.6603 1.3165, -1.2913 0.6603 1.3165, -1.2874 0.6631 1.317, -1.2913 0.6631 1.317, -1.2874 0.6661 1.3173, -1.2913 0.6661 1.3173, -1.2874 0.6686 1.3174, -1.2913 0.6686 1.3174, -1.2874 0.6716 1.3173, -1.2913 0.6716 1.3173, -1.2874 0.6743 1.3169, -1.2913 0.6743 1.3169, -1.2874 0.6769 1.3163, -1.2913 0.6769 1.3163, -1.2874 0.6793 1.3156, -1.2913 0.6793 1.3156, -1.2874 0.6815 1.3146, -1.2913 0.6815 1.3146, -1.2874 0.6835 1.3134, -1.2913 0.6835 1.3134, -1.2874 0.6845 1.3128, -1.2913 0.6845 1.3128, -1.2874 0.6861 1.3115, -1.2913 0.6861 1.3115, -1.2874 0.6875 1.3101, -1.2913 0.6875 1.3101, -1.2874 0.6886 1.3086, -1.2913 0.6886 1.3086, -1.2874 0.6895 1.307, -1.2913 0.6895 1.307, -1.2874 0.6902 1.3053, -1.2913 0.6902 1.3053, -1.2874 0.6906 1.3035, -1.2913 0.6906 1.3035, -1.2874 0.6908 1.3017, -1.2913 0.6908 1.3017, -1.2874 0.6909 1.3006, -1.2913 0.6909 1.3006, -1.2874 0.6908 1.2985, -1.2913 0.6908 1.2985, -1.2874 0.6904 1.2966, -1.2913 0.6904 1.2966, -1.2874 0.6898 1.2948, -1.2913 0.6898 1.2948, -1.2874 0.6891 1.2932, -1.2913 0.6891 1.2932, -1.2874 0.6882 1.2918, -1.2913 0.6882 1.2918, -1.2874 0.688 1.2916, -1.2913 0.688 1.2916, -1.2874 0.687 1.2904, -1.2913 0.687 1.2904, -1.2874 0.6857 1.2893, -1.2913 0.6857 1.2893, -1.2874 0.6838 1.288, -1.2913 0.6838 1.288, -1.2874 0.6815 1.2867, -1.2913 0.6815 1.2867, -1.2874 0.6785 1.2852, -1.2913 0.6785 1.2852, -1.2874 0.6757 1.284, -1.2913 0.6757 1.284, -1.2874 0.6713 1.2823, -1.2913 0.6713 1.2823, -1.2874 0.6684 1.2809, -1.2913 0.6684 1.2809, -1.2874 0.6664 1.2798, -1.2913 0.6664 1.2798, -1.2874 0.6652 1.2789, -1.2913 0.6652 1.2789, -1.2874 0.6642 1.2779, -1.2913 0.6642 1.2779, -1.2874 0.6635 1.2768, -1.2913 0.6635 1.2768, -1.2874 0.663 1.2757, -1.2913 0.663 1.2757, -1.2874 0.6627 1.2745, -1.2913 0.6627 1.2745, -1.2874 0.6626 1.2734, -1.2913 0.6626 1.2734, -1.2874 0.6627 1.272, -1.2913 0.6627 1.272, -1.2874 0.6631 1.2707, -1.2913 0.6631 1.2707, -1.2874 0.6636 1.2696, -1.2913 0.6636 1.2696, -1.2874 0.6644 1.2687, -1.2913 0.6644 1.2687, -1.2874 0.6653 1.2678, -1.2913 0.6653 1.2678, -1.2874 0.6665 1.2671, -1.2913 0.6665 1.2671, -1.2874 0.6679 1.2666, -1.2913 0.6679 1.2666, -1.2874 0.6696 1.2661, -1.2913 0.6696 1.2661, -1.2874 0.6717 1.2658, -1.2913 0.6717 1.2658, -1.2913 0.6026 1.3161, -1.2913 0.5922 1.3161, -1.2874 0.6026 1.3161, -1.2874 0.5922 1.3161, -1.2913 0.6182 1.273, -1.2874 0.6182 1.273, -1.2874 0.619 1.2703, -1.2913 0.619 1.2703, -1.2874 0.6194 1.2684, -1.2913 0.6194 1.2684, -1.2913 0.6197 1.2684, -1.2874 0.6197 1.2684, -1.2913 0.6209 1.2731, -1.2874 0.6209 1.2731, -1.2913 0.6359 1.3161, -1.2874 0.6359 1.3161, -1.2913 0.6471 1.3161, -1.2874 0.6471 1.3161, -1.2913 0.6247 1.259, -1.2874 0.6247 1.259, -1.2913 0.6291 1.2486, -1.2874 0.6291 1.2486, -1.2874 0.6302 1.2462, -1.2913 0.6302 1.2462, -1.2874 0.6314 1.2445, -1.2913 0.6314 1.2445, -1.2874 0.6329 1.2429, -1.2913 0.6329 1.2429, -1.2874 0.6343 1.2419, -1.2913 0.6343 1.2419, -1.2874 0.6359 1.2411, -1.2913 0.6359 1.2411, -1.2874 0.6376 1.2407, -1.2913 0.6376 1.2407, -1.2874 0.6393 1.2405, -1.2913 0.6393 1.2405, -1.2874 0.6415 1.2407, -1.2913 0.6415 1.2407, -1.2874 0.6437 1.2412, -1.2913 0.6437 1.2412, -1.2874 0.645 1.2417, -1.2913 0.645 1.2417, -1.2913 0.645 1.2328, -1.2874 0.645 1.2328, -1.2874 0.6427 1.2322, -1.2913 0.6427 1.2322, -1.2874 0.6399 1.232, -1.2913 0.6399 1.232, -1.2874 0.6386 1.2319, -1.2913 0.6386 1.2319, -1.2874 0.6361 1.2321, -1.2913 0.6361 1.2321, -1.2874 0.6338 1.2326, -1.2913 0.6338 1.2326, -1.2874 0.6316 1.2334, -1.2913 0.6316 1.2334, -1.2874 0.6295 1.2345, -1.2913 0.6295 1.2345, -1.2874 0.6275 1.236, -1.2913 0.6275 1.236, -1.2874 0.6255 1.2379, -1.2913 0.6255 1.2379, -1.2874 0.6236 1.2401, -1.2913 0.6236 1.2401, -1.2874 0.6218 1.2428, -1.2913 0.6218 1.2428, -1.2874 0.6201 1.2459, -1.2913 0.6201 1.2459, -1.2874 0.6184 1.2496, -1.2913 0.6184 1.2496, -1.2874 0.6182 1.2502, -1.2913 0.6182 1.2502, -1.2913 0.5383 1.268, -1.2913 0.5383 1.2589, -1.2874 0.5383 1.268, -1.2874 0.5383 1.2589, -1.2913 0.5711 1.268, -1.2874 0.5711 1.268, -1.2913 0.5711 1.2949, -1.2874 0.5711 1.2949, -1.2913 0.5424 1.2949, -1.2874 0.5424 1.2949, -1.2913 0.5424 1.3041, -1.2874 0.5424 1.3041, -1.2913 0.5711 1.3041, -1.2874 0.5711 1.3041, -1.2913 0.5711 1.3297, -1.2874 0.5711 1.3297, -1.2913 0.5402 1.3297, -1.2874 0.5402 1.3297, -1.2913 0.5402 1.3389, -1.2874 0.5402 1.3389, -1.2913 0.5814 1.3389, -1.2874 0.5814 1.3389, -1.2913 0.5814 1.2589, -1.2874 0.5814 1.2589, -1.2913 0.4864 1.2706, -1.2913 0.4808 1.2629, -1.2913 0.4835 1.2719, -1.2913 0.4775 1.2646, -1.2913 0.4808 1.2735, -1.2913 0.4744 1.2666, -1.2913 0.4784 1.2754, -1.2913 0.4714 1.2689, -1.2913 0.4774 1.2764, -1.2913 0.4701 1.2701, -1.2913 0.4754 1.2785, -1.2913 0.4675 1.2727, -1.2913 0.4737 1.281, -1.2913 0.4653 1.2755, -1.2913 0.4722 1.2836, -1.2913 0.4634 1.2785, -1.2913 0.471 1.2864, -1.2913 0.4696 1.3074, -1.2913 0.4595 1.3116, -1.2913 0.4704 1.3107, -1.2913 0.4606 1.315, -1.2913 0.4714 1.3137, -1.2913 0.4621 1.3181, -1.2913 0.4728 1.3163, -1.2913 0.4638 1.3211, -1.2913 0.4744 1.3187, -1.2913 0.4658 1.3238, -1.2913 0.4681 1.3264, -1.2913 0.4762 1.3208, -1.2913 0.4701 1.3283, -1.2913 0.4777 1.3222, -1.2913 0.4731 1.3307, -1.2913 0.4801 1.3241, -1.2913 0.4762 1.3328, -1.2913 0.4828 1.3257, -1.2913 0.4795 1.3346, -1.2913 0.4857 1.3271, -1.2913 0.483 1.336, -1.2913 0.4888 1.3282, -1.2913 0.4866 1.3372, -1.2913 0.4922 1.329, -1.2913 0.4905 1.3381, -1.2913 0.4959 1.3295, -1.2913 0.4946 1.3387, -1.2913 0.4998 1.3297, -1.2913 0.4989 1.3389, -1.2913 0.5008 1.3297, -1.2913 0.5004 1.3389, -1.2913 0.5129 1.3297, -1.2913 0.5232 1.3389, -1.2913 0.5129 1.268, -1.2913 0.5232 1.2589, -1.2913 0.5012 1.268, -1.2913 0.5012 1.2589, -1.2913 0.497 1.2682, -1.2913 0.4966 1.259, -1.2913 0.4931 1.2687, -1.2913 0.4922 1.2596, -1.2913 0.4896 1.2695, -1.2913 0.4882 1.2604, -1.2913 0.4844 1.2615, -1.2913 0.4617 1.2816, -1.2913 0.4604 1.2849, -1.2913 0.47 1.2895, -1.2913 0.4594 1.2884, -1.2913 0.4694 1.2929, -1.2913 0.4586 1.2921, -1.2913 0.469 1.2966, -1.2913 0.4582 1.2961, -1.2913 0.4689 1.2996, -1.2913 0.458 1.2999, -1.2913 0.4691 1.3037, -1.2913 0.4582 1.3041, -1.2913 0.4587 1.308, -1.2874 0.4801 1.3241, -1.2874 0.4731 1.3307, -1.2874 0.4777 1.3222, -1.2874 0.4701 1.3283, -1.2874 0.4762 1.3208, -1.2874 0.4681 1.3264, -1.2874 0.4744 1.3187, -1.2874 0.4658 1.3238, -1.2874 0.4728 1.3163, -1.2874 0.4638 1.3211, -1.2874 0.4714 1.3137, -1.2874 0.4621 1.3181, -1.2874 0.4704 1.3107, -1.2874 0.4835 1.2719, -1.2874 0.4808 1.2629, -1.2874 0.4864 1.2706, -1.2874 0.4844 1.2615, -1.2874 0.4896 1.2695, -1.2874 0.4882 1.2604, -1.2874 0.4931 1.2687, -1.2874 0.4922 1.2596, -1.2874 0.497 1.2682, -1.2874 0.4966 1.259, -1.2874 0.5012 1.268, -1.2874 0.5012 1.2589, -1.2874 0.5129 1.268, -1.2874 0.5232 1.2589, -1.2874 0.5129 1.3297, -1.2874 0.5232 1.3389, -1.2874 0.5008 1.3297, -1.2874 0.5004 1.3389, -1.2874 0.4998 1.3297, -1.2874 0.4989 1.3389, -1.2874 0.4959 1.3295, -1.2874 0.4946 1.3387, -1.2874 0.4922 1.329, -1.2874 0.4905 1.3381, -1.2874 0.4888 1.3282, -1.2874 0.4866 1.3372, -1.2874 0.4857 1.3271, -1.2874 0.483 1.336, -1.2874 0.4828 1.3257, -1.2874 0.4795 1.3346, -1.2874 0.4762 1.3328, -1.2874 0.47 1.2895, -1.2874 0.4604 1.2849, -1.2874 0.471 1.2864, -1.2874 0.4617 1.2816, -1.2874 0.4722 1.2836, -1.2874 0.4634 1.2785, -1.2874 0.4737 1.281, -1.2874 0.4653 1.2755, -1.2874 0.4754 1.2785, -1.2874 0.4675 1.2727, -1.2874 0.4774 1.2764, -1.2874 0.4701 1.2701, -1.2874 0.4784 1.2754, -1.2874 0.4714 1.2689, -1.2874 0.4808 1.2735, -1.2874 0.4744 1.2666, -1.2874 0.4775 1.2646, -1.2874 0.4606 1.315, -1.2874 0.4595 1.3116, -1.2874 0.4696 1.3074, -1.2874 0.4587 1.308, -1.2874 0.4691 1.3037, -1.2874 0.4582 1.3041, -1.2874 0.4689 1.2996, -1.2874 0.458 1.2999, -1.2874 0.469 1.2966, -1.2874 0.4582 1.2961, -1.2874 0.4694 1.2929, -1.2874 0.4586 1.2921, -1.2874 0.4594 1.2884, -1.2913 0.4312 1.2898, -1.2913 0.4192 1.3231, -1.2913 0.4231 1.3389, -1.2913 0.4536 1.2589, -1.2913 0.4422 1.2589, -1.2913 0.4345 1.2808, -1.2913 0.4185 1.3255, -1.2913 0.4179 1.3287, -1.2913 0.412 1.3389, -1.2913 0.4177 1.3287, -1.2913 0.417 1.3253, -1.2913 0.4164 1.3231, -1.2913 0.4043 1.2898, -1.2913 0.3815 1.2589, -1.2913 0.393 1.2589, -1.2913 0.4011 1.2808, -1.2874 0.4345 1.2808, -1.2874 0.4312 1.2898, -1.2874 0.4011 1.2808, -1.2874 0.4043 1.2898, -1.2874 0.4164 1.3231, -1.2874 0.412 1.3389, -1.2874 0.3815 1.2589, -1.2874 0.393 1.2589, -1.2874 0.417 1.3253, -1.2874 0.4177 1.3287, -1.2874 0.4231 1.3389, -1.2874 0.4179 1.3287, -1.2874 0.4185 1.3255, -1.2874 0.4192 1.3231, -1.2874 0.4536 1.2589, -1.2874 0.4422 1.2589, -1.2913 1.1483 1.237, -1.2913 1.142 1.2318, -1.2913 1.1619 1.2979, -1.2913 1.1131 1.4009, -1.2913 1.109 1.3986, -1.2913 1.1266 1.4402, -1.2913 1.0657 1.3161, -1.2913 1.109 1.2996, -1.2913 1.1051 1.2992, -1.2913 1.0515 1.278, -1.2913 1.0868 1.2754, -1.2913 1.0519 1.2707, -1.2913 1.0881 1.2699, -1.2913 1.0757 1.441, -1.2913 1.066 1.4462, -1.2913 1.0838 1.4758, -1.2913 0.9625 1.4117, -1.2913 0.9578 1.4017, -1.2913 0.9251 1.4129, -1.2913 0.9545 1.3911, -1.2913 0.953 1.3821, -1.2913 1.1266 1.2908, -1.2913 1.1594 1.3037, -1.2913 1.1294 1.286, -1.2913 1.1309 1.2806, -1.2913 0.9314 1.2965, -1.2913 0.9393 1.2941, -1.2913 0.9308 1.2603, -1.2913 1.1625 1.2597, -1.2913 1.159 1.2514, -1.2913 1.1542 1.2438, -1.2913 1.0912 1.2907, -1.2913 1.0885 1.2861, -1.2913 1.087 1.281, -1.2913 0.9718 1.3258, -1.2913 0.9894 1.3559, -1.2913 1.0515 1.2836, -1.2913 1.1143 1.2989, -1.2913 1.1054 1.3354, -1.2913 1.1084 1.3354, -1.2913 1.1556 1.4047, -1.2913 1.1629 1.4384, -1.2913 1.174 1.4347, -1.2913 1.0997 1.2976, -1.2913 1.095 1.2946, -1.2913 1.0906 1.265, -1.2913 1.0573 1.2528, -1.2913 1.0539 1.2615, -1.2913 1.1238 1.2609, -1.2913 1.1193 1.2578, -1.2913 1.1341 1.227, -1.2913 1.1141 1.2558, -1.2913 1.1193 1.297, -1.2913 1.1413 1.3248, -1.2913 1.1238 1.2939, -1.2913 1.1484 1.3188, -1.2913 1.1545 1.3117, -1.2913 1.1174 1.3347, -1.2913 1.1261 1.3326, -1.2913 1.1344 1.3291, -1.2913 0.9416 1.2586, -1.2913 0.945 1.2933, -1.2913 0.9752 1.2586, -1.2913 0.9706 1.2933, -1.2913 0.978 1.259, -1.2913 1.0717 1.4809, -1.2913 1.0557 1.45, -1.2913 1.0592 1.4845, -1.2913 1.1701 1.3025, -1.2913 1.1798 1.266, -1.2913 1.1689 1.2616, -1.2913 1.1642 1.4013, -1.2913 1.1846 1.4296, -1.2913 1.1722 1.3965, -1.2913 1.1945 1.4232, -1.2913 1.1793 1.3905, -1.2913 1.0721 1.3224, -1.2913 1.0796 1.3277, -1.2913 1.0878 1.3317, -1.2913 1.0968 1.3343, -1.2913 0.9059 1.3505, -1.2913 0.8757 1.3692, -1.2913 0.909 1.3581, -1.2913 0.8809 1.3787, -1.2913 0.9135 1.3651, -1.2913 0.8874 1.3876, -1.2913 0.9191 1.371, -1.2913 0.895 1.3956, -1.2913 0.9256 1.3758, -1.2913 1.1839 1.3152, -1.2913 1.208 1.2871, -1.2913 1.1775 1.3082, -1.2913 1.1994 1.2787, -1.2913 1.1899 1.2717, -1.2913 1.1514 1.4406, -1.2913 1.1464 1.4067, -1.2913 1.1397 1.4413, -1.2913 1.1391 1.4072, -1.2913 1.1332 1.441, -1.2913 1.1303 1.4064, -1.2913 1.1216 1.4043, -1.2913 1.1274 1.2651, -1.2913 1.1298 1.2698, -1.2913 1.131 1.2751, -1.2913 0.9205 1.2634, -1.2913 0.9107 1.2678, -1.2913 0.9241 1.3003, -1.2913 0.9015 1.2737, -1.2913 0.9177 1.3054, -1.2913 0.8931 1.2809, -1.2913 0.9151 1.3081, -1.2913 0.8898 1.2842, -1.2913 0.9104 1.3146, -1.2913 1.0954 1.4694, -1.2913 1.1016 1.4652, -1.2913 1.0845 1.4345, -1.2913 1.1106 1.458, -1.2913 1.0924 1.4269, -1.2913 1.1188 1.4496, -1.2913 1.0992 1.4183, -1.2913 1.1047 1.4088, -1.2913 0.9301 1.4243, -1.2913 0.9364 1.4351, -1.2913 0.9685 1.421, -1.2913 0.9441 1.4456, -1.2913 0.9758 1.4294, -1.2913 1.1951 1.34, -1.2913 1.229 1.326, -1.2913 1.1927 1.331, -1.2913 1.2253 1.3148, -1.2913 1.1888 1.3225, -1.2913 1.2202 1.3041, -1.2913 1.2138 1.2941, -1.2913 1.0986 1.2578, -1.2913 1.0745 1.2322, -1.2913 1.0942 1.2608, -1.2913 1.0682 1.2377, -1.2913 1.0622 1.2448, -1.2913 1.1254 1.2236, -1.2913 1.1162 1.2216, -1.2913 1.109 1.2552, -1.2913 1.1084 1.221, -1.2913 1.1035 1.2558, -1.2913 0.9047 1.3296, -1.2913 0.8689 1.3333, -1.2913 0.904 1.3377, -1.2913 0.8687 1.3383, -1.2913 0.9043 1.3424, -1.2913 0.8696 1.3489, -1.2913 0.872 1.3592, -1.2913 0.883 1.2927, -1.2913 0.8775 1.3019, -1.2913 0.9069 1.3218, -1.2913 0.8732 1.3119, -1.2913 0.8703 1.3224, -1.2913 1.0993 1.2218, -1.2913 1.0906 1.2239, -1.2913 1.0823 1.2274, -1.2913 0.9734 1.2938, -1.2913 0.9872 1.2647, -1.2913 0.9855 1.263, -1.2913 1.0332 1.4874, -1.2913 1.0327 1.4533, -1.2913 1.0293 1.4874, -1.2913 1.0218 1.4526, -1.2913 1.1897 1.3764, -1.2913 1.2246 1.3852, -1.2913 1.1932 1.3681, -1.2913 1.2285 1.3742, -1.2913 1.1953 1.3594, -1.2913 1.2309 1.3626, -1.2913 1.1961 1.3503, -1.2913 1.2319 1.3515, -1.2913 1.196 1.3486, -1.2913 1.2319 1.3491, -1.2913 1.2312 1.3374, -1.2913 0.9484 1.3821, -1.2913 0.9403 1.3814, -1.2913 0.9229 1.4122, -1.2913 0.9327 1.3793, -1.2913 0.9134 1.4081, -1.2913 0.9038 1.4025, -1.2913 0.9917 1.2762, -1.2913 0.9912 1.2721, -1.2913 0.9897 1.2683, -1.2913 0.9717 1.2935, -1.2913 0.9818 1.2604, -1.2913 1.0464 1.4867, -1.2913 1.0448 1.4524, -1.2913 1.0343 1.4533, -1.2913 0.9783 1.2934, -1.2913 0.9822 1.2919, -1.2913 0.9916 1.2779, -1.2913 0.9857 1.2894, -1.2913 0.9885 1.2863, -1.2913 0.9906 1.2823, -1.2913 1.2032 1.4159, -1.2913 1.2052 1.414, -1.2913 1.1848 1.3841, -1.2913 1.2129 1.4053, -1.2913 1.2193 1.3957, -1.2913 0.974 1.2939, -1.2913 0.9532 1.4554, -1.2913 0.9558 1.4578, -1.2913 0.9827 1.4357, -1.2913 0.9666 1.4663, -1.2913 0.9917 1.4419, -1.2913 0.9782 1.4734, -1.2913 1.0013 1.4468, -1.2913 0.9905 1.4791, -1.2913 1.0114 1.4504, -1.2913 1.0032 1.4834, -1.2913 1.0161 1.4861, -1.2874 0.9894 1.3559, -1.2874 0.9718 1.3258, -1.2874 1.0657 1.3161, -1.2874 1.0515 1.2836, -1.2874 1.0823 1.2274, -1.2874 1.1619 1.2979, -1.2874 1.1143 1.2989, -1.2874 1.1193 1.297, -1.2874 1.1294 1.286, -1.2874 1.1309 1.2806, -1.2874 1.1899 1.2717, -1.2874 1.131 1.2751, -1.2874 1.1798 1.266, -1.2874 1.0515 1.278, -1.2874 1.0519 1.2707, -1.2874 1.0745 1.2322, -1.2874 1.0682 1.2377, -1.2874 1.1775 1.3082, -1.2874 1.1701 1.3025, -1.2874 1.066 1.4462, -1.2874 1.0757 1.441, -1.2874 1.0954 1.4694, -1.2874 1.1193 1.2578, -1.2874 1.142 1.2318, -1.2874 1.1238 1.2609, -1.2874 1.1483 1.237, -1.2874 1.1274 1.2651, -1.2874 1.109 1.2552, -1.2874 1.1035 1.2558, -1.2874 1.0993 1.2218, -1.2874 1.0906 1.265, -1.2874 1.0881 1.2699, -1.2874 1.0868 1.2754, -1.2874 1.087 1.281, -1.2874 1.1047 1.4088, -1.2874 1.109 1.3986, -1.2874 1.1266 1.4402, -1.2874 1.1131 1.4009, -1.2874 1.1642 1.4013, -1.2874 1.174 1.4347, -1.2874 1.1556 1.4047, -1.2874 1.1629 1.4384, -1.2874 1.1464 1.4067, -1.2874 1.1514 1.4406, -1.2874 1.1391 1.4072, -1.2874 1.1994 1.2787, -1.2874 1.208 1.2871, -1.2874 1.1839 1.3152, -1.2874 1.2138 1.2941, -1.2874 1.1888 1.3225, -1.2874 1.2202 1.3041, -1.2874 1.1927 1.331, -1.2874 1.1238 1.2939, -1.2874 1.1266 1.2908, -1.2874 0.9685 1.421, -1.2874 0.9364 1.4351, -1.2874 0.9625 1.4117, -1.2874 0.9301 1.4243, -1.2874 0.9578 1.4017, -1.2874 0.9251 1.4129, -1.2874 0.9545 1.3911, -1.2874 1.1016 1.4652, -1.2874 1.0845 1.4345, -1.2874 1.1106 1.458, -1.2874 0.9327 1.3793, -1.2874 0.9403 1.3814, -1.2874 1.0539 1.2615, -1.2874 1.0573 1.2528, -1.2874 1.0622 1.2448, -1.2874 1.1216 1.4043, -1.2874 1.1303 1.4064, -1.2874 1.1332 1.441, -1.2874 1.1397 1.4413, -1.2874 1.1188 1.4496, -1.2874 1.0924 1.4269, -1.2874 1.0992 1.4183, -1.2874 0.9069 1.3218, -1.2874 0.8775 1.3019, -1.2874 0.9104 1.3146, -1.2874 0.883 1.2927, -1.2874 0.9151 1.3081, -1.2874 0.8898 1.2842, -1.2874 0.9177 1.3054, -1.2874 0.8931 1.2809, -1.2874 0.9241 1.3003, -1.2874 0.909 1.3581, -1.2874 0.8757 1.3692, -1.2874 0.9059 1.3505, -1.2874 0.872 1.3592, -1.2874 0.9043 1.3424, -1.2874 0.8696 1.3489, -1.2874 0.904 1.3377, -1.2874 0.9484 1.3821, -1.2874 0.953 1.3821, -1.2874 1.1542 1.2438, -1.2874 1.159 1.2514, -1.2874 1.1298 1.2698, -1.2874 1.1625 1.2597, -1.2874 1.1689 1.2616, -1.2874 1.0906 1.2239, -1.2874 1.0986 1.2578, -1.2874 1.0942 1.2608, -1.2874 1.109 1.2996, -1.2874 1.1054 1.3354, -1.2874 1.1051 1.2992, -1.2874 1.0968 1.3343, -1.2874 1.0997 1.2976, -1.2874 1.1084 1.221, -1.2874 1.1162 1.2216, -1.2874 1.1141 1.2558, -1.2874 1.1254 1.2236, -1.2874 1.1341 1.227, -1.2874 1.0878 1.3317, -1.2874 1.0796 1.3277, -1.2874 1.095 1.2946, -1.2874 1.0721 1.3224, -1.2874 1.0912 1.2907, -1.2874 1.0885 1.2861, -1.2874 1.1344 1.3291, -1.2874 1.1261 1.3326, -1.2874 1.1932 1.3681, -1.2874 1.2246 1.3852, -1.2874 1.1897 1.3764, -1.2874 1.2193 1.3957, -1.2874 1.1848 1.3841, -1.2874 1.2253 1.3148, -1.2874 1.229 1.326, -1.2874 1.1951 1.34, -1.2874 1.2312 1.3374, -1.2874 1.196 1.3486, -1.2874 1.2319 1.3491, -1.2874 1.1961 1.3503, -1.2874 1.2319 1.3515, -1.2874 1.1953 1.3594, -1.2874 1.2309 1.3626, -1.2874 1.2285 1.3742, -1.2874 0.9855 1.263, -1.2874 0.9872 1.2647, -1.2874 0.9734 1.2938, -1.2874 0.9897 1.2683, -1.2874 0.8687 1.3383, -1.2874 0.8689 1.3333, -1.2874 0.9047 1.3296, -1.2874 0.8703 1.3224, -1.2874 0.8732 1.3119, -1.2874 0.9229 1.4122, -1.2874 0.9134 1.4081, -1.2874 0.9256 1.3758, -1.2874 0.9038 1.4025, -1.2874 0.9191 1.371, -1.2874 0.895 1.3956, -1.2874 0.9135 1.3651, -1.2874 0.8874 1.3876, -1.2874 0.8809 1.3787, -1.2874 1.1545 1.3117, -1.2874 1.1484 1.3188, -1.2874 1.1413 1.3248, -1.2874 1.1174 1.3347, -1.2874 1.1084 1.3354, -1.2874 1.2129 1.4053, -1.2874 1.2052 1.414, -1.2874 1.1793 1.3905, -1.2874 1.2032 1.4159, -1.2874 1.1722 1.3965, -1.2874 1.1945 1.4232, -1.2874 1.1846 1.4296, -1.2874 0.9015 1.2737, -1.2874 0.9107 1.2678, -1.2874 0.9314 1.2965, -1.2874 0.9205 1.2634, -1.2874 0.9393 1.2941, -1.2874 0.9308 1.2603, -1.2874 0.945 1.2933, -1.2874 0.9416 1.2586, -1.2874 0.9706 1.2933, -1.2874 0.9752 1.2586, -1.2874 0.9717 1.2935, -1.2874 0.978 1.259, -1.2874 0.9818 1.2604, -1.2874 0.9912 1.2721, -1.2874 0.9917 1.2762, -1.2874 0.9916 1.2779, -1.2874 1.1594 1.3037, -1.2874 0.9906 1.2823, -1.2874 0.9885 1.2863, -1.2874 0.9857 1.2894, -1.2874 0.9822 1.2919, -1.2874 0.9827 1.4357, -1.2874 0.9558 1.4578, -1.2874 0.9758 1.4294, -1.2874 0.9532 1.4554, -1.2874 0.9441 1.4456, -1.2874 1.0838 1.4758, -1.2874 1.0717 1.4809, -1.2874 1.0557 1.45, -1.2874 1.0592 1.4845, -1.2874 1.0448 1.4524, -1.2874 1.0464 1.4867, -1.2874 1.0343 1.4533, -1.2874 1.0332 1.4874, -1.2874 1.0327 1.4533, -1.2874 1.0293 1.4874, -1.2874 1.0218 1.4526, -1.2874 1.0161 1.4861, -1.2874 1.0114 1.4504, -1.2874 1.0032 1.4834, -1.2874 1.0013 1.4468, -1.2874 0.9905 1.4791, -1.2874 0.9917 1.4419, -1.2874 0.9782 1.4734, -1.2874 0.9666 1.4663, -1.2874 0.9783 1.2934, -1.2874 0.974 1.2939
            ]
        }
        coordIndex [
            0,1,2,-1,2,1,3,-1,4,0,5,-1,5,0,2,-1,6,4,7,-1,7,4,5,-1,8,6,9,-1,9,6,7,-1,10,8,11,-1,11,8,9,-1,1,10,3,-1,3,10,11,-1,6,8,4,-1,4,8,10,-1,4,10,0,-1,0,10,1,-1,2,3,5,-1,5,3,11,-1,5,11,7,-1,7,11,9,-1,12,13,14,-1,12,14,15,-1,15,14,16,-1,15,16,17,-1,17,16,18,-1,17,18,19,-1,19,18,20,-1,19,20,21,-1,21,20,22,-1,21,22,23,-1,23,22,24,-1,23,24,25,-1,26,25,27,-1,27,25,24,-1,26,27,28,-1,26,28,29,-1,29,28,30,-1,29,30,31,-1,31,30,32,-1,31,32,33,-1,33,32,34,-1,33,34,35,-1,35,34,36,-1,35,36,37,-1,37,36,38,-1,37,38,39,-1,39,38,40,-1,39,40,41,-1,41,40,42,-1,41,42,43,-1,43,42,44,-1,43,44,45,-1,45,44,46,-1,45,46,47,-1,47,46,48,-1,47,48,49,-1,49,48,50,-1,49,50,51,-1,51,50,52,-1,51,52,53,-1,53,52,54,-1,53,54,55,-1,55,54,56,-1,55,56,57,-1,57,56,58,-1,57,58,59,-1,59,58,60,-1,59,60,61,-1,61,60,62,-1,61,62,63,-1,63,62,64,-1,63,64,65,-1,65,64,66,-1,65,66,67,-1,67,66,68,-1,67,68,69,-1,69,68,70,-1,69,70,71,-1,71,70,72,-1,71,72,73,-1,73,72,74,-1,73,74,75,-1,75,74,76,-1,75,76,77,-1,77,76,78,-1,77,78,79,-1,79,78,80,-1,79,80,81,-1,81,80,82,-1,81,82,83,-1,83,82,84,-1,83,84,85,-1,85,84,86,-1,85,86,87,-1,87,86,88,-1,87,88,89,-1,89,88,90,-1,89,90,91,-1,91,90,92,-1,91,92,93,-1,93,92,94,-1,93,94,95,-1,95,94,96,-1,95,96,97,-1,97,96,98,-1,97,98,99,-1,99,98,100,-1,99,100,101,-1,101,100,102,-1,101,102,103,-1,103,102,104,-1,103,104,105,-1,105,104,106,-1,105,106,107,-1,107,106,108,-1,107,108,109,-1,109,108,110,-1,109,110,111,-1,111,110,112,-1,111,112,113,-1,113,112,114,-1,113,114,115,-1,116,115,117,-1,117,115,114,-1,116,117,118,-1,116,118,119,-1,119,118,120,-1,119,120,121,-1,121,120,122,-1,121,122,123,-1,123,122,124,-1,123,124,125,-1,125,124,126,-1,125,126,127,-1,127,126,128,-1,127,128,129,-1,129,128,130,-1,129,130,131,-1,131,130,132,-1,131,132,133,-1,133,132,134,-1,133,134,135,-1,135,134,136,-1,135,136,137,-1,137,136,138,-1,137,138,139,-1,139,138,140,-1,139,140,141,-1,141,140,142,-1,141,142,143,-1,143,142,144,-1,143,144,145,-1,145,144,146,-1,145,146,147,-1,147,146,148,-1,147,148,149,-1,149,148,150,-1,149,150,151,-1,151,150,152,-1,151,152,153,-1,153,152,154,-1,153,154,155,-1,155,154,156,-1,155,156,157,-1,157,156,158,-1,157,158,159,-1,159,158,160,-1,159,160,161,-1,161,160,162,-1,161,162,163,-1,163,162,164,-1,163,164,165,-1,165,164,166,-1,165,166,167,-1,167,166,168,-1,167,168,169,-1,169,168,170,-1,169,170,171,-1,171,170,172,-1,171,172,173,-1,173,172,174,-1,173,174,175,-1,175,174,176,-1,175,176,177,-1,177,176,178,-1,177,178,179,-1,179,178,180,-1,179,180,181,-1,181,180,182,-1,181,182,183,-1,183,182,184,-1,183,184,185,-1,185,184,186,-1,185,186,187,-1,187,186,188,-1,187,188,189,-1,189,188,190,-1,189,190,191,-1,191,190,192,-1,191,192,193,-1,193,192,194,-1,193,194,195,-1,195,194,196,-1,195,196,197,-1,197,196,13,-1,197,13,12,-1,113,115,116,-1,57,177,179,-1,57,179,55,-1,55,179,181,-1,55,181,53,-1,53,181,183,-1,53,183,51,-1,51,183,185,-1,51,185,49,-1,49,185,187,-1,49,187,47,-1,33,21,31,-1,31,21,23,-1,31,23,29,-1,29,23,25,-1,29,25,26,-1,187,189,47,-1,47,189,191,-1,47,191,45,-1,45,191,193,-1,45,193,43,-1,43,193,195,-1,43,195,41,-1,41,195,197,-1,41,197,39,-1,39,197,12,-1,39,12,37,-1,37,12,15,-1,37,15,35,-1,35,15,17,-1,35,17,33,-1,33,17,19,-1,33,19,21,-1,89,143,87,-1,87,143,145,-1,87,145,85,-1,85,145,147,-1,85,147,83,-1,83,147,149,-1,83,149,81,-1,81,149,151,-1,81,151,79,-1,79,151,153,-1,79,153,77,-1,77,153,155,-1,77,155,75,-1,113,116,111,-1,111,116,119,-1,111,119,109,-1,109,119,121,-1,109,121,107,-1,107,121,123,-1,107,123,105,-1,105,123,125,-1,105,125,103,-1,103,125,127,-1,103,127,101,-1,101,127,129,-1,101,129,99,-1,99,129,131,-1,99,131,97,-1,97,131,133,-1,97,133,95,-1,95,133,135,-1,95,135,93,-1,93,135,137,-1,93,137,91,-1,91,137,139,-1,91,139,89,-1,89,139,141,-1,89,141,143,-1,177,57,175,-1,175,57,59,-1,175,59,173,-1,173,59,61,-1,173,61,171,-1,171,61,63,-1,171,63,169,-1,169,63,65,-1,169,65,167,-1,167,65,165,-1,165,65,67,-1,165,67,163,-1,155,157,75,-1,75,157,159,-1,75,159,73,-1,73,159,161,-1,73,161,71,-1,71,161,163,-1,71,163,69,-1,69,163,67,-1,28,27,24,-1,28,24,30,-1,44,190,46,-1,46,190,188,-1,46,188,48,-1,48,188,186,-1,48,186,50,-1,50,186,184,-1,50,184,52,-1,52,184,182,-1,52,182,54,-1,114,112,117,-1,117,112,110,-1,117,110,118,-1,118,110,108,-1,182,180,54,-1,54,180,178,-1,54,178,56,-1,56,178,176,-1,56,176,58,-1,58,176,174,-1,58,174,60,-1,60,174,172,-1,60,172,62,-1,24,22,30,-1,30,22,20,-1,30,20,32,-1,32,20,18,-1,32,18,34,-1,34,18,16,-1,34,16,36,-1,36,16,14,-1,36,14,38,-1,38,14,13,-1,38,13,40,-1,40,13,196,-1,40,196,42,-1,42,196,194,-1,42,194,44,-1,44,194,192,-1,44,192,190,-1,82,146,84,-1,84,146,144,-1,84,144,86,-1,86,144,142,-1,86,142,88,-1,88,142,140,-1,88,140,90,-1,90,140,138,-1,90,138,92,-1,92,138,136,-1,92,136,94,-1,94,136,134,-1,94,134,96,-1,96,134,132,-1,96,132,98,-1,98,132,130,-1,98,130,100,-1,100,130,128,-1,100,128,102,-1,102,128,126,-1,102,126,104,-1,104,126,124,-1,104,124,106,-1,106,124,122,-1,106,122,108,-1,108,122,120,-1,108,120,118,-1,162,160,72,-1,72,160,158,-1,72,158,74,-1,74,158,156,-1,74,156,76,-1,76,156,154,-1,76,154,78,-1,78,154,152,-1,78,152,80,-1,80,152,150,-1,80,150,82,-1,82,150,148,-1,82,148,146,-1,172,170,62,-1,62,170,168,-1,62,168,64,-1,64,168,166,-1,64,166,66,-1,66,166,164,-1,66,164,68,-1,68,164,162,-1,68,162,70,-1,70,162,72,-1,198,199,200,-1,200,199,201,-1,202,198,203,-1,203,198,200,-1,204,202,205,-1,205,202,203,-1,206,204,207,-1,207,204,205,-1,208,206,209,-1,209,206,207,-1,210,208,211,-1,211,208,209,-1,212,210,213,-1,213,210,211,-1,214,212,215,-1,215,212,213,-1,216,214,217,-1,217,214,215,-1,218,216,219,-1,219,216,217,-1,220,218,221,-1,221,218,219,-1,199,220,201,-1,201,220,221,-1,220,199,198,-1,198,202,220,-1,220,202,204,-1,220,204,218,-1,214,216,212,-1,212,216,218,-1,212,218,210,-1,210,218,204,-1,210,204,208,-1,208,204,206,-1,209,207,211,-1,211,207,205,-1,217,215,219,-1,219,215,213,-1,200,201,203,-1,203,201,221,-1,203,221,205,-1,205,221,219,-1,205,219,211,-1,211,219,213,-1,222,223,224,-1,224,223,225,-1,224,225,226,-1,226,225,227,-1,226,227,228,-1,228,227,229,-1,228,229,230,-1,230,229,231,-1,230,231,232,-1,232,231,233,-1,232,233,234,-1,234,233,235,-1,234,235,236,-1,236,235,237,-1,236,237,238,-1,239,240,241,-1,241,240,242,-1,241,242,243,-1,243,242,244,-1,243,244,245,-1,245,244,246,-1,245,246,247,-1,246,248,247,-1,247,248,249,-1,247,249,250,-1,250,249,251,-1,250,251,252,-1,252,251,253,-1,252,253,254,-1,254,253,255,-1,254,255,256,-1,256,255,257,-1,256,257,258,-1,258,257,259,-1,258,259,260,-1,260,259,261,-1,260,261,262,-1,262,261,263,-1,262,263,264,-1,264,263,265,-1,264,265,266,-1,266,265,267,-1,266,267,268,-1,268,267,269,-1,268,269,270,-1,270,269,271,-1,270,271,272,-1,272,271,273,-1,272,273,274,-1,274,273,275,-1,274,275,276,-1,276,275,277,-1,276,277,278,-1,278,277,279,-1,278,279,280,-1,280,279,281,-1,280,281,222,-1,222,281,282,-1,222,282,223,-1,237,283,238,-1,238,283,284,-1,238,284,285,-1,285,284,286,-1,285,286,287,-1,287,286,288,-1,287,288,289,-1,289,288,290,-1,289,290,291,-1,291,290,292,-1,291,292,293,-1,293,292,294,-1,293,294,239,-1,239,294,295,-1,239,295,240,-1,296,297,298,-1,298,297,299,-1,298,299,300,-1,300,299,301,-1,300,301,302,-1,302,301,303,-1,302,303,304,-1,304,303,305,-1,304,305,306,-1,306,305,307,-1,306,307,308,-1,309,310,311,-1,311,310,312,-1,311,312,313,-1,313,312,314,-1,313,314,315,-1,315,314,316,-1,315,316,317,-1,317,316,318,-1,317,318,319,-1,319,318,320,-1,319,320,321,-1,321,320,322,-1,321,322,323,-1,323,322,324,-1,323,324,325,-1,325,324,326,-1,325,326,327,-1,327,326,328,-1,327,328,329,-1,329,328,330,-1,329,330,331,-1,331,330,332,-1,331,332,333,-1,333,332,334,-1,333,334,335,-1,335,334,336,-1,335,336,337,-1,337,336,338,-1,337,338,296,-1,296,338,339,-1,296,339,297,-1,340,341,342,-1,342,341,343,-1,342,343,344,-1,344,343,345,-1,344,345,346,-1,346,345,347,-1,346,347,348,-1,348,347,349,-1,348,349,350,-1,350,349,351,-1,350,351,352,-1,352,351,353,-1,352,353,354,-1,354,353,355,-1,354,355,309,-1,309,355,356,-1,309,356,310,-1,307,357,308,-1,308,357,358,-1,308,358,359,-1,359,358,360,-1,359,360,361,-1,361,360,362,-1,361,362,363,-1,363,362,364,-1,363,364,365,-1,365,364,366,-1,365,366,367,-1,367,366,368,-1,367,368,340,-1,340,368,369,-1,340,369,341,-1,275,273,320,-1,320,273,322,-1,275,320,318,-1,275,318,277,-1,277,318,316,-1,277,316,279,-1,279,316,314,-1,279,314,281,-1,281,314,312,-1,281,312,282,-1,282,312,310,-1,282,310,223,-1,223,310,356,-1,223,356,225,-1,225,356,355,-1,225,355,227,-1,227,355,353,-1,227,353,229,-1,229,353,351,-1,229,351,231,-1,231,351,349,-1,231,349,233,-1,233,349,347,-1,233,347,235,-1,235,347,345,-1,235,345,237,-1,237,345,343,-1,237,343,283,-1,283,343,341,-1,283,341,284,-1,284,341,369,-1,284,369,286,-1,286,369,368,-1,286,368,288,-1,288,368,366,-1,288,366,290,-1,290,366,364,-1,290,364,292,-1,292,364,362,-1,292,362,294,-1,294,362,360,-1,294,360,295,-1,295,360,358,-1,295,358,240,-1,240,358,357,-1,240,357,242,-1,242,357,307,-1,242,307,244,-1,244,307,305,-1,244,305,246,-1,246,305,303,-1,246,303,248,-1,248,303,301,-1,248,301,249,-1,249,301,299,-1,249,299,251,-1,251,299,297,-1,251,297,253,-1,253,297,339,-1,253,339,255,-1,255,339,338,-1,255,338,257,-1,257,338,336,-1,257,336,259,-1,259,336,334,-1,259,334,261,-1,261,334,332,-1,261,332,263,-1,263,332,330,-1,263,330,265,-1,265,330,328,-1,265,328,267,-1,267,328,326,-1,267,326,269,-1,271,269,324,-1,324,269,326,-1,273,271,322,-1,322,271,324,-1,268,270,325,-1,325,270,323,-1,270,272,323,-1,323,272,321,-1,272,274,321,-1,321,274,319,-1,230,350,352,-1,230,352,228,-1,228,352,354,-1,228,354,226,-1,226,354,309,-1,226,309,224,-1,224,309,311,-1,224,311,222,-1,222,311,313,-1,222,313,280,-1,280,313,315,-1,280,315,278,-1,278,315,317,-1,278,317,276,-1,276,317,319,-1,276,319,274,-1,291,363,365,-1,291,365,289,-1,289,365,367,-1,289,367,287,-1,287,367,340,-1,287,340,285,-1,285,340,342,-1,285,342,238,-1,238,342,344,-1,238,344,236,-1,236,344,346,-1,236,346,234,-1,234,346,348,-1,234,348,232,-1,232,348,350,-1,232,350,230,-1,252,298,300,-1,252,300,250,-1,250,300,302,-1,250,302,247,-1,247,302,304,-1,247,304,245,-1,245,304,306,-1,245,306,243,-1,243,306,308,-1,243,308,241,-1,241,308,359,-1,241,359,239,-1,239,359,361,-1,239,361,293,-1,293,361,363,-1,293,363,291,-1,268,325,327,-1,268,327,266,-1,266,327,329,-1,266,329,264,-1,264,329,331,-1,264,331,262,-1,262,331,333,-1,262,333,260,-1,260,333,335,-1,260,335,258,-1,258,335,337,-1,258,337,256,-1,256,337,296,-1,256,296,254,-1,254,296,298,-1,254,298,252,-1,370,371,372,-1,372,371,373,-1,374,375,370,-1,370,375,376,-1,370,376,371,-1,371,376,377,-1,374,378,375,-1,375,378,379,-1,375,379,380,-1,380,379,381,-1,380,381,382,-1,382,383,380,-1,380,383,372,-1,380,372,384,-1,384,372,373,-1,384,373,385,-1,386,387,388,-1,388,387,389,-1,390,391,389,-1,389,391,392,-1,389,392,388,-1,388,392,393,-1,390,394,391,-1,391,394,395,-1,391,395,396,-1,396,395,397,-1,396,397,398,-1,398,399,396,-1,396,399,387,-1,396,387,400,-1,400,387,386,-1,400,386,401,-1,380,384,391,-1,391,384,392,-1,375,380,396,-1,396,380,391,-1,376,375,400,-1,400,375,396,-1,377,376,401,-1,401,376,400,-1,371,377,386,-1,386,377,401,-1,373,371,388,-1,388,371,386,-1,385,373,393,-1,393,373,388,-1,384,385,392,-1,392,385,393,-1,370,372,387,-1,387,372,389,-1,372,383,389,-1,389,383,390,-1,381,395,394,-1,381,394,382,-1,382,394,390,-1,382,390,383,-1,381,379,395,-1,395,379,397,-1,374,399,398,-1,374,398,378,-1,378,398,397,-1,378,397,379,-1,374,370,399,-1,399,370,387,-1,402,403,404,-1,404,403,405,-1,406,402,407,-1,407,402,404,-1,408,406,409,-1,409,406,407,-1,410,408,411,-1,411,408,409,-1,412,410,413,-1,413,410,411,-1,414,412,415,-1,415,412,413,-1,416,414,417,-1,417,414,415,-1,418,416,419,-1,419,416,417,-1,420,418,421,-1,421,418,419,-1,422,420,423,-1,423,420,421,-1,424,422,425,-1,425,422,423,-1,403,424,405,-1,405,424,425,-1,424,403,402,-1,402,406,424,-1,424,406,408,-1,424,408,422,-1,418,420,416,-1,416,420,422,-1,416,422,414,-1,414,422,408,-1,414,408,412,-1,412,408,410,-1,421,419,423,-1,423,419,417,-1,413,411,415,-1,415,411,409,-1,404,405,407,-1,407,405,425,-1,407,425,409,-1,409,425,423,-1,409,423,415,-1,415,423,417,-1,426,427,428,-1,428,427,429,-1,430,431,432,-1,433,434,435,-1,435,434,436,-1,435,436,437,-1,437,436,438,-1,437,438,439,-1,440,441,442,-1,443,444,445,-1,430,446,431,-1,431,446,447,-1,431,447,448,-1,449,450,451,-1,451,450,442,-1,451,442,452,-1,452,442,441,-1,453,454,455,-1,455,454,456,-1,455,456,433,-1,433,456,457,-1,433,457,434,-1,447,458,448,-1,448,458,459,-1,448,459,460,-1,460,459,461,-1,460,461,462,-1,428,463,426,-1,426,463,464,-1,426,464,465,-1,465,464,466,-1,465,466,432,-1,432,466,467,-1,432,467,430,-1,468,469,470,-1,470,469,471,-1,470,471,453,-1,453,471,472,-1,453,472,454,-1,473,474,475,-1,475,474,476,-1,475,476,477,-1,477,476,478,-1,477,478,479,-1,445,480,443,-1,443,480,481,-1,443,481,473,-1,473,481,482,-1,473,482,474,-1,483,484,485,-1,485,484,486,-1,485,486,444,-1,444,486,487,-1,444,487,445,-1,488,489,442,-1,442,489,490,-1,442,490,440,-1,491,488,468,-1,468,488,492,-1,468,492,469,-1,429,489,428,-1,428,489,488,-1,428,488,493,-1,493,488,491,-1,461,494,462,-1,462,494,495,-1,462,495,496,-1,496,495,497,-1,496,497,498,-1,438,499,439,-1,439,499,500,-1,439,500,501,-1,501,500,502,-1,501,502,503,-1,503,502,504,-1,503,504,505,-1,505,504,506,-1,505,506,507,-1,507,506,508,-1,507,508,509,-1,509,508,510,-1,509,510,511,-1,511,510,512,-1,511,512,513,-1,513,512,514,-1,513,514,515,-1,515,514,516,-1,515,516,517,-1,517,516,518,-1,517,518,519,-1,452,520,451,-1,451,520,521,-1,451,521,522,-1,522,521,523,-1,522,523,524,-1,525,526,527,-1,527,526,528,-1,527,528,529,-1,529,528,530,-1,529,530,531,-1,497,532,498,-1,498,532,533,-1,498,533,483,-1,483,533,534,-1,483,534,484,-1,530,535,531,-1,531,535,536,-1,531,536,537,-1,537,536,538,-1,537,538,539,-1,539,538,524,-1,539,524,540,-1,540,524,523,-1,478,541,479,-1,479,541,542,-1,479,542,543,-1,543,542,544,-1,543,544,545,-1,545,544,546,-1,545,546,525,-1,525,546,547,-1,525,547,526,-1,548,549,550,-1,551,552,553,-1,553,552,554,-1,553,554,555,-1,556,557,558,-1,558,557,559,-1,558,559,560,-1,561,562,563,-1,564,565,566,-1,566,565,567,-1,566,567,568,-1,568,567,569,-1,568,569,570,-1,570,569,571,-1,570,571,572,-1,554,573,555,-1,555,573,574,-1,555,574,575,-1,575,574,576,-1,575,576,577,-1,578,579,580,-1,580,579,581,-1,580,581,582,-1,582,581,583,-1,582,583,551,-1,551,583,584,-1,551,584,552,-1,585,561,586,-1,586,561,563,-1,586,563,587,-1,587,563,588,-1,589,590,591,-1,591,590,592,-1,591,592,593,-1,593,592,594,-1,593,594,595,-1,595,594,596,-1,595,596,597,-1,597,596,598,-1,599,600,589,-1,589,600,601,-1,589,601,590,-1,602,603,556,-1,556,603,604,-1,556,604,557,-1,605,606,602,-1,602,606,607,-1,602,607,603,-1,566,608,564,-1,564,608,609,-1,564,609,610,-1,610,609,611,-1,610,611,586,-1,586,611,612,-1,586,612,585,-1,613,614,599,-1,599,614,615,-1,599,615,600,-1,616,617,618,-1,618,617,563,-1,618,563,619,-1,619,563,562,-1,559,620,560,-1,560,620,621,-1,560,621,622,-1,623,624,625,-1,625,624,626,-1,625,626,627,-1,627,626,628,-1,627,628,605,-1,605,628,629,-1,605,629,606,-1,571,630,572,-1,572,630,631,-1,572,631,632,-1,632,631,633,-1,632,633,634,-1,634,633,635,-1,634,635,623,-1,623,635,636,-1,623,636,624,-1,576,637,577,-1,577,637,638,-1,577,638,639,-1,639,638,640,-1,639,640,641,-1,641,640,617,-1,641,617,642,-1,642,617,643,-1,643,617,616,-1,643,616,598,-1,598,616,644,-1,598,644,597,-1,645,646,647,-1,647,646,648,-1,647,648,613,-1,613,648,649,-1,613,649,614,-1,621,650,622,-1,622,650,651,-1,622,651,652,-1,652,651,653,-1,652,653,645,-1,645,653,654,-1,645,654,646,-1,548,550,655,-1,655,550,656,-1,655,656,657,-1,657,656,658,-1,657,658,659,-1,659,658,660,-1,659,660,661,-1,661,660,662,-1,661,662,663,-1,663,662,664,-1,663,664,665,-1,665,664,666,-1,665,666,667,-1,667,666,668,-1,667,668,578,-1,578,668,669,-1,578,669,579,-1,504,668,666,-1,504,666,506,-1,506,666,664,-1,506,664,508,-1,508,664,662,-1,508,662,510,-1,510,662,660,-1,510,660,512,-1,512,660,658,-1,512,658,514,-1,514,658,656,-1,514,656,516,-1,516,656,550,-1,516,550,518,-1,519,518,549,-1,549,518,550,-1,519,549,548,-1,519,548,517,-1,517,548,655,-1,517,655,515,-1,515,655,657,-1,515,657,513,-1,513,657,659,-1,513,659,511,-1,511,659,661,-1,511,661,509,-1,509,661,663,-1,509,663,507,-1,507,663,665,-1,507,665,505,-1,505,665,667,-1,505,667,503,-1,503,667,578,-1,503,578,501,-1,501,578,580,-1,501,580,439,-1,439,580,582,-1,439,582,437,-1,437,582,551,-1,437,551,435,-1,435,551,553,-1,435,553,433,-1,433,553,555,-1,433,555,455,-1,455,555,575,-1,455,575,453,-1,453,575,577,-1,453,577,470,-1,470,577,639,-1,470,639,468,-1,468,639,641,-1,468,641,491,-1,491,641,642,-1,491,642,493,-1,493,642,643,-1,493,643,428,-1,463,428,598,-1,598,428,643,-1,463,598,596,-1,463,596,464,-1,464,596,594,-1,464,594,466,-1,466,594,592,-1,466,592,467,-1,467,592,590,-1,467,590,430,-1,430,590,601,-1,430,601,446,-1,446,601,600,-1,446,600,447,-1,447,600,615,-1,447,615,458,-1,458,615,614,-1,458,614,459,-1,459,614,649,-1,459,649,461,-1,461,649,648,-1,461,648,494,-1,494,648,646,-1,494,646,495,-1,495,646,654,-1,495,654,497,-1,497,654,653,-1,497,653,532,-1,532,653,651,-1,532,651,533,-1,533,651,650,-1,533,650,534,-1,534,650,621,-1,534,621,484,-1,484,621,620,-1,484,620,486,-1,486,620,559,-1,486,559,487,-1,487,559,557,-1,487,557,445,-1,445,557,604,-1,445,604,480,-1,480,604,603,-1,480,603,481,-1,481,603,607,-1,481,607,482,-1,482,607,606,-1,482,606,474,-1,474,606,629,-1,474,629,476,-1,476,629,628,-1,476,628,478,-1,478,628,626,-1,478,626,541,-1,541,626,624,-1,541,624,542,-1,542,624,636,-1,542,636,544,-1,544,636,635,-1,544,635,546,-1,546,635,633,-1,546,633,547,-1,547,633,631,-1,547,631,526,-1,526,631,630,-1,526,630,528,-1,528,630,571,-1,528,571,530,-1,530,571,569,-1,530,569,535,-1,535,569,567,-1,535,567,536,-1,536,567,565,-1,536,565,538,-1,538,565,564,-1,538,564,524,-1,524,564,610,-1,524,610,522,-1,451,522,586,-1,586,522,610,-1,449,451,587,-1,587,451,586,-1,450,449,588,-1,588,449,587,-1,442,450,563,-1,563,450,588,-1,442,563,617,-1,442,617,488,-1,488,617,640,-1,488,640,492,-1,492,640,638,-1,492,638,469,-1,469,638,637,-1,469,637,471,-1,471,637,576,-1,471,576,472,-1,472,576,574,-1,472,574,454,-1,454,574,573,-1,454,573,456,-1,456,573,554,-1,456,554,457,-1,457,554,552,-1,457,552,434,-1,434,552,584,-1,434,584,436,-1,436,584,583,-1,436,583,438,-1,438,583,581,-1,438,581,499,-1,499,581,579,-1,499,579,500,-1,500,579,669,-1,500,669,502,-1,502,669,668,-1,502,668,504,-1,431,589,591,-1,431,591,432,-1,432,591,593,-1,432,593,465,-1,465,593,595,-1,465,595,426,-1,426,595,597,-1,426,597,427,-1,427,597,644,-1,427,644,429,-1,498,652,645,-1,498,645,496,-1,496,645,647,-1,496,647,462,-1,462,647,613,-1,462,613,460,-1,460,613,599,-1,460,599,448,-1,448,599,589,-1,448,589,431,-1,473,602,556,-1,473,556,443,-1,443,556,558,-1,443,558,444,-1,444,558,560,-1,444,560,485,-1,485,560,622,-1,485,622,483,-1,483,622,652,-1,483,652,498,-1,545,634,623,-1,545,623,543,-1,543,623,625,-1,543,625,479,-1,479,625,627,-1,479,627,477,-1,477,627,605,-1,477,605,475,-1,475,605,602,-1,475,602,473,-1,540,609,608,-1,540,608,539,-1,539,608,566,-1,539,566,537,-1,537,566,568,-1,537,568,531,-1,531,568,570,-1,531,570,529,-1,529,570,572,-1,529,572,527,-1,527,572,632,-1,527,632,525,-1,525,632,634,-1,525,634,545,-1,490,618,619,-1,490,619,440,-1,440,619,562,-1,440,562,441,-1,441,562,561,-1,441,561,452,-1,452,561,585,-1,452,585,520,-1,520,585,612,-1,520,612,521,-1,521,612,611,-1,521,611,523,-1,523,611,609,-1,523,609,540,-1,490,489,618,-1,618,489,616,-1,489,429,616,-1,616,429,644,-1,670,671,672,-1,670,672,673,-1,673,672,674,-1,673,674,675,-1,675,674,676,-1,675,676,677,-1,677,676,678,-1,677,678,679,-1,679,678,680,-1,679,680,681,-1,681,680,682,-1,681,682,683,-1,683,682,684,-1,683,684,685,-1,686,685,687,-1,687,685,684,-1,686,687,688,-1,686,688,689,-1,689,688,690,-1,689,690,691,-1,691,690,692,-1,691,692,693,-1,693,692,694,-1,693,694,695,-1,695,694,696,-1,695,696,697,-1,697,696,698,-1,697,698,699,-1,699,698,700,-1,699,700,701,-1,701,700,702,-1,701,702,703,-1,703,702,704,-1,703,704,705,-1,705,704,706,-1,705,706,707,-1,707,706,708,-1,707,708,709,-1,709,708,710,-1,709,710,711,-1,711,710,712,-1,711,712,713,-1,713,712,714,-1,713,714,715,-1,715,714,716,-1,715,716,717,-1,717,716,718,-1,717,718,719,-1,719,718,720,-1,719,720,721,-1,721,720,722,-1,721,722,723,-1,723,722,724,-1,723,724,725,-1,725,724,726,-1,725,726,727,-1,727,726,728,-1,727,728,729,-1,729,728,730,-1,729,730,731,-1,731,730,732,-1,731,732,733,-1,733,732,734,-1,733,734,735,-1,735,734,736,-1,735,736,737,-1,737,736,738,-1,737,738,739,-1,739,738,740,-1,739,740,741,-1,741,740,742,-1,741,742,743,-1,743,742,744,-1,743,744,745,-1,745,744,746,-1,745,746,747,-1,747,746,748,-1,747,748,749,-1,749,748,750,-1,749,750,751,-1,751,750,752,-1,751,752,753,-1,753,752,754,-1,753,754,755,-1,755,754,756,-1,755,756,757,-1,757,756,758,-1,757,758,759,-1,759,758,760,-1,759,760,761,-1,761,760,762,-1,761,762,763,-1,763,762,764,-1,763,764,765,-1,765,764,766,-1,765,766,767,-1,767,766,768,-1,767,768,769,-1,769,768,770,-1,769,770,771,-1,771,770,772,-1,771,772,773,-1,773,772,774,-1,773,774,775,-1,775,774,776,-1,775,776,777,-1,777,776,778,-1,777,778,779,-1,779,778,780,-1,779,780,781,-1,781,780,782,-1,781,782,783,-1,783,782,784,-1,783,784,785,-1,785,784,786,-1,785,786,787,-1,787,786,788,-1,787,788,789,-1,789,788,790,-1,789,790,791,-1,791,790,792,-1,791,792,793,-1,793,792,794,-1,793,794,795,-1,795,794,796,-1,795,796,797,-1,797,796,798,-1,797,798,799,-1,799,798,800,-1,799,800,801,-1,801,800,802,-1,801,802,803,-1,803,802,804,-1,803,804,805,-1,806,805,807,-1,807,805,804,-1,806,807,808,-1,806,808,809,-1,809,808,810,-1,809,810,811,-1,811,810,812,-1,811,812,813,-1,813,812,814,-1,813,814,815,-1,815,814,816,-1,815,816,817,-1,817,816,818,-1,817,818,819,-1,819,818,820,-1,819,820,821,-1,821,820,822,-1,821,822,823,-1,823,822,824,-1,823,824,825,-1,825,824,826,-1,825,826,827,-1,827,826,828,-1,827,828,829,-1,829,828,830,-1,829,830,831,-1,831,830,832,-1,831,832,833,-1,833,832,834,-1,833,834,835,-1,835,834,836,-1,835,836,837,-1,837,836,838,-1,837,838,839,-1,839,838,840,-1,839,840,841,-1,841,840,842,-1,841,842,843,-1,843,842,844,-1,843,844,845,-1,845,844,846,-1,845,846,847,-1,847,846,848,-1,847,848,849,-1,849,848,850,-1,849,850,851,-1,851,850,852,-1,851,852,853,-1,853,852,854,-1,853,854,855,-1,855,854,856,-1,855,856,857,-1,857,856,858,-1,857,858,859,-1,859,858,860,-1,859,860,861,-1,861,860,862,-1,861,862,863,-1,863,862,864,-1,863,864,865,-1,865,864,866,-1,865,866,867,-1,867,866,868,-1,867,868,869,-1,869,868,870,-1,869,870,871,-1,871,870,872,-1,871,872,873,-1,873,872,874,-1,873,874,875,-1,875,874,876,-1,875,876,877,-1,877,876,878,-1,877,878,879,-1,879,878,880,-1,879,880,881,-1,881,880,882,-1,881,882,883,-1,883,882,884,-1,883,884,885,-1,885,884,886,-1,885,886,887,-1,887,886,888,-1,887,888,889,-1,889,888,890,-1,889,890,891,-1,891,890,892,-1,891,892,893,-1,893,892,894,-1,893,894,895,-1,895,894,896,-1,895,896,897,-1,897,896,898,-1,897,898,899,-1,899,898,900,-1,899,900,901,-1,901,900,902,-1,901,902,903,-1,903,902,904,-1,903,904,905,-1,905,904,906,-1,905,906,907,-1,907,906,671,-1,907,671,670,-1,683,685,686,-1,803,805,806,-1,713,715,897,-1,897,715,895,-1,777,837,775,-1,775,837,839,-1,775,839,773,-1,715,717,895,-1,895,717,719,-1,895,719,893,-1,779,833,777,-1,777,833,835,-1,777,835,837,-1,713,897,711,-1,711,897,899,-1,711,899,709,-1,709,899,901,-1,709,901,707,-1,707,901,903,-1,707,903,705,-1,855,765,853,-1,853,765,767,-1,737,883,735,-1,735,883,885,-1,839,841,773,-1,773,841,843,-1,773,843,771,-1,843,845,771,-1,771,845,847,-1,771,847,769,-1,769,847,849,-1,769,849,767,-1,767,849,851,-1,767,851,853,-1,855,857,765,-1,765,857,859,-1,765,859,763,-1,763,859,861,-1,763,861,761,-1,761,861,863,-1,761,863,759,-1,759,863,865,-1,759,865,757,-1,889,729,887,-1,887,729,731,-1,887,731,885,-1,885,731,733,-1,885,733,735,-1,719,721,893,-1,893,721,723,-1,893,723,891,-1,891,723,725,-1,891,725,889,-1,889,725,727,-1,889,727,729,-1,737,739,883,-1,883,739,741,-1,883,741,881,-1,881,741,743,-1,881,743,879,-1,879,743,745,-1,879,745,877,-1,877,745,747,-1,877,747,875,-1,705,903,703,-1,703,903,905,-1,703,905,701,-1,701,905,907,-1,701,907,699,-1,699,907,670,-1,699,670,697,-1,697,670,673,-1,697,673,695,-1,695,673,675,-1,695,675,693,-1,693,675,677,-1,693,677,691,-1,691,677,679,-1,691,679,689,-1,689,679,686,-1,686,679,681,-1,686,681,683,-1,747,749,875,-1,875,749,751,-1,875,751,873,-1,873,751,753,-1,873,753,871,-1,871,753,755,-1,871,755,869,-1,869,755,757,-1,869,757,867,-1,867,757,865,-1,803,806,801,-1,801,806,809,-1,801,809,799,-1,799,809,811,-1,799,811,797,-1,797,811,813,-1,797,813,795,-1,795,813,815,-1,795,815,793,-1,793,815,817,-1,793,817,791,-1,791,817,819,-1,791,819,789,-1,789,819,821,-1,789,821,787,-1,787,821,823,-1,787,823,785,-1,785,823,825,-1,785,825,783,-1,783,825,827,-1,783,827,781,-1,781,827,829,-1,781,829,779,-1,779,829,831,-1,779,831,833,-1,894,714,896,-1,896,714,712,-1,896,712,898,-1,898,712,710,-1,898,710,900,-1,776,774,836,-1,856,764,858,-1,858,764,762,-1,892,718,894,-1,894,718,716,-1,894,716,714,-1,886,884,732,-1,732,884,734,-1,734,884,882,-1,734,882,736,-1,856,854,764,-1,764,854,852,-1,764,852,766,-1,766,852,850,-1,766,850,768,-1,880,740,882,-1,882,740,738,-1,882,738,736,-1,770,842,772,-1,772,842,840,-1,772,840,774,-1,774,840,838,-1,774,838,836,-1,890,722,892,-1,892,722,720,-1,892,720,718,-1,850,848,768,-1,768,848,846,-1,768,846,770,-1,770,846,844,-1,770,844,842,-1,710,708,900,-1,900,708,706,-1,900,706,902,-1,902,706,704,-1,902,704,904,-1,904,704,702,-1,904,702,906,-1,906,702,700,-1,906,700,671,-1,671,700,698,-1,671,698,672,-1,672,698,696,-1,672,696,674,-1,674,696,694,-1,674,694,676,-1,732,730,886,-1,886,730,728,-1,886,728,888,-1,888,728,726,-1,888,726,890,-1,890,726,724,-1,890,724,722,-1,694,692,676,-1,676,692,690,-1,676,690,678,-1,678,690,688,-1,678,688,680,-1,680,688,687,-1,680,687,682,-1,682,687,684,-1,872,870,754,-1,754,870,868,-1,754,868,756,-1,756,868,866,-1,756,866,758,-1,758,866,864,-1,758,864,760,-1,760,864,862,-1,760,862,762,-1,762,862,860,-1,762,860,858,-1,836,834,776,-1,776,834,832,-1,776,832,778,-1,778,832,830,-1,778,830,780,-1,780,830,828,-1,780,828,782,-1,782,828,826,-1,782,826,784,-1,784,826,824,-1,784,824,786,-1,786,824,822,-1,786,822,788,-1,788,822,820,-1,788,820,790,-1,790,820,818,-1,790,818,792,-1,792,818,816,-1,792,816,794,-1,794,816,814,-1,794,814,796,-1,796,814,812,-1,796,812,798,-1,798,812,810,-1,798,810,800,-1,800,810,808,-1,800,808,802,-1,802,808,807,-1,802,807,804,-1,754,752,872,-1,872,752,750,-1,872,750,874,-1,874,750,748,-1,874,748,876,-1,876,748,746,-1,876,746,878,-1,878,746,744,-1,878,744,880,-1,880,744,742,-1,880,742,740,-1,908,909,910,-1,910,909,911,-1,912,908,913,-1,913,908,910,-1,912,913,914,-1,912,914,915,-1,915,914,916,-1,915,916,917,-1,918,917,919,-1,919,917,916,-1,920,918,921,-1,921,918,919,-1,922,920,923,-1,923,920,921,-1,924,922,925,-1,925,922,923,-1,926,924,927,-1,927,924,925,-1,928,926,929,-1,929,926,927,-1,928,929,930,-1,928,930,931,-1,931,930,932,-1,931,932,933,-1,933,932,934,-1,933,934,935,-1,935,934,936,-1,935,936,937,-1,937,936,938,-1,937,938,939,-1,939,938,940,-1,939,940,941,-1,941,940,942,-1,941,942,943,-1,943,942,944,-1,943,944,945,-1,945,944,946,-1,945,946,947,-1,947,946,948,-1,947,948,949,-1,950,949,951,-1,951,949,948,-1,950,951,952,-1,950,952,953,-1,953,952,954,-1,953,954,955,-1,955,954,956,-1,955,956,957,-1,957,956,958,-1,957,958,959,-1,959,958,960,-1,959,960,961,-1,961,960,962,-1,961,962,963,-1,963,962,964,-1,963,964,965,-1,965,964,966,-1,965,966,967,-1,967,966,968,-1,967,968,969,-1,969,968,970,-1,969,970,971,-1,971,970,972,-1,971,972,973,-1,973,972,974,-1,973,974,975,-1,975,974,976,-1,975,976,977,-1,977,976,978,-1,977,978,979,-1,909,979,911,-1,911,979,978,-1,915,917,979,-1,909,908,979,-1,979,908,912,-1,979,912,915,-1,922,924,920,-1,920,924,926,-1,920,926,918,-1,933,935,967,-1,967,935,965,-1,965,935,937,-1,965,937,963,-1,963,937,939,-1,963,939,961,-1,961,939,959,-1,959,939,941,-1,959,941,957,-1,957,941,943,-1,957,943,955,-1,967,969,933,-1,933,969,971,-1,933,971,931,-1,931,971,973,-1,931,973,928,-1,955,943,953,-1,953,943,945,-1,953,945,950,-1,950,945,947,-1,950,947,949,-1,973,975,928,-1,928,975,977,-1,928,977,926,-1,926,977,979,-1,926,979,918,-1,918,979,917,-1,940,938,960,-1,927,925,923,-1,910,911,913,-1,913,911,978,-1,960,938,962,-1,962,938,936,-1,962,936,964,-1,960,958,940,-1,940,958,956,-1,940,956,942,-1,942,956,954,-1,942,954,944,-1,944,954,952,-1,944,952,946,-1,946,952,951,-1,946,951,948,-1,964,936,966,-1,966,936,934,-1,966,934,968,-1,968,934,932,-1,968,932,970,-1,970,932,930,-1,970,930,972,-1,972,930,974,-1,974,930,929,-1,974,929,976,-1,919,916,978,-1,978,916,914,-1,978,914,913,-1,923,921,927,-1,927,921,919,-1,927,919,929,-1,929,919,978,-1,929,978,976,-1,980,981,982,-1,982,981,983,-1,984,980,985,-1,985,980,982,-1,986,984,987,-1,987,984,985,-1,988,986,989,-1,989,986,987,-1,990,988,991,-1,991,988,989,-1,992,990,993,-1,993,990,991,-1,994,992,995,-1,995,992,993,-1,996,994,997,-1,997,994,995,-1,998,996,999,-1,999,996,997,-1,1000,998,1001,-1,1001,998,999,-1,1002,1000,1003,-1,1003,1000,1001,-1,981,1002,983,-1,983,1002,1003,-1,981,980,1002,-1,1002,980,984,-1,988,990,986,-1,986,990,992,-1,996,998,994,-1,994,998,1000,-1,994,1000,992,-1,992,1000,1002,-1,992,1002,986,-1,986,1002,984,-1,1001,999,997,-1,997,995,1001,-1,1001,995,993,-1,1001,993,1003,-1,982,983,985,-1,985,983,1003,-1,985,1003,987,-1,987,1003,993,-1,987,993,989,-1,989,993,991,-1,1004,1005,1006,-1,1006,1005,1007,-1,1006,1007,1008,-1,1008,1007,1009,-1,1008,1009,1010,-1,1010,1009,1011,-1,1010,1011,1012,-1,1012,1011,1013,-1,1012,1013,1014,-1,1014,1013,1015,-1,1014,1015,1016,-1,1016,1015,1017,-1,1016,1017,1018,-1,1018,1017,1019,-1,1018,1019,1020,-1,1021,1022,1023,-1,1023,1022,1024,-1,1023,1024,1025,-1,1025,1024,1026,-1,1025,1026,1027,-1,1027,1026,1028,-1,1027,1028,1029,-1,1028,1030,1029,-1,1029,1030,1031,-1,1029,1031,1032,-1,1032,1031,1033,-1,1032,1033,1034,-1,1034,1033,1035,-1,1034,1035,1036,-1,1036,1035,1037,-1,1036,1037,1038,-1,1038,1037,1039,-1,1038,1039,1040,-1,1040,1039,1041,-1,1040,1041,1042,-1,1042,1041,1043,-1,1042,1043,1044,-1,1044,1043,1045,-1,1044,1045,1046,-1,1046,1045,1047,-1,1046,1047,1048,-1,1048,1047,1049,-1,1048,1049,1050,-1,1050,1049,1051,-1,1050,1051,1052,-1,1052,1051,1053,-1,1052,1053,1054,-1,1054,1053,1055,-1,1054,1055,1056,-1,1056,1055,1057,-1,1056,1057,1058,-1,1058,1057,1059,-1,1058,1059,1060,-1,1060,1059,1061,-1,1060,1061,1062,-1,1062,1061,1063,-1,1062,1063,1004,-1,1004,1063,1064,-1,1004,1064,1005,-1,1019,1065,1020,-1,1020,1065,1066,-1,1020,1066,1067,-1,1067,1066,1068,-1,1067,1068,1069,-1,1069,1068,1070,-1,1069,1070,1071,-1,1071,1070,1072,-1,1071,1072,1073,-1,1073,1072,1074,-1,1073,1074,1075,-1,1075,1074,1076,-1,1075,1076,1021,-1,1021,1076,1077,-1,1021,1077,1022,-1,1078,1079,1080,-1,1080,1079,1081,-1,1080,1081,1082,-1,1082,1081,1083,-1,1082,1083,1084,-1,1084,1083,1085,-1,1084,1085,1086,-1,1086,1085,1087,-1,1086,1087,1088,-1,1088,1087,1089,-1,1088,1089,1090,-1,1091,1092,1093,-1,1093,1092,1094,-1,1093,1094,1095,-1,1095,1094,1096,-1,1095,1096,1097,-1,1097,1096,1098,-1,1097,1098,1099,-1,1099,1098,1100,-1,1099,1100,1101,-1,1101,1100,1102,-1,1101,1102,1103,-1,1103,1102,1104,-1,1103,1104,1105,-1,1105,1104,1106,-1,1105,1106,1107,-1,1107,1106,1108,-1,1107,1108,1109,-1,1109,1108,1110,-1,1109,1110,1111,-1,1111,1110,1112,-1,1111,1112,1113,-1,1113,1112,1114,-1,1113,1114,1115,-1,1115,1114,1116,-1,1115,1116,1117,-1,1117,1116,1118,-1,1117,1118,1119,-1,1119,1118,1120,-1,1119,1120,1078,-1,1078,1120,1121,-1,1078,1121,1079,-1,1122,1123,1124,-1,1124,1123,1125,-1,1124,1125,1126,-1,1126,1125,1127,-1,1126,1127,1128,-1,1128,1127,1129,-1,1128,1129,1130,-1,1130,1129,1131,-1,1130,1131,1132,-1,1132,1131,1133,-1,1132,1133,1134,-1,1134,1133,1135,-1,1134,1135,1136,-1,1136,1135,1137,-1,1136,1137,1091,-1,1091,1137,1138,-1,1091,1138,1092,-1,1089,1139,1090,-1,1090,1139,1140,-1,1090,1140,1141,-1,1141,1140,1142,-1,1141,1142,1143,-1,1143,1142,1144,-1,1143,1144,1145,-1,1145,1144,1146,-1,1145,1146,1147,-1,1147,1146,1148,-1,1147,1148,1149,-1,1149,1148,1150,-1,1149,1150,1122,-1,1122,1150,1151,-1,1122,1151,1123,-1,1057,1055,1102,-1,1102,1055,1104,-1,1057,1102,1100,-1,1057,1100,1059,-1,1059,1100,1098,-1,1059,1098,1061,-1,1061,1098,1096,-1,1061,1096,1063,-1,1063,1096,1094,-1,1063,1094,1064,-1,1064,1094,1092,-1,1064,1092,1005,-1,1005,1092,1138,-1,1005,1138,1007,-1,1007,1138,1137,-1,1007,1137,1009,-1,1009,1137,1135,-1,1009,1135,1011,-1,1011,1135,1133,-1,1011,1133,1013,-1,1013,1133,1131,-1,1013,1131,1015,-1,1015,1131,1129,-1,1015,1129,1017,-1,1017,1129,1127,-1,1017,1127,1019,-1,1019,1127,1125,-1,1019,1125,1065,-1,1065,1125,1123,-1,1065,1123,1066,-1,1066,1123,1151,-1,1066,1151,1068,-1,1068,1151,1150,-1,1068,1150,1070,-1,1070,1150,1148,-1,1070,1148,1072,-1,1072,1148,1146,-1,1072,1146,1074,-1,1074,1146,1144,-1,1074,1144,1076,-1,1076,1144,1142,-1,1076,1142,1077,-1,1077,1142,1140,-1,1077,1140,1022,-1,1022,1140,1139,-1,1022,1139,1024,-1,1024,1139,1089,-1,1024,1089,1026,-1,1026,1089,1087,-1,1026,1087,1028,-1,1028,1087,1085,-1,1028,1085,1030,-1,1030,1085,1083,-1,1030,1083,1031,-1,1031,1083,1081,-1,1031,1081,1033,-1,1033,1081,1079,-1,1033,1079,1035,-1,1035,1079,1121,-1,1035,1121,1037,-1,1037,1121,1120,-1,1037,1120,1039,-1,1039,1120,1118,-1,1039,1118,1041,-1,1041,1118,1116,-1,1041,1116,1043,-1,1043,1116,1114,-1,1043,1114,1045,-1,1045,1114,1112,-1,1045,1112,1047,-1,1047,1112,1110,-1,1047,1110,1049,-1,1049,1110,1108,-1,1049,1108,1051,-1,1053,1051,1106,-1,1106,1051,1108,-1,1055,1053,1104,-1,1104,1053,1106,-1,1050,1052,1107,-1,1107,1052,1105,-1,1052,1054,1105,-1,1105,1054,1103,-1,1054,1056,1103,-1,1103,1056,1101,-1,1012,1132,1134,-1,1012,1134,1010,-1,1010,1134,1136,-1,1010,1136,1008,-1,1008,1136,1091,-1,1008,1091,1006,-1,1006,1091,1093,-1,1006,1093,1004,-1,1004,1093,1095,-1,1004,1095,1062,-1,1062,1095,1097,-1,1062,1097,1060,-1,1060,1097,1099,-1,1060,1099,1058,-1,1058,1099,1101,-1,1058,1101,1056,-1,1073,1145,1147,-1,1073,1147,1071,-1,1071,1147,1149,-1,1071,1149,1069,-1,1069,1149,1122,-1,1069,1122,1067,-1,1067,1122,1124,-1,1067,1124,1020,-1,1020,1124,1126,-1,1020,1126,1018,-1,1018,1126,1128,-1,1018,1128,1016,-1,1016,1128,1130,-1,1016,1130,1014,-1,1014,1130,1132,-1,1014,1132,1012,-1,1034,1080,1082,-1,1034,1082,1032,-1,1032,1082,1084,-1,1032,1084,1029,-1,1029,1084,1086,-1,1029,1086,1027,-1,1027,1086,1088,-1,1027,1088,1025,-1,1025,1088,1090,-1,1025,1090,1023,-1,1023,1090,1141,-1,1023,1141,1021,-1,1021,1141,1143,-1,1021,1143,1075,-1,1075,1143,1145,-1,1075,1145,1073,-1,1050,1107,1109,-1,1050,1109,1048,-1,1048,1109,1111,-1,1048,1111,1046,-1,1046,1111,1113,-1,1046,1113,1044,-1,1044,1113,1115,-1,1044,1115,1042,-1,1042,1115,1117,-1,1042,1117,1040,-1,1040,1117,1119,-1,1040,1119,1038,-1,1038,1119,1078,-1,1038,1078,1036,-1,1036,1078,1080,-1,1036,1080,1034,-1,1152,1153,1154,-1,1155,1156,1157,-1,1153,1158,1154,-1,1154,1158,1159,-1,1154,1159,1160,-1,1160,1159,1161,-1,1160,1161,1162,-1,1162,1163,1160,-1,1160,1163,1164,-1,1160,1164,1165,-1,1166,1165,1167,-1,1167,1165,1164,-1,1167,1164,1157,-1,1157,1164,1152,-1,1157,1152,1155,-1,1155,1152,1154,-1,1168,1169,1170,-1,1170,1169,1171,-1,1172,1173,1171,-1,1171,1173,1174,-1,1171,1174,1170,-1,1170,1174,1175,-1,1172,1176,1173,-1,1173,1176,1177,-1,1173,1177,1178,-1,1178,1177,1179,-1,1178,1179,1180,-1,1180,1181,1178,-1,1178,1181,1169,-1,1178,1169,1182,-1,1182,1169,1168,-1,1182,1168,1183,-1,1160,1165,1173,-1,1173,1165,1174,-1,1154,1160,1178,-1,1178,1160,1173,-1,1155,1154,1182,-1,1182,1154,1178,-1,1156,1155,1183,-1,1183,1155,1182,-1,1157,1156,1168,-1,1168,1156,1183,-1,1167,1157,1170,-1,1170,1157,1168,-1,1166,1167,1175,-1,1175,1167,1170,-1,1165,1166,1174,-1,1174,1166,1175,-1,1152,1164,1169,-1,1169,1164,1171,-1,1164,1163,1171,-1,1171,1163,1172,-1,1161,1177,1176,-1,1161,1176,1162,-1,1162,1176,1172,-1,1162,1172,1163,-1,1161,1159,1177,-1,1177,1159,1179,-1,1153,1181,1180,-1,1153,1180,1158,-1,1158,1180,1179,-1,1158,1179,1159,-1,1153,1152,1181,-1,1181,1152,1169,-1,1184,1185,1186,-1,1187,1188,1189,-1,1190,1191,1192,-1,1193,1194,1195,-1,1195,1194,1196,-1,1197,1198,1199,-1,1200,1201,1202,-1,1202,1201,1203,-1,1202,1203,1204,-1,1205,1206,1207,-1,1207,1206,1186,-1,1207,1186,1208,-1,1209,1210,1211,-1,1212,1213,1186,-1,1186,1213,1214,-1,1186,1214,1184,-1,1215,1216,1193,-1,1193,1216,1217,-1,1193,1217,1194,-1,1218,1219,1220,-1,1220,1219,1190,-1,1221,1222,1223,-1,1224,1225,1226,-1,1190,1192,1220,-1,1220,1192,1227,-1,1220,1227,1193,-1,1193,1227,1228,-1,1193,1228,1215,-1,1229,1230,1196,-1,1196,1230,1231,-1,1196,1231,1195,-1,1232,1185,1233,-1,1233,1185,1234,-1,1233,1234,1235,-1,1236,1237,1238,-1,1238,1237,1239,-1,1238,1239,1205,-1,1205,1239,1240,-1,1205,1240,1206,-1,1223,1241,1221,-1,1221,1241,1242,-1,1221,1242,1236,-1,1236,1242,1243,-1,1236,1243,1237,-1,1211,1210,1244,-1,1244,1210,1245,-1,1244,1245,1246,-1,1246,1245,1247,-1,1246,1247,1248,-1,1199,1198,1249,-1,1249,1198,1250,-1,1249,1250,1251,-1,1252,1253,1186,-1,1186,1253,1254,-1,1186,1254,1212,-1,1224,1226,1255,-1,1255,1226,1256,-1,1255,1256,1257,-1,1257,1256,1258,-1,1257,1258,1259,-1,1191,1190,1221,-1,1221,1190,1260,-1,1221,1260,1261,-1,1261,1262,1221,-1,1221,1262,1263,-1,1221,1263,1222,-1,1264,1265,1266,-1,1266,1265,1267,-1,1266,1267,1268,-1,1268,1267,1269,-1,1268,1269,1270,-1,1270,1269,1271,-1,1270,1271,1272,-1,1273,1274,1275,-1,1275,1274,1276,-1,1275,1276,1252,-1,1252,1276,1277,-1,1252,1277,1253,-1,1225,1224,1278,-1,1278,1224,1279,-1,1278,1279,1280,-1,1280,1279,1281,-1,1280,1281,1282,-1,1282,1281,1283,-1,1282,1283,1189,-1,1189,1283,1284,-1,1189,1284,1187,-1,1232,1285,1185,-1,1185,1285,1286,-1,1185,1286,1186,-1,1186,1286,1287,-1,1186,1287,1208,-1,1211,1288,1209,-1,1209,1288,1289,-1,1209,1289,1290,-1,1290,1289,1291,-1,1290,1291,1292,-1,1292,1291,1293,-1,1292,1293,1294,-1,1294,1293,1295,-1,1294,1295,1296,-1,1199,1297,1197,-1,1197,1297,1298,-1,1197,1298,1299,-1,1299,1298,1300,-1,1299,1300,1301,-1,1301,1300,1302,-1,1301,1302,1303,-1,1303,1302,1189,-1,1303,1189,1304,-1,1304,1189,1188,-1,1202,1305,1200,-1,1200,1305,1306,-1,1200,1306,1307,-1,1307,1306,1308,-1,1307,1308,1309,-1,1310,1311,1312,-1,1312,1311,1313,-1,1312,1313,1314,-1,1314,1313,1315,-1,1314,1315,1273,-1,1273,1315,1316,-1,1273,1316,1274,-1,1317,1318,1319,-1,1319,1318,1320,-1,1319,1320,1229,-1,1229,1320,1321,-1,1229,1321,1230,-1,1234,1322,1235,-1,1235,1322,1323,-1,1235,1323,1324,-1,1324,1323,1325,-1,1324,1325,1326,-1,1327,1328,1329,-1,1329,1328,1330,-1,1329,1330,1331,-1,1331,1330,1332,-1,1331,1332,1264,-1,1264,1332,1333,-1,1264,1333,1265,-1,1295,1334,1296,-1,1296,1334,1335,-1,1296,1335,1336,-1,1336,1335,1337,-1,1336,1337,1327,-1,1327,1337,1338,-1,1327,1338,1328,-1,1325,1339,1326,-1,1326,1339,1340,-1,1326,1340,1317,-1,1317,1340,1341,-1,1317,1341,1318,-1,1342,1343,1344,-1,1345,1346,1347,-1,1347,1346,1348,-1,1349,1350,1351,-1,1351,1350,1352,-1,1351,1352,1353,-1,1353,1352,1354,-1,1353,1354,1355,-1,1355,1354,1356,-1,1355,1356,1357,-1,1357,1356,1358,-1,1357,1358,1310,-1,1310,1358,1359,-1,1310,1359,1311,-1,1204,1360,1202,-1,1202,1360,1361,-1,1202,1361,1362,-1,1362,1361,1363,-1,1362,1363,1364,-1,1364,1363,1272,-1,1364,1272,1365,-1,1365,1272,1271,-1,1366,1367,1342,-1,1342,1367,1368,-1,1342,1368,1343,-1,1247,1369,1248,-1,1248,1369,1342,-1,1248,1342,1370,-1,1370,1342,1344,-1,1251,1250,1371,-1,1371,1250,1372,-1,1371,1372,1345,-1,1345,1372,1373,-1,1345,1373,1346,-1,1374,1375,1376,-1,1375,1377,1376,-1,1376,1377,1378,-1,1376,1378,1379,-1,1258,1380,1259,-1,1259,1380,1381,-1,1259,1381,1382,-1,1382,1381,1383,-1,1382,1383,1349,-1,1349,1383,1384,-1,1349,1384,1350,-1,1366,1342,1376,-1,1376,1342,1385,-1,1376,1385,1374,-1,1308,1386,1309,-1,1309,1386,1387,-1,1309,1387,1388,-1,1388,1387,1389,-1,1388,1389,1390,-1,1390,1389,1391,-1,1390,1391,1392,-1,1392,1391,1393,-1,1392,1393,1394,-1,1394,1393,1395,-1,1394,1395,1348,-1,1348,1395,1396,-1,1348,1396,1347,-1,1397,1398,1399,-1,1399,1398,1400,-1,1399,1400,1401,-1,1402,1403,1404,-1,1405,1406,1407,-1,1407,1406,1408,-1,1407,1408,1409,-1,1400,1410,1401,-1,1401,1410,1411,-1,1401,1411,1412,-1,1412,1411,1413,-1,1414,1415,1407,-1,1407,1415,1402,-1,1407,1402,1405,-1,1416,1417,1418,-1,1419,1420,1421,-1,1421,1420,1422,-1,1421,1422,1423,-1,1424,1425,1426,-1,1427,1428,1401,-1,1401,1428,1429,-1,1401,1429,1399,-1,1399,1429,1430,-1,1431,1432,1433,-1,1433,1432,1434,-1,1435,1436,1437,-1,1437,1436,1438,-1,1437,1438,1439,-1,1439,1438,1440,-1,1439,1440,1441,-1,1407,1442,1414,-1,1414,1442,1443,-1,1414,1443,1444,-1,1444,1443,1445,-1,1444,1445,1446,-1,1446,1445,1447,-1,1446,1447,1448,-1,1404,1449,1402,-1,1402,1449,1450,-1,1402,1450,1405,-1,1451,1452,1453,-1,1453,1452,1454,-1,1453,1454,1455,-1,1455,1454,1456,-1,1455,1456,1457,-1,1418,1417,1458,-1,1458,1417,1459,-1,1458,1459,1460,-1,1461,1462,1456,-1,1463,1464,1411,-1,1411,1464,1465,-1,1411,1465,1413,-1,1434,1466,1433,-1,1433,1466,1467,-1,1433,1467,1468,-1,1468,1467,1441,-1,1468,1441,1469,-1,1469,1441,1440,-1,1460,1459,1470,-1,1470,1459,1471,-1,1470,1471,1433,-1,1433,1471,1472,-1,1433,1472,1431,-1,1473,1474,1475,-1,1475,1474,1476,-1,1475,1476,1477,-1,1477,1476,1478,-1,1477,1478,1479,-1,1479,1478,1480,-1,1479,1480,1481,-1,1482,1483,1484,-1,1484,1483,1485,-1,1484,1485,1486,-1,1486,1485,1487,-1,1486,1487,1488,-1,1462,1489,1456,-1,1456,1489,1490,-1,1456,1490,1457,-1,1422,1491,1423,-1,1423,1491,1492,-1,1423,1492,1493,-1,1493,1492,1494,-1,1493,1494,1408,-1,1408,1494,1495,-1,1408,1495,1409,-1,1426,1425,1496,-1,1496,1425,1497,-1,1496,1497,1401,-1,1401,1497,1498,-1,1401,1498,1427,-1,1499,1500,1501,-1,1501,1500,1502,-1,1501,1502,1503,-1,1426,1504,1424,-1,1424,1504,1505,-1,1424,1505,1506,-1,1506,1505,1507,-1,1506,1507,1419,-1,1419,1507,1508,-1,1419,1508,1420,-1,1502,1509,1503,-1,1503,1509,1510,-1,1503,1510,1511,-1,1511,1510,1512,-1,1511,1512,1513,-1,1513,1512,1399,-1,1513,1399,1514,-1,1514,1399,1430,-1,1499,1515,1516,-1,1517,1518,1519,-1,1519,1518,1520,-1,1519,1520,1521,-1,1447,1522,1448,-1,1448,1522,1523,-1,1448,1523,1524,-1,1524,1523,1525,-1,1524,1525,1526,-1,1526,1525,1527,-1,1526,1527,1528,-1,1528,1527,1529,-1,1528,1529,1530,-1,1530,1529,1531,-1,1530,1531,1517,-1,1517,1531,1532,-1,1517,1532,1518,-1,1533,1534,1535,-1,1535,1534,1536,-1,1487,1537,1488,-1,1488,1537,1538,-1,1488,1538,1539,-1,1539,1538,1540,-1,1539,1540,1473,-1,1473,1540,1541,-1,1473,1541,1474,-1,1456,1542,1461,-1,1461,1542,1543,-1,1461,1543,1544,-1,1544,1543,1545,-1,1544,1545,1546,-1,1546,1545,1547,-1,1546,1547,1548,-1,1548,1547,1549,-1,1548,1549,1482,-1,1482,1549,1550,-1,1482,1550,1483,-1,1551,1552,1499,-1,1499,1552,1553,-1,1499,1553,1515,-1,1516,1554,1499,-1,1499,1554,1555,-1,1499,1555,1500,-1,1520,1556,1521,-1,1521,1556,1557,-1,1521,1557,1558,-1,1558,1557,1559,-1,1558,1559,1560,-1,1560,1559,1561,-1,1560,1561,1435,-1,1435,1561,1562,-1,1435,1562,1436,-1,1480,1563,1481,-1,1481,1563,1564,-1,1481,1564,1565,-1,1565,1564,1566,-1,1565,1566,1567,-1,1567,1566,1568,-1,1567,1568,1569,-1,1569,1568,1570,-1,1569,1570,1571,-1,1571,1570,1572,-1,1571,1572,1573,-1,1573,1572,1574,-1,1573,1574,1535,-1,1535,1574,1575,-1,1535,1575,1533,-1,1536,1576,1535,-1,1535,1576,1577,-1,1535,1577,1578,-1,1403,1402,1499,-1,1499,1402,1579,-1,1499,1579,1551,-1,1580,1581,1578,-1,1578,1581,1582,-1,1578,1582,1583,-1,1584,1585,1586,-1,1586,1585,1587,-1,1586,1587,1451,-1,1451,1587,1588,-1,1451,1588,1452,-1,1418,1589,1416,-1,1416,1589,1590,-1,1416,1590,1591,-1,1591,1590,1592,-1,1591,1592,1593,-1,1593,1592,1594,-1,1593,1594,1595,-1,1595,1594,1596,-1,1595,1596,1597,-1,1597,1596,1598,-1,1597,1598,1599,-1,1599,1598,1600,-1,1599,1600,1601,-1,1601,1600,1602,-1,1601,1602,1603,-1,1603,1602,1604,-1,1603,1604,1605,-1,1605,1604,1606,-1,1605,1606,1584,-1,1584,1606,1607,-1,1584,1607,1585,-1,1583,1608,1578,-1,1578,1608,1609,-1,1578,1609,1535,-1,1330,1537,1487,-1,1330,1487,1332,-1,1332,1487,1485,-1,1332,1485,1333,-1,1333,1485,1483,-1,1333,1483,1265,-1,1265,1483,1550,-1,1265,1550,1267,-1,1267,1550,1549,-1,1267,1549,1269,-1,1269,1549,1547,-1,1269,1547,1271,-1,1271,1547,1545,-1,1271,1545,1365,-1,1365,1545,1543,-1,1365,1543,1364,-1,1364,1543,1542,-1,1364,1542,1362,-1,1362,1542,1456,-1,1362,1456,1202,-1,1202,1456,1454,-1,1202,1454,1305,-1,1305,1454,1452,-1,1305,1452,1306,-1,1306,1452,1588,-1,1306,1588,1308,-1,1308,1588,1587,-1,1308,1587,1386,-1,1386,1587,1585,-1,1386,1585,1387,-1,1387,1585,1607,-1,1387,1607,1389,-1,1389,1607,1606,-1,1389,1606,1391,-1,1391,1606,1604,-1,1391,1604,1393,-1,1393,1604,1602,-1,1393,1602,1395,-1,1395,1602,1600,-1,1395,1600,1396,-1,1396,1600,1598,-1,1396,1598,1347,-1,1347,1598,1596,-1,1347,1596,1345,-1,1345,1596,1594,-1,1345,1594,1371,-1,1371,1594,1592,-1,1371,1592,1251,-1,1251,1592,1590,-1,1251,1590,1249,-1,1249,1590,1589,-1,1249,1589,1199,-1,1199,1589,1418,-1,1199,1418,1297,-1,1297,1418,1458,-1,1297,1458,1298,-1,1298,1458,1460,-1,1298,1460,1300,-1,1300,1460,1470,-1,1300,1470,1302,-1,1302,1470,1433,-1,1302,1433,1189,-1,1189,1433,1468,-1,1189,1468,1282,-1,1282,1468,1469,-1,1282,1469,1280,-1,1280,1469,1440,-1,1280,1440,1278,-1,1278,1440,1438,-1,1278,1438,1225,-1,1225,1438,1436,-1,1225,1436,1226,-1,1226,1436,1562,-1,1226,1562,1256,-1,1256,1562,1561,-1,1256,1561,1258,-1,1258,1561,1559,-1,1258,1559,1380,-1,1380,1559,1557,-1,1380,1557,1381,-1,1381,1557,1556,-1,1381,1556,1383,-1,1383,1556,1520,-1,1383,1520,1384,-1,1384,1520,1518,-1,1384,1518,1350,-1,1350,1518,1532,-1,1350,1532,1352,-1,1352,1532,1531,-1,1352,1531,1354,-1,1354,1531,1529,-1,1354,1529,1356,-1,1356,1529,1527,-1,1356,1527,1358,-1,1358,1527,1525,-1,1358,1525,1359,-1,1359,1525,1523,-1,1359,1523,1311,-1,1311,1523,1522,-1,1311,1522,1313,-1,1313,1522,1447,-1,1313,1447,1315,-1,1315,1447,1445,-1,1315,1445,1316,-1,1316,1445,1443,-1,1316,1443,1274,-1,1274,1443,1442,-1,1274,1442,1276,-1,1276,1442,1407,-1,1276,1407,1277,-1,1277,1407,1409,-1,1277,1409,1253,-1,1253,1409,1495,-1,1253,1495,1254,-1,1254,1495,1494,-1,1254,1494,1212,-1,1212,1494,1492,-1,1212,1492,1213,-1,1213,1492,1491,-1,1213,1491,1214,-1,1214,1491,1422,-1,1214,1422,1184,-1,1184,1422,1420,-1,1184,1420,1185,-1,1185,1420,1508,-1,1185,1508,1234,-1,1234,1508,1507,-1,1234,1507,1322,-1,1322,1507,1505,-1,1322,1505,1323,-1,1323,1505,1504,-1,1323,1504,1325,-1,1325,1504,1426,-1,1325,1426,1339,-1,1339,1426,1496,-1,1339,1496,1340,-1,1340,1496,1401,-1,1340,1401,1341,-1,1341,1401,1412,-1,1341,1412,1318,-1,1318,1412,1413,-1,1318,1413,1320,-1,1320,1413,1465,-1,1320,1465,1321,-1,1321,1465,1464,-1,1321,1464,1230,-1,1230,1464,1463,-1,1230,1463,1231,-1,1231,1463,1411,-1,1231,1411,1195,-1,1195,1411,1410,-1,1195,1410,1193,-1,1220,1193,1400,-1,1400,1193,1410,-1,1218,1220,1398,-1,1398,1220,1400,-1,1219,1218,1397,-1,1397,1218,1398,-1,1190,1219,1399,-1,1399,1219,1397,-1,1190,1399,1512,-1,1190,1512,1260,-1,1260,1512,1510,-1,1260,1510,1261,-1,1261,1510,1509,-1,1261,1509,1262,-1,1262,1509,1502,-1,1262,1502,1263,-1,1263,1502,1500,-1,1263,1500,1222,-1,1222,1500,1555,-1,1222,1555,1223,-1,1223,1555,1554,-1,1223,1554,1241,-1,1241,1554,1516,-1,1241,1516,1242,-1,1242,1516,1515,-1,1242,1515,1243,-1,1243,1515,1553,-1,1243,1553,1237,-1,1237,1553,1552,-1,1237,1552,1239,-1,1239,1552,1551,-1,1239,1551,1240,-1,1240,1551,1579,-1,1240,1579,1206,-1,1206,1579,1402,-1,1206,1402,1186,-1,1186,1402,1415,-1,1186,1415,1252,-1,1252,1415,1414,-1,1252,1414,1275,-1,1275,1414,1444,-1,1275,1444,1273,-1,1273,1444,1446,-1,1273,1446,1314,-1,1314,1446,1448,-1,1314,1448,1312,-1,1312,1448,1524,-1,1312,1524,1310,-1,1310,1524,1526,-1,1310,1526,1357,-1,1357,1526,1528,-1,1357,1528,1355,-1,1355,1528,1530,-1,1355,1530,1353,-1,1353,1530,1517,-1,1353,1517,1351,-1,1351,1517,1519,-1,1351,1519,1349,-1,1349,1519,1521,-1,1349,1521,1382,-1,1382,1521,1558,-1,1382,1558,1259,-1,1259,1558,1560,-1,1259,1560,1257,-1,1257,1560,1435,-1,1257,1435,1255,-1,1255,1435,1437,-1,1255,1437,1224,-1,1224,1437,1439,-1,1224,1439,1279,-1,1279,1439,1441,-1,1279,1441,1281,-1,1281,1441,1467,-1,1281,1467,1283,-1,1283,1467,1466,-1,1283,1466,1284,-1,1284,1466,1434,-1,1284,1434,1187,-1,1187,1434,1432,-1,1187,1432,1188,-1,1188,1432,1431,-1,1188,1431,1304,-1,1304,1431,1472,-1,1304,1472,1303,-1,1303,1472,1471,-1,1303,1471,1301,-1,1301,1471,1459,-1,1301,1459,1299,-1,1299,1459,1417,-1,1299,1417,1197,-1,1197,1417,1416,-1,1197,1416,1198,-1,1198,1416,1591,-1,1198,1591,1250,-1,1250,1591,1593,-1,1250,1593,1372,-1,1372,1593,1595,-1,1372,1595,1373,-1,1373,1595,1597,-1,1373,1597,1346,-1,1346,1597,1599,-1,1346,1599,1348,-1,1348,1599,1601,-1,1348,1601,1394,-1,1394,1601,1603,-1,1394,1603,1392,-1,1392,1603,1605,-1,1392,1605,1390,-1,1390,1605,1584,-1,1390,1584,1388,-1,1388,1584,1586,-1,1388,1586,1309,-1,1309,1586,1451,-1,1309,1451,1307,-1,1307,1451,1453,-1,1307,1453,1200,-1,1200,1453,1455,-1,1200,1455,1201,-1,1201,1455,1457,-1,1201,1457,1203,-1,1203,1457,1490,-1,1203,1490,1204,-1,1360,1204,1489,-1,1489,1204,1490,-1,1360,1489,1462,-1,1360,1462,1361,-1,1361,1462,1461,-1,1361,1461,1363,-1,1363,1461,1544,-1,1363,1544,1272,-1,1272,1544,1546,-1,1272,1546,1270,-1,1270,1546,1548,-1,1270,1548,1268,-1,1268,1548,1482,-1,1268,1482,1266,-1,1266,1482,1484,-1,1266,1484,1264,-1,1264,1484,1486,-1,1264,1486,1331,-1,1331,1486,1488,-1,1331,1488,1329,-1,1329,1488,1539,-1,1329,1539,1327,-1,1327,1539,1473,-1,1327,1473,1336,-1,1336,1473,1475,-1,1336,1475,1296,-1,1296,1475,1477,-1,1296,1477,1294,-1,1294,1477,1479,-1,1294,1479,1292,-1,1292,1479,1481,-1,1292,1481,1290,-1,1290,1481,1565,-1,1290,1565,1209,-1,1209,1565,1567,-1,1209,1567,1210,-1,1210,1567,1569,-1,1210,1569,1245,-1,1247,1245,1571,-1,1571,1245,1569,-1,1247,1571,1573,-1,1247,1573,1369,-1,1369,1573,1535,-1,1369,1535,1342,-1,1342,1535,1609,-1,1342,1609,1385,-1,1385,1609,1608,-1,1385,1608,1374,-1,1374,1608,1583,-1,1374,1583,1375,-1,1375,1583,1582,-1,1375,1582,1377,-1,1377,1582,1581,-1,1377,1581,1378,-1,1378,1581,1580,-1,1378,1580,1379,-1,1379,1580,1578,-1,1379,1578,1376,-1,1376,1578,1577,-1,1376,1577,1366,-1,1366,1577,1576,-1,1366,1576,1367,-1,1367,1576,1536,-1,1367,1536,1368,-1,1368,1536,1534,-1,1368,1534,1343,-1,1343,1534,1533,-1,1343,1533,1344,-1,1344,1533,1575,-1,1344,1575,1370,-1,1370,1575,1574,-1,1370,1574,1248,-1,1248,1574,1572,-1,1248,1572,1246,-1,1244,1246,1570,-1,1570,1246,1572,-1,1244,1570,1568,-1,1244,1568,1211,-1,1211,1568,1566,-1,1211,1566,1288,-1,1288,1566,1564,-1,1288,1564,1289,-1,1289,1564,1563,-1,1289,1563,1291,-1,1291,1563,1480,-1,1291,1480,1293,-1,1293,1480,1478,-1,1293,1478,1295,-1,1295,1478,1476,-1,1295,1476,1334,-1,1334,1476,1474,-1,1334,1474,1335,-1,1335,1474,1541,-1,1335,1541,1337,-1,1337,1541,1540,-1,1337,1540,1338,-1,1338,1540,1538,-1,1338,1538,1328,-1,1328,1538,1537,-1,1328,1537,1330,-1,1191,1499,1501,-1,1191,1501,1192,-1,1192,1501,1503,-1,1192,1503,1227,-1,1227,1503,1511,-1,1227,1511,1228,-1,1228,1511,1513,-1,1228,1513,1215,-1,1215,1513,1514,-1,1215,1514,1216,-1,1216,1514,1430,-1,1216,1430,1217,-1,1217,1430,1429,-1,1217,1429,1194,-1,1194,1429,1428,-1,1194,1428,1196,-1,1196,1428,1427,-1,1196,1427,1229,-1,1229,1427,1498,-1,1229,1498,1319,-1,1319,1498,1497,-1,1319,1497,1317,-1,1317,1497,1425,-1,1317,1425,1326,-1,1326,1425,1424,-1,1326,1424,1324,-1,1324,1424,1506,-1,1324,1506,1235,-1,1235,1506,1419,-1,1235,1419,1233,-1,1233,1419,1421,-1,1233,1421,1232,-1,1232,1421,1423,-1,1232,1423,1285,-1,1285,1423,1493,-1,1285,1493,1286,-1,1286,1493,1408,-1,1286,1408,1287,-1,1287,1408,1406,-1,1287,1406,1208,-1,1208,1406,1405,-1,1208,1405,1207,-1,1207,1405,1450,-1,1207,1450,1205,-1,1205,1450,1449,-1,1205,1449,1238,-1,1238,1449,1404,-1,1238,1404,1236,-1,1236,1404,1403,-1,1236,1403,1221,-1,1221,1403,1499,-1,1221,1499,1191,-1,
        ]
    }
}