#VRML V2.0 utf8
# 3D model generated by kicad-lcsc-manager
# Based on easyeda2kicad.py v1.0.1

Shape{
    appearance Appearance {
        material  Material {
            diffuseColor 1.0 1.0 1.0
            specularColor 0.5019607843137255 0.5019607843137255 0.5019607843137255
            ambientIntensity 1.0
            transparency 0.0
            shininess 0.5
        }
    }
    geometry IndexedFaceSet {
        ccw TRUE
        solid FALSE
        coord DEF co Coordinate {
            point [
                -1.1811 -1.1791 1.185, -1.1811 -1.1791 1.0276, 0.0 -1.1791 1.185, 1.1811 -1.1791 1.0276, 1.1811 -1.1791 1.185, 1.1811 0.002 1.185, 1.1811 1.1831 1.0276, 1.1811 1.1831 1.185, 0.0 1.1831 1.185, -1.1811 1.1831 1.0276, -1.1811 1.1831 1.185, -1.1811 0.002 1.185, 0.992 0.6713 1.185, 0.9544 0.6223 1.185, 0.8485 1.0175 1.185, 0.7874 1.0256 1.185, 0.7263 1.0175 1.185, 0.9055 0.9939 1.185, 0.9544 0.9564 1.185, 0.992 0.9075 1.185, 1.0156 0.8505 1.185, 1.0236 0.7894 1.185, 1.0156 0.7282 1.185, 0.7874 0.5531 1.185, 0.7263 0.5612 1.185, 0.6606 0.211 1.185, 0.0 0.6934 1.185, 0.5512 0.7894 1.185, 0.5592 0.8505 1.185, 0.5828 0.9075 1.185, 0.6204 0.9564 1.185, 0.6693 0.9939 1.185, 0.9055 0.5848 1.185, 0.8485 0.5612 1.185, 0.6929 0.002 1.185, 0.6848 0.1077 1.185, 0.5592 0.7282 1.185, 0.331 0.6107 1.185, 0.5828 0.6713 1.185, 0.4201 0.553 1.185, 0.6204 0.6223 1.185, 0.4993 0.4825 1.185, 0.6693 0.5848 1.185, 0.5668 0.4006 1.185, 0.621 0.3094 1.185, 0.0265 0.6944 1.185, 0.1319 0.6822 1.185, 0.2342 0.6541 1.185, -0.6693 0.9939 1.185, -0.6204 0.9564 1.185, -1.0156 0.8505 1.185, -1.0236 0.7894 1.185, -1.0156 0.7282 1.185, -0.992 0.9075 1.185, -0.9544 0.9564 1.185, -0.9055 0.9939 1.185, -0.8485 1.0175 1.185, -0.7874 1.0256 1.185, -0.7263 1.0175 1.185, -0.1836 0.6701 1.185, -0.5512 0.7894 1.185, -0.2834 0.6343 1.185, -0.5592 0.7282 1.185, -0.3766 0.5836 1.185, -0.5828 0.6713 1.185, -0.461 0.5193 1.185, -0.6204 0.6223 1.185, -0.5346 0.4428 1.185, -0.6693 0.5848 1.185, -0.6909 0.002 1.185, -0.7874 0.5531 1.185, -0.8485 0.5612 1.185, -0.9055 0.5848 1.185, -0.9544 0.6223 1.185, -0.992 0.6713 1.185, -0.0795 0.6903 1.185, -0.5592 0.8505 1.185, -0.5828 0.9075 1.185, -0.6909 0.055 1.185, -0.6747 0.1599 1.185, -0.7263 0.5612 1.185, -0.6427 0.261 1.185, -0.5956 0.3561 1.185, 0.0 -0.6894 1.185, -0.5512 -0.7854 1.185, -0.5592 -0.8466 1.185, -0.5828 -0.9035 1.185, -0.6204 -0.9525 1.185, -0.6693 -0.99 1.185, -0.7263 -1.0136 1.185, -0.7874 -1.0217 1.185, -0.8485 -1.0136 1.185, -0.9055 -0.99 1.185, -0.9544 -0.9525 1.185, -0.992 -0.9035 1.185, -1.0156 -0.8466 1.185, -1.0236 -0.7854 1.185, -1.0156 -0.7243 1.185, -0.992 -0.6673 1.185, -0.9544 -0.6184 1.185, -0.9055 -0.5809 1.185, -0.8485 -0.5573 1.185, -0.7874 -0.5492 1.185, -0.6909 -0.0511 1.185, -0.6693 -0.5809 1.185, -0.5956 -0.3521 1.185, -0.7263 -0.5573 1.185, -0.6427 -0.2571 1.185, -0.6747 -0.1559 1.185, -0.0795 -0.6864 1.185, -0.1836 -0.6662 1.185, -0.5592 -0.7243 1.185, -0.2834 -0.6303 1.185, -0.5828 -0.6673 1.185, -0.3766 -0.5796 1.185, -0.6204 -0.6184 1.185, -0.461 -0.5153 1.185, -0.5346 -0.4389 1.185, 0.992 -0.9035 1.185, 0.9544 -0.9525 1.185, 0.9055 -0.99 1.185, 0.8485 -1.0136 1.185, 0.7874 -1.0217 1.185, 0.7263 -1.0136 1.185, 0.6693 -0.99 1.185, 0.6204 -0.9525 1.185, 0.5828 -0.9035 1.185, 0.5592 -0.8466 1.185, 0.5512 -0.7854 1.185, 0.0265 -0.6904 1.185, 0.9055 -0.5809 1.185, 0.9544 -0.6184 1.185, 0.992 -0.6673 1.185, 0.7874 -0.5492 1.185, 0.6848 -0.1038 1.185, 0.5592 -0.7243 1.185, 0.2342 -0.6502 1.185, 0.1319 -0.6783 1.185, 0.7263 -0.5573 1.185, 0.8485 -0.5573 1.185, 1.0156 -0.7243 1.185, 1.0236 -0.7854 1.185, 1.0156 -0.8466 1.185, 0.6606 -0.2071 1.185, 0.621 -0.3055 1.185, 0.6693 -0.5809 1.185, 0.5668 -0.3967 1.185, 0.6204 -0.6184 1.185, 0.4993 -0.4785 1.185, 0.5828 -0.6673 1.185, 0.4201 -0.5491 1.185, 0.331 -0.6068 1.185, 0.6606 0.211 1.0276, 0.621 0.3094 1.0276, -0.6909 0.055 1.0276, -0.6909 -0.0511 1.0276, -0.6747 -0.1559 1.0276, -0.461 0.5193 1.0276, -0.5346 0.4428 1.0276, -0.5956 0.3561 1.0276, 0.1319 0.6822 1.0276, 0.0265 0.6944 1.0276, -0.6427 0.261 1.0276, -0.6747 0.1599 1.0276, -0.6427 -0.2571 1.0276, -0.5956 -0.3521 1.0276, -0.5346 -0.4389 1.0276, 0.5668 0.4006 1.0276, 0.4993 0.4825 1.0276, 0.4201 0.553 1.0276, -0.1836 0.6701 1.0276, -0.2834 0.6343 1.0276, -0.3766 0.5836 1.0276, -0.461 -0.5153 1.0276, -0.3766 -0.5796 1.0276, -0.2834 -0.6303 1.0276, -0.0795 0.6903 1.0276, 0.331 0.6107 1.0276, 0.2342 0.6541 1.0276, 0.1319 -0.6783 1.0276, 0.2342 -0.6502 1.0276, -0.1836 -0.6662 1.0276, -0.0795 -0.6864 1.0276, 0.0265 -0.6904 1.0276, 0.331 -0.6068 1.0276, 0.4201 -0.5491 1.0276, 0.4993 -0.4785 1.0276, 0.5668 -0.3967 1.0276, 0.621 -0.3055 1.0276, 0.6606 -0.2071 1.0276, 0.6848 -0.1038 1.0276, 0.6929 0.002 1.0276, 0.6848 0.1077 1.0276
            ]
        }
        coordIndex [
            0,1,2,-1,2,1,3,-1,2,3,4,-1,4,3,5,-1,5,3,6,-1,5,6,7,-1,7,6,8,-1,8,6,9,-1,8,9,10,-1,10,9,11,-1,11,9,1,-1,11,1,0,-1,12,13,5,-1,14,7,15,-1,15,7,8,-1,15,8,16,-1,14,17,7,-1,7,17,18,-1,7,18,19,-1,19,20,7,-1,7,20,21,-1,7,21,5,-1,5,21,22,-1,5,22,12,-1,23,24,25,-1,26,27,8,-1,8,27,28,-1,8,28,29,-1,29,30,8,-1,8,30,31,-1,8,31,16,-1,13,32,5,-1,5,32,33,-1,5,33,34,-1,34,33,23,-1,34,23,35,-1,35,23,25,-1,36,37,38,-1,38,37,39,-1,38,39,40,-1,40,39,41,-1,40,41,42,-1,42,41,43,-1,42,43,24,-1,24,43,44,-1,24,44,25,-1,26,45,27,-1,27,45,46,-1,27,46,36,-1,36,46,47,-1,36,47,37,-1,48,49,8,-1,50,10,51,-1,51,10,11,-1,51,11,52,-1,50,53,10,-1,10,53,54,-1,10,54,55,-1,55,56,10,-1,10,56,57,-1,10,57,8,-1,8,57,58,-1,8,58,48,-1,59,60,61,-1,61,60,62,-1,61,62,63,-1,63,62,64,-1,63,64,65,-1,65,64,66,-1,65,66,67,-1,67,66,68,-1,69,70,11,-1,11,70,71,-1,11,71,72,-1,72,73,11,-1,11,73,74,-1,11,74,52,-1,59,75,60,-1,60,75,26,-1,60,26,76,-1,76,26,8,-1,76,8,77,-1,77,8,49,-1,69,78,70,-1,70,78,79,-1,70,79,80,-1,80,79,81,-1,80,81,68,-1,68,81,82,-1,68,82,67,-1,83,84,2,-1,2,84,85,-1,85,86,2,-1,2,86,87,-1,2,87,88,-1,88,89,2,-1,2,89,90,-1,2,90,0,-1,0,90,91,-1,91,92,0,-1,0,92,93,-1,0,93,94,-1,94,95,0,-1,0,95,96,-1,0,96,11,-1,96,97,11,-1,11,97,98,-1,11,98,99,-1,99,100,11,-1,11,100,101,-1,11,101,69,-1,69,101,102,-1,69,102,103,-1,104,105,106,-1,106,105,107,-1,106,107,102,-1,102,107,108,-1,102,108,103,-1,83,109,84,-1,84,109,110,-1,84,110,111,-1,111,110,112,-1,111,112,113,-1,113,112,114,-1,113,114,115,-1,115,114,116,-1,115,116,104,-1,104,116,117,-1,104,117,105,-1,118,119,4,-1,4,119,120,-1,120,121,4,-1,4,121,122,-1,4,122,2,-1,122,123,2,-1,2,123,124,-1,2,124,125,-1,125,126,2,-1,2,126,127,-1,2,127,83,-1,83,127,128,-1,83,128,129,-1,130,131,5,-1,5,131,132,-1,133,34,134,-1,135,136,128,-1,128,136,137,-1,128,137,129,-1,133,134,138,-1,34,133,5,-1,5,133,139,-1,5,139,130,-1,132,140,5,-1,5,140,141,-1,5,141,4,-1,4,141,142,-1,4,142,118,-1,134,143,138,-1,138,143,144,-1,138,144,145,-1,145,144,146,-1,145,146,147,-1,147,146,148,-1,147,148,149,-1,149,148,150,-1,149,150,135,-1,135,150,151,-1,135,151,136,-1,152,153,6,-1,9,154,1,-1,1,154,155,-1,1,155,156,-1,157,158,9,-1,9,158,159,-1,6,160,161,-1,159,162,9,-1,9,162,163,-1,9,163,154,-1,156,164,1,-1,1,164,165,-1,1,165,166,-1,153,167,6,-1,6,167,168,-1,6,168,169,-1,170,171,9,-1,9,171,172,-1,9,172,157,-1,166,173,1,-1,1,173,174,-1,1,174,175,-1,6,161,9,-1,9,161,176,-1,9,176,170,-1,169,177,6,-1,6,177,178,-1,6,178,160,-1,179,180,3,-1,175,181,1,-1,1,181,182,-1,1,182,3,-1,3,182,183,-1,3,183,179,-1,180,184,3,-1,3,184,185,-1,3,185,186,-1,186,187,3,-1,3,187,188,-1,3,188,189,-1,189,190,3,-1,3,190,191,-1,3,191,6,-1,6,191,192,-1,6,192,152,-1,161,26,176,-1,176,26,75,-1,176,75,170,-1,170,75,59,-1,170,59,171,-1,171,59,61,-1,171,61,172,-1,172,61,63,-1,172,63,157,-1,157,63,65,-1,157,65,158,-1,158,65,67,-1,158,67,159,-1,159,67,82,-1,159,82,162,-1,162,82,81,-1,162,81,163,-1,163,81,79,-1,163,79,154,-1,79,78,154,-1,154,78,69,-1,154,69,155,-1,155,69,103,-1,155,103,156,-1,156,103,108,-1,156,108,164,-1,164,108,107,-1,164,107,165,-1,165,107,105,-1,165,105,166,-1,166,105,117,-1,166,117,173,-1,173,117,116,-1,173,116,174,-1,174,116,114,-1,174,114,175,-1,175,114,112,-1,175,112,181,-1,181,112,110,-1,181,110,182,-1,110,109,182,-1,182,109,83,-1,182,83,183,-1,183,83,129,-1,183,129,179,-1,179,129,137,-1,179,137,180,-1,180,137,136,-1,180,136,184,-1,184,136,151,-1,184,151,185,-1,185,151,150,-1,185,150,186,-1,186,150,148,-1,186,148,187,-1,187,148,146,-1,187,146,188,-1,188,146,144,-1,188,144,189,-1,189,144,143,-1,189,143,190,-1,190,143,134,-1,190,134,191,-1,191,134,34,-1,191,34,192,-1,192,34,35,-1,192,35,152,-1,152,35,25,-1,152,25,153,-1,153,25,44,-1,153,44,167,-1,167,44,43,-1,167,43,168,-1,168,43,41,-1,168,41,169,-1,169,41,39,-1,169,39,177,-1,177,39,37,-1,177,37,178,-1,178,37,47,-1,178,47,160,-1,160,47,46,-1,160,46,161,-1,161,46,45,-1,161,45,26,-1,
        ]
    }
}
Shape{
    appearance Appearance {
        material  Material {
            diffuseColor 0.25098039215686274 0.25098039215686274 0.25098039215686274
            specularColor 0.12549019607843137 0.12549019607843137 0.12549019607843137
            ambientIntensity 0.251
            transparency 0.0
            shininess 0.5
        }
    }
    geometry IndexedFaceSet {
        ccw TRUE
        solid FALSE
        coord DEF co Coordinate {
            point [
                -0.9298 -0.5969 1.2244, -0.905 -0.5816 1.2244, -0.9055 -0.5809 1.185, -1.0156 -0.8466 1.185, -1.0146 -0.8463 1.2244, -1.0196 -0.8288 1.2244, -1.0236 -0.7854 1.185, -0.9539 -0.9519 1.2244, -0.962 -0.9446 1.2244, -0.9544 -0.9525 1.185, -0.9882 -0.9098 1.2244, -0.992 -0.9035 1.185, -0.9915 -0.9033 1.2244, -1.0077 -0.8708 1.2244, -0.9298 -0.9739 1.2244, -0.9055 -0.99 1.185, -0.905 -0.9892 1.2244, -0.8927 -0.9969 1.2244, -0.8485 -1.0136 1.185, -0.852 -1.0126 1.2244, -0.7874 -1.0217 1.185, -0.8092 -1.0206 1.2244, -0.8485 -1.0133 1.2244, -0.7263 -1.0136 1.185, -0.7656 -1.0206 1.2244, -0.7874 -1.0206 1.2244, -0.6698 -0.9892 1.2244, -0.6821 -0.9969 1.2244, -0.6693 -0.99 1.185, -0.7228 -1.0126 1.2244, -0.7263 -1.0133 1.2244, -0.5833 -0.9033 1.2244, -0.5866 -0.9098 1.2244, -0.5828 -0.9035 1.185, -0.6128 -0.9446 1.2244, -0.6204 -0.9525 1.185, -0.6209 -0.9519 1.2244, -0.645 -0.9739 1.2244, -0.5671 -0.8708 1.2244, -0.5592 -0.8466 1.185, -0.5602 -0.8463 1.2244, -0.5552 -0.8288 1.2244, -0.5512 -0.7854 1.185, -0.5512 -0.7854 1.2244, -0.5552 -0.742 1.2244, -0.5592 -0.7243 1.185, -0.5602 -0.7246 1.2244, -0.6209 -0.619 1.2244, -0.6128 -0.6263 1.2244, -0.6204 -0.6184 1.185, -0.5866 -0.6611 1.2244, -0.5828 -0.6673 1.185, -0.5833 -0.6676 1.2244, -0.5671 -0.7001 1.2244, -0.645 -0.5969 1.2244, -0.6693 -0.5809 1.185, -0.6698 -0.5816 1.2244, -0.6821 -0.574 1.2244, -0.7263 -0.5573 1.185, -0.7228 -0.5582 1.2244, -0.7874 -0.5492 1.185, -0.7656 -0.5502 1.2244, -0.7263 -0.5576 1.2244, -0.8485 -0.5573 1.185, -0.8092 -0.5502 1.2244, -0.7874 -0.5502 1.2244, -0.8927 -0.574 1.2244, -0.852 -0.5582 1.2244, -0.8485 -0.5576 1.2244, -0.9539 -0.619 1.2244, -0.9544 -0.6184 1.185, -0.962 -0.6263 1.2244, -0.992 -0.6673 1.185, -0.9882 -0.6611 1.2244, -1.0156 -0.7243 1.185, -1.0077 -0.7001 1.2244, -0.9915 -0.6676 1.2244, -1.0236 -0.7854 1.2244, -1.0196 -0.742 1.2244, -1.0146 -0.7246 1.2244, -0.6693 -0.7854 1.3425, -0.6713 -0.7637 1.3425, -0.7874 -0.7854 1.3425, -0.687 -0.8476 1.3425, -0.6773 -0.8281 1.3425, -0.6713 -0.8071 1.3425, -0.7348 -0.8912 1.3425, -0.7162 -0.8797 1.3425, -0.7001 -0.865 1.3425, -0.7983 -0.903 1.3425, -0.7765 -0.903 1.3425, -0.7551 -0.899 1.3425, -0.8586 -0.8797 1.3425, -0.84 -0.8912 1.3425, -0.8197 -0.899 1.3425, -0.8975 -0.8281 1.3425, -0.8878 -0.8476 1.3425, -0.8747 -0.865 1.3425, -0.9035 -0.7637 1.3425, -0.9055 -0.7854 1.3425, -0.9035 -0.8071 1.3425, -0.8747 -0.7059 1.3425, -0.8878 -0.7233 1.3425, -0.8975 -0.7428 1.3425, -0.8197 -0.6718 1.3425, -0.84 -0.6797 1.3425, -0.8586 -0.6912 1.3425, -0.7551 -0.6718 1.3425, -0.7765 -0.6678 1.3425, -0.7983 -0.6678 1.3425, -0.7001 -0.7059 1.3425, -0.7162 -0.6912 1.3425, -0.7348 -0.6797 1.3425, -0.6773 -0.7428 1.3425, -0.687 -0.7233 1.3425, -0.9298 0.9779 1.2244, -0.905 0.9932 1.2244, -0.9055 0.9939 1.185, -1.0156 0.7282 1.185, -1.0146 0.7285 1.2244, -1.0196 0.746 1.2244, -1.0236 0.7894 1.185, -0.9539 0.6229 1.2244, -0.962 0.6302 1.2244, -0.9544 0.6223 1.185, -0.9882 0.665 1.2244, -0.992 0.6713 1.185, -0.9915 0.6715 1.2244, -1.0077 0.704 1.2244, -0.9298 0.6009 1.2244, -0.9055 0.5848 1.185, -0.905 0.5856 1.2244, -0.8927 0.5779 1.2244, -0.8485 0.5612 1.185, -0.852 0.5622 1.2244, -0.7874 0.5531 1.185, -0.8092 0.5542 1.2244, -0.8485 0.5615 1.2244, -0.7263 0.5612 1.185, -0.7656 0.5542 1.2244, -0.7874 0.5542 1.2244, -0.6698 0.5856 1.2244, -0.6821 0.5779 1.2244, -0.6693 0.5848 1.185, -0.7228 0.5622 1.2244, -0.7263 0.5615 1.2244, -0.5833 0.6715 1.2244, -0.5866 0.665 1.2244, -0.5828 0.6713 1.185, -0.6128 0.6302 1.2244, -0.6204 0.6223 1.185, -0.6209 0.6229 1.2244, -0.645 0.6009 1.2244, -0.5671 0.704 1.2244, -0.5592 0.7282 1.185, -0.5602 0.7285 1.2244, -0.5552 0.746 1.2244, -0.5512 0.7894 1.185, -0.5512 0.7894 1.2244, -0.5552 0.8328 1.2244, -0.5592 0.8505 1.185, -0.5602 0.8502 1.2244, -0.6209 0.9558 1.2244, -0.6128 0.9485 1.2244, -0.6204 0.9564 1.185, -0.5866 0.9137 1.2244, -0.5828 0.9075 1.185, -0.5833 0.9072 1.2244, -0.5671 0.8747 1.2244, -0.645 0.9779 1.2244, -0.6693 0.9939 1.185, -0.6698 0.9932 1.2244, -0.6821 1.0008 1.2244, -0.7263 1.0175 1.185, -0.7228 1.0166 1.2244, -0.7874 1.0256 1.185, -0.7656 1.0246 1.2244, -0.7263 1.0172 1.2244, -0.8485 1.0175 1.185, -0.8092 1.0246 1.2244, -0.7874 1.0246 1.2244, -0.8927 1.0008 1.2244, -0.852 1.0166 1.2244, -0.8485 1.0172 1.2244, -0.9539 0.9558 1.2244, -0.9544 0.9564 1.185, -0.962 0.9485 1.2244, -0.992 0.9075 1.185, -0.9882 0.9137 1.2244, -1.0156 0.8505 1.185, -1.0077 0.8747 1.2244, -0.9915 0.9072 1.2244, -1.0236 0.7894 1.2244, -1.0196 0.8328 1.2244, -1.0146 0.8502 1.2244, -0.9055 0.7894 1.3425, -0.9035 0.7677 1.3425, -0.7874 0.7894 1.3425, -0.8878 0.8515 1.3425, -0.8975 0.832 1.3425, -0.9035 0.8111 1.3425, -0.84 0.8951 1.3425, -0.8586 0.8836 1.3425, -0.8747 0.8689 1.3425, -0.7765 0.907 1.3425, -0.7983 0.907 1.3425, -0.8197 0.903 1.3425, -0.7162 0.8836 1.3425, -0.7348 0.8951 1.3425, -0.7551 0.903 1.3425, -0.6773 0.832 1.3425, -0.687 0.8515 1.3425, -0.7001 0.8689 1.3425, -0.6713 0.7677 1.3425, -0.6693 0.7894 1.3425, -0.6713 0.8111 1.3425, -0.7001 0.7098 1.3425, -0.687 0.7272 1.3425, -0.6773 0.7467 1.3425, -0.7551 0.6758 1.3425, -0.7348 0.6836 1.3425, -0.7162 0.6951 1.3425, -0.8197 0.6758 1.3425, -0.7983 0.6718 1.3425, -0.7765 0.6718 1.3425, -0.8747 0.7098 1.3425, -0.8586 0.6951 1.3425, -0.84 0.6836 1.3425, -0.8975 0.7467 1.3425, -0.8878 0.7272 1.3425, 0.645 0.9779 1.2244, 0.6698 0.9932 1.2244, 0.6693 0.9939 1.185, 0.5592 0.7282 1.185, 0.5602 0.7285 1.2244, 0.5552 0.746 1.2244, 0.5512 0.7894 1.185, 0.6209 0.6229 1.2244, 0.6128 0.6302 1.2244, 0.6204 0.6223 1.185, 0.5866 0.665 1.2244, 0.5828 0.6713 1.185, 0.5833 0.6715 1.2244, 0.5671 0.704 1.2244, 0.645 0.6009 1.2244, 0.6693 0.5848 1.185, 0.6698 0.5856 1.2244, 0.6821 0.5779 1.2244, 0.7263 0.5612 1.185, 0.7228 0.5622 1.2244, 0.7874 0.5531 1.185, 0.7656 0.5542 1.2244, 0.7263 0.5615 1.2244, 0.8485 0.5612 1.185, 0.8092 0.5542 1.2244, 0.7874 0.5542 1.2244, 0.905 0.5856 1.2244, 0.8927 0.5779 1.2244, 0.9055 0.5848 1.185, 0.852 0.5622 1.2244, 0.8485 0.5615 1.2244, 0.9915 0.6715 1.2244, 0.9882 0.665 1.2244, 0.992 0.6713 1.185, 0.962 0.6302 1.2244, 0.9544 0.6223 1.185, 0.9539 0.6229 1.2244, 0.9298 0.6009 1.2244, 1.0077 0.704 1.2244, 1.0156 0.7282 1.185, 1.0146 0.7285 1.2244, 1.0196 0.746 1.2244, 1.0236 0.7894 1.185, 1.0236 0.7894 1.2244, 1.0196 0.8328 1.2244, 1.0156 0.8505 1.185, 1.0146 0.8502 1.2244, 0.9539 0.9558 1.2244, 0.962 0.9485 1.2244, 0.9544 0.9564 1.185, 0.9882 0.9137 1.2244, 0.992 0.9075 1.185, 0.9915 0.9072 1.2244, 1.0077 0.8747 1.2244, 0.9298 0.9779 1.2244, 0.9055 0.9939 1.185, 0.905 0.9932 1.2244, 0.8927 1.0008 1.2244, 0.8485 1.0175 1.185, 0.852 1.0166 1.2244, 0.7874 1.0256 1.185, 0.8092 1.0246 1.2244, 0.8485 1.0172 1.2244, 0.7263 1.0175 1.185, 0.7656 1.0246 1.2244, 0.7874 1.0246 1.2244, 0.6821 1.0008 1.2244, 0.7228 1.0166 1.2244, 0.7263 1.0172 1.2244, 0.6209 0.9558 1.2244, 0.6204 0.9564 1.185, 0.6128 0.9485 1.2244, 0.5828 0.9075 1.185, 0.5866 0.9137 1.2244, 0.5592 0.8505 1.185, 0.5671 0.8747 1.2244, 0.5833 0.9072 1.2244, 0.5512 0.7894 1.2244, 0.5552 0.8328 1.2244, 0.5602 0.8502 1.2244, 0.9055 0.7894 1.3425, 0.9035 0.8111 1.3425, 0.7874 0.7894 1.3425, 0.8878 0.7272 1.3425, 0.8975 0.7467 1.3425, 0.9035 0.7677 1.3425, 0.84 0.6836 1.3425, 0.8586 0.6951 1.3425, 0.8747 0.7098 1.3425, 0.7765 0.6718 1.3425, 0.7983 0.6718 1.3425, 0.8197 0.6758 1.3425, 0.7162 0.6951 1.3425, 0.7348 0.6836 1.3425, 0.7551 0.6758 1.3425, 0.6773 0.7467 1.3425, 0.687 0.7272 1.3425, 0.7001 0.7098 1.3425, 0.6713 0.8111 1.3425, 0.6693 0.7894 1.3425, 0.6713 0.7677 1.3425, 0.7001 0.8689 1.3425, 0.687 0.8515 1.3425, 0.6773 0.832 1.3425, 0.7551 0.903 1.3425, 0.7348 0.8951 1.3425, 0.7162 0.8836 1.3425, 0.8197 0.903 1.3425, 0.7983 0.907 1.3425, 0.7765 0.907 1.3425, 0.8747 0.8689 1.3425, 0.8586 0.8836 1.3425, 0.84 0.8951 1.3425, 0.8975 0.832 1.3425, 0.8878 0.8515 1.3425, 0.645 -0.5969 1.2244, 0.6698 -0.5816 1.2244, 0.6693 -0.5809 1.185, 0.5592 -0.8466 1.185, 0.5602 -0.8463 1.2244, 0.5552 -0.8288 1.2244, 0.5512 -0.7854 1.185, 0.6209 -0.9519 1.2244, 0.6128 -0.9446 1.2244, 0.6204 -0.9525 1.185, 0.5866 -0.9098 1.2244, 0.5828 -0.9035 1.185, 0.5833 -0.9033 1.2244, 0.5671 -0.8708 1.2244, 0.645 -0.9739 1.2244, 0.6693 -0.99 1.185, 0.6698 -0.9892 1.2244, 0.6821 -0.9969 1.2244, 0.7263 -1.0136 1.185, 0.7228 -1.0126 1.2244, 0.7874 -1.0217 1.185, 0.7656 -1.0206 1.2244, 0.7263 -1.0133 1.2244, 0.8485 -1.0136 1.185, 0.8092 -1.0206 1.2244, 0.7874 -1.0206 1.2244, 0.905 -0.9892 1.2244, 0.8927 -0.9969 1.2244, 0.9055 -0.99 1.185, 0.852 -1.0126 1.2244, 0.8485 -1.0133 1.2244, 0.9915 -0.9033 1.2244, 0.9882 -0.9098 1.2244, 0.992 -0.9035 1.185, 0.962 -0.9446 1.2244, 0.9544 -0.9525 1.185, 0.9539 -0.9519 1.2244, 0.9298 -0.9739 1.2244, 1.0077 -0.8708 1.2244, 1.0156 -0.8466 1.185, 1.0146 -0.8463 1.2244, 1.0196 -0.8288 1.2244, 1.0236 -0.7854 1.185, 1.0236 -0.7854 1.2244, 1.0196 -0.742 1.2244, 1.0156 -0.7243 1.185, 1.0146 -0.7246 1.2244, 0.9539 -0.619 1.2244, 0.962 -0.6263 1.2244, 0.9544 -0.6184 1.185, 0.9882 -0.6611 1.2244, 0.992 -0.6673 1.185, 0.9915 -0.6676 1.2244, 1.0077 -0.7001 1.2244, 0.9298 -0.5969 1.2244, 0.9055 -0.5809 1.185, 0.905 -0.5816 1.2244, 0.8927 -0.574 1.2244, 0.8485 -0.5573 1.185, 0.852 -0.5582 1.2244, 0.7874 -0.5492 1.185, 0.8092 -0.5502 1.2244, 0.8485 -0.5576 1.2244, 0.7263 -0.5573 1.185, 0.7656 -0.5502 1.2244, 0.7874 -0.5502 1.2244, 0.6821 -0.574 1.2244, 0.7228 -0.5582 1.2244, 0.7263 -0.5576 1.2244, 0.6209 -0.619 1.2244, 0.6204 -0.6184 1.185, 0.6128 -0.6263 1.2244, 0.5828 -0.6673 1.185, 0.5866 -0.6611 1.2244, 0.5592 -0.7243 1.185, 0.5671 -0.7001 1.2244, 0.5833 -0.6676 1.2244, 0.5512 -0.7854 1.2244, 0.5552 -0.742 1.2244, 0.5602 -0.7246 1.2244, 0.6693 -0.7854 1.3425, 0.6713 -0.8071 1.3425, 0.7874 -0.7854 1.3425, 0.687 -0.7233 1.3425, 0.6773 -0.7428 1.3425, 0.6713 -0.7637 1.3425, 0.7348 -0.6797 1.3425, 0.7162 -0.6912 1.3425, 0.7001 -0.7059 1.3425, 0.7983 -0.6678 1.3425, 0.7765 -0.6678 1.3425, 0.7551 -0.6718 1.3425, 0.8586 -0.6912 1.3425, 0.84 -0.6797 1.3425, 0.8197 -0.6718 1.3425, 0.8975 -0.7428 1.3425, 0.8878 -0.7233 1.3425, 0.8747 -0.7059 1.3425, 0.9035 -0.8071 1.3425, 0.9055 -0.7854 1.3425, 0.9035 -0.7637 1.3425, 0.8747 -0.865 1.3425, 0.8878 -0.8476 1.3425, 0.8975 -0.8281 1.3425, 0.8197 -0.899 1.3425, 0.84 -0.8912 1.3425, 0.8586 -0.8797 1.3425, 0.7551 -0.899 1.3425, 0.7765 -0.903 1.3425, 0.7983 -0.903 1.3425, 0.7001 -0.865 1.3425, 0.7162 -0.8797 1.3425, 0.7348 -0.8912 1.3425, 0.6773 -0.8281 1.3425, 0.687 -0.8476 1.3425, -0.9848 0.6671 1.255, -1.0039 0.7055 1.255, -0.959 0.6329 1.255, -0.9273 0.6041 1.255, -0.8909 0.5815 1.255, -0.8509 0.566 1.255, -0.8088 0.5582 1.255, -0.766 0.5582 1.255, -0.7239 0.566 1.255, -0.6839 0.5815 1.255, -0.6475 0.6041 1.255, -0.6158 0.6329 1.255, -0.59 0.6671 1.255, -0.5709 0.7055 1.255, -0.5592 0.7467 1.255, -0.5552 0.7894 1.255, -0.5592 0.832 1.255, -0.5709 0.8732 1.255, -0.59 0.9116 1.255, -0.6158 0.9458 1.255, -0.6475 0.9747 1.255, -0.6839 0.9972 1.255, -0.7239 1.0127 1.255, -0.766 1.0206 1.255, -0.8088 1.0206 1.255, -0.8509 1.0127 1.255, -0.8909 0.9972 1.255, -0.9273 0.9747 1.255, -0.959 0.9458 1.255, -0.9848 0.9116 1.255, -1.0039 0.8732 1.255, -1.0156 0.832 1.255, -1.0196 0.7894 1.255, -1.0156 0.7467 1.255, -1.004 0.8299 1.2835, -0.9929 0.869 1.2835, -0.9748 0.9054 1.2835, -0.9503 0.9379 1.2835, -0.9202 0.9653 1.2835, -0.8856 0.9867 1.2835, -0.8477 1.0014 1.2835, -0.8077 1.0088 1.2835, -0.7671 1.0088 1.2835, -0.7271 1.0014 1.2835, -0.6892 0.9867 1.2835, -0.6546 0.9653 1.2835, -0.6245 0.9379 1.2835, -0.6 0.9054 1.2835, -0.5819 0.869 1.2835, -0.5708 0.8299 1.2835, -0.567 0.7894 1.2835, -0.5708 0.7489 1.2835, -0.5819 0.7098 1.2835, -0.6 0.6733 1.2835, -0.6245 0.6409 1.2835, -0.6546 0.6135 1.2835, -0.6892 0.5921 1.2835, -0.7271 0.5774 1.2835, -0.7671 0.5699 1.2835, -0.8077 0.5699 1.2835, -0.8477 0.5774 1.2835, -0.8856 0.5921 1.2835, -0.9202 0.6135 1.2835, -0.9503 0.6409 1.2835, -0.9748 0.6733 1.2835, -0.9929 0.7098 1.2835, -1.004 0.7489 1.2835, -1.0078 0.7894 1.2835, -0.9856 0.8264 1.3079, -0.9754 0.8622 1.3079, -0.9588 0.8955 1.3079, -0.9364 0.9252 1.3079, -0.9089 0.9503 1.3079, -0.8773 0.9699 1.3079, -0.8426 0.9833 1.3079, -0.806 0.9901 1.3079, -0.7688 0.9901 1.3079, -0.7322 0.9833 1.3079, -0.6975 0.9699 1.3079, -0.6659 0.9503 1.3079, -0.6384 0.9252 1.3079, -0.616 0.8955 1.3079, -0.5994 0.8622 1.3079, -0.5892 0.8264 1.3079, -0.5858 0.7894 1.3079, -0.5892 0.7523 1.3079, -0.5994 0.7165 1.3079, -0.616 0.6832 1.3079, -0.6384 0.6535 1.3079, -0.6659 0.6285 1.3079, -0.6975 0.6089 1.3079, -0.7322 0.5954 1.3079, -0.7688 0.5886 1.3079, -0.806 0.5886 1.3079, -0.8426 0.5954 1.3079, -0.8773 0.6089 1.3079, -0.9089 0.6285 1.3079, -0.9364 0.6535 1.3079, -0.9588 0.6832 1.3079, -0.9754 0.7165 1.3079, -0.9856 0.7523 1.3079, -0.989 0.7894 1.3079, -0.9616 0.8219 1.3267, -0.9526 0.8534 1.3267, -0.938 0.8826 1.3267, -0.9183 0.9087 1.3267, -0.8942 0.9308 1.3267, -0.8664 0.948 1.3267, -0.8359 0.9598 1.3267, -0.8037 0.9658 1.3267, -0.7711 0.9658 1.3267, -0.7389 0.9598 1.3267, -0.7084 0.948 1.3267, -0.6806 0.9308 1.3267, -0.6565 0.9087 1.3267, -0.6368 0.8826 1.3267, -0.6222 0.8534 1.3267, -0.6133 0.8219 1.3267, -0.6102 0.7894 1.3267, -0.6133 0.7568 1.3267, -0.6222 0.7254 1.3267, -0.6368 0.6961 1.3267, -0.6565 0.67 1.3267, -0.6806 0.648 1.3267, -0.7084 0.6308 1.3267, -0.7389 0.619 1.3267, -0.7711 0.613 1.3267, -0.8037 0.613 1.3267, -0.8359 0.619 1.3267, -0.8664 0.6308 1.3267, -0.8942 0.648 1.3267, -0.9183 0.67 1.3267, -0.938 0.6961 1.3267, -0.9526 0.7254 1.3267, -0.9616 0.7568 1.3267, -0.9646 0.7894 1.3267, -0.9335 0.8167 1.3385, -0.926 0.8431 1.3385, -0.9138 0.8676 1.3385, -0.8973 0.8895 1.3385, -0.877 0.908 1.3385, -0.8537 0.9225 1.3385, -0.8281 0.9324 1.3385, -0.8011 0.9374 1.3385, -0.7737 0.9374 1.3385, -0.7467 0.9324 1.3385, -0.7211 0.9225 1.3385, -0.6978 0.908 1.3385, -0.6775 0.8895 1.3385, -0.661 0.8676 1.3385, -0.6488 0.8431 1.3385, -0.6413 0.8167 1.3385, -0.6387 0.7894 1.3385, -0.6413 0.7621 1.3385, -0.6488 0.7357 1.3385, -0.661 0.7111 1.3385, -0.6775 0.6892 1.3385, -0.6978 0.6707 1.3385, -0.7211 0.6563 1.3385, -0.7467 0.6464 1.3385, -0.7737 0.6413 1.3385, -0.8011 0.6413 1.3385, -0.8281 0.6464 1.3385, -0.8537 0.6563 1.3385, -0.877 0.6707 1.3385, -0.8973 0.6892 1.3385, -0.9138 0.7111 1.3385, -0.926 0.7357 1.3385, -0.9335 0.7621 1.3385, -0.9361 0.7894 1.3385, 1.0039 0.8732 1.255, 0.9848 0.9116 1.255, 0.9273 0.9747 1.255, 0.8909 0.9972 1.255, 0.8088 1.0206 1.255, 0.766 1.0206 1.255, 0.7239 1.0127 1.255, 0.6475 0.9747 1.255, 0.6158 0.9458 1.255, 0.5709 0.8732 1.255, 0.5592 0.832 1.255, 0.5709 0.7055 1.255, 0.59 0.6671 1.255, 0.6475 0.6041 1.255, 0.6839 0.5815 1.255, 0.766 0.5582 1.255, 0.8509 0.566 1.255, 0.9273 0.6041 1.255, 0.959 0.6329 1.255, 1.0039 0.7055 1.255, 1.0156 0.7467 1.255, 0.8011 0.6413 1.3385, 0.7737 0.6413 1.3385, 0.8037 0.613 1.3267, 0.7711 0.613 1.3267, 0.806 0.5886 1.3079, 0.7688 0.5886 1.3079, 0.8077 0.5699 1.2835, 0.7671 0.5699 1.2835, 0.8088 0.5582 1.255, 0.9361 0.7894 1.3385, 0.9335 0.7621 1.3385, 0.9646 0.7894 1.3267, 0.9616 0.7568 1.3267, 0.989 0.7894 1.3079, 0.9856 0.7523 1.3079, 1.0078 0.7894 1.2835, 1.004 0.7489 1.2835, 1.0196 0.7894 1.255, 0.9929 0.7098 1.2835, 0.9754 0.7165 1.3079, 0.9526 0.7254 1.3267, 0.926 0.7357 1.3385, 0.9848 0.6671 1.255, 0.9748 0.6733 1.2835, 0.9588 0.6832 1.3079, 0.938 0.6961 1.3267, 0.9138 0.7111 1.3385, 0.8973 0.6892 1.3385, 0.9183 0.67 1.3267, 0.9364 0.6535 1.3079, 0.9503 0.6409 1.2835, 0.9202 0.6135 1.2835, 0.9089 0.6285 1.3079, 0.8942 0.648 1.3267, 0.877 0.6707 1.3385, 0.8909 0.5815 1.255, 0.8856 0.5921 1.2835, 0.8773 0.6089 1.3079, 0.8664 0.6308 1.3267, 0.8537 0.6563 1.3385, 0.8281 0.6464 1.3385, 0.8359 0.619 1.3267, 0.8426 0.5954 1.3079, 0.8477 0.5774 1.2835, 0.7239 0.566 1.255, 0.7271 0.5774 1.2835, 0.7322 0.5954 1.3079, 0.7389 0.619 1.3267, 0.7467 0.6464 1.3385, 0.7211 0.6563 1.3385, 0.7084 0.6308 1.3267, 0.6975 0.6089 1.3079, 0.6892 0.5921 1.2835, 0.6546 0.6135 1.2835, 0.6659 0.6285 1.3079, 0.6806 0.648 1.3267, 0.6978 0.6707 1.3385, 0.6158 0.6329 1.255, 0.6245 0.6409 1.2835, 0.6384 0.6535 1.3079, 0.6565 0.67 1.3267, 0.6775 0.6892 1.3385, 0.661 0.7111 1.3385, 0.6368 0.6961 1.3267, 0.616 0.6832 1.3079, 0.6 0.6733 1.2835, 0.5819 0.7098 1.2835, 0.5994 0.7165 1.3079, 0.6222 0.7254 1.3267, 0.6488 0.7357 1.3385, 0.5592 0.7467 1.255, 0.5708 0.7489 1.2835, 0.5892 0.7523 1.3079, 0.6133 0.7568 1.3267, 0.6413 0.7621 1.3385, 0.6387 0.7894 1.3385, 0.6102 0.7894 1.3267, 0.5858 0.7894 1.3079, 0.567 0.7894 1.2835, 0.5552 0.7894 1.255, 0.6413 0.8167 1.3385, 0.6133 0.8219 1.3267, 0.5892 0.8264 1.3079, 0.5708 0.8299 1.2835, 0.5819 0.869 1.2835, 0.5994 0.8622 1.3079, 0.6222 0.8534 1.3267, 0.6488 0.8431 1.3385, 0.59 0.9116 1.255, 0.6 0.9054 1.2835, 0.616 0.8955 1.3079, 0.6368 0.8826 1.3267, 0.661 0.8676 1.3385, 0.6775 0.8895 1.3385, 0.6565 0.9087 1.3267, 0.6384 0.9252 1.3079, 0.6245 0.9379 1.2835, 0.6546 0.9653 1.2835, 0.6659 0.9503 1.3079, 0.6806 0.9308 1.3267, 0.6978 0.908 1.3385, 0.6839 0.9972 1.255, 0.6892 0.9867 1.2835, 0.6975 0.9699 1.3079, 0.7084 0.948 1.3267, 0.7211 0.9225 1.3385, 0.7467 0.9324 1.3385, 0.7389 0.9598 1.3267, 0.7322 0.9833 1.3079, 0.7271 1.0014 1.2835, 0.7671 1.0088 1.2835, 0.7688 0.9901 1.3079, 0.7711 0.9658 1.3267, 0.7737 0.9374 1.3385, 0.8077 1.0088 1.2835, 0.806 0.9901 1.3079, 0.8037 0.9658 1.3267, 0.8011 0.9374 1.3385, 0.8509 1.0127 1.255, 0.8477 1.0014 1.2835, 0.8426 0.9833 1.3079, 0.8359 0.9598 1.3267, 0.8281 0.9324 1.3385, 0.8537 0.9225 1.3385, 0.8664 0.948 1.3267, 0.8773 0.9699 1.3079, 0.8856 0.9867 1.2835, 0.9202 0.9653 1.2835, 0.9089 0.9503 1.3079, 0.8942 0.9308 1.3267, 0.877 0.908 1.3385, 0.959 0.9458 1.255, 0.9503 0.9379 1.2835, 0.9364 0.9252 1.3079, 0.9183 0.9087 1.3267, 0.8973 0.8895 1.3385, 0.9138 0.8676 1.3385, 0.938 0.8826 1.3267, 0.9588 0.8955 1.3079, 0.9748 0.9054 1.2835, 0.9929 0.869 1.2835, 0.9754 0.8622 1.3079, 0.9526 0.8534 1.3267, 0.926 0.8431 1.3385, 1.0156 0.832 1.255, 1.004 0.8299 1.2835, 0.9856 0.8264 1.3079, 0.9616 0.8219 1.3267, 0.9335 0.8167 1.3385, 0.59 -0.9077 1.255, 0.5709 -0.8693 1.255, 0.6158 -0.9419 1.255, 0.6475 -0.9707 1.255, 0.6839 -0.9933 1.255, 0.7239 -1.0088 1.255, 0.766 -1.0166 1.255, 0.8088 -1.0166 1.255, 0.8509 -1.0088 1.255, 0.8909 -0.9933 1.255, 0.9273 -0.9707 1.255, 0.959 -0.9419 1.255, 0.9848 -0.9077 1.255, 1.0039 -0.8693 1.255, 1.0156 -0.8281 1.255, 1.0196 -0.7854 1.255, 1.0156 -0.7428 1.255, 1.0039 -0.7016 1.255, 0.9848 -0.6632 1.255, 0.959 -0.629 1.255, 0.9273 -0.6001 1.255, 0.8909 -0.5776 1.255, 0.8509 -0.5621 1.255, 0.8088 -0.5542 1.255, 0.766 -0.5542 1.255, 0.7239 -0.5621 1.255, 0.6839 -0.5776 1.255, 0.6475 -0.6001 1.255, 0.6158 -0.629 1.255, 0.59 -0.6632 1.255, 0.5709 -0.7016 1.255, 0.5592 -0.7428 1.255, 0.5552 -0.7854 1.255, 0.5592 -0.8281 1.255, 0.5708 -0.7449 1.2835, 0.5819 -0.7058 1.2835, 0.6 -0.6694 1.2835, 0.6245 -0.637 1.2835, 0.6546 -0.6096 1.2835, 0.6892 -0.5881 1.2835, 0.7271 -0.5735 1.2835, 0.7671 -0.566 1.2835, 0.8077 -0.566 1.2835, 0.8477 -0.5735 1.2835, 0.8856 -0.5881 1.2835, 0.9202 -0.6096 1.2835, 0.9503 -0.637 1.2835, 0.9748 -0.6694 1.2835, 0.9929 -0.7058 1.2835, 1.004 -0.7449 1.2835, 1.0078 -0.7854 1.2835, 1.004 -0.8259 1.2835, 0.9929 -0.865 1.2835, 0.9748 -0.9015 1.2835, 0.9503 -0.9339 1.2835, 0.9202 -0.9613 1.2835, 0.8856 -0.9827 1.2835, 0.8477 -0.9974 1.2835, 0.8077 -1.0049 1.2835, 0.7671 -1.0049 1.2835, 0.7271 -0.9974 1.2835, 0.6892 -0.9827 1.2835, 0.6546 -0.9613 1.2835, 0.6245 -0.9339 1.2835, 0.6 -0.9015 1.2835, 0.5819 -0.865 1.2835, 0.5708 -0.8259 1.2835, 0.567 -0.7854 1.2835, 0.5892 -0.7484 1.3079, 0.5994 -0.7126 1.3079, 0.616 -0.6793 1.3079, 0.6384 -0.6496 1.3079, 0.6659 -0.6245 1.3079, 0.6975 -0.6049 1.3079, 0.7322 -0.5915 1.3079, 0.7688 -0.5847 1.3079, 0.806 -0.5847 1.3079, 0.8426 -0.5915 1.3079, 0.8773 -0.6049 1.3079, 0.9089 -0.6245 1.3079, 0.9364 -0.6496 1.3079, 0.9588 -0.6793 1.3079, 0.9754 -0.7126 1.3079, 0.9856 -0.7484 1.3079, 0.989 -0.7854 1.3079, 0.9856 -0.8225 1.3079, 0.9754 -0.8583 1.3079, 0.9588 -0.8916 1.3079, 0.9364 -0.9213 1.3079, 0.9089 -0.9463 1.3079, 0.8773 -0.9659 1.3079, 0.8426 -0.9794 1.3079, 0.806 -0.9862 1.3079, 0.7688 -0.9862 1.3079, 0.7322 -0.9794 1.3079, 0.6975 -0.9659 1.3079, 0.6659 -0.9463 1.3079, 0.6384 -0.9213 1.3079, 0.616 -0.8916 1.3079, 0.5994 -0.8583 1.3079, 0.5892 -0.8225 1.3079, 0.5858 -0.7854 1.3079, 0.6133 -0.7529 1.3267, 0.6222 -0.7214 1.3267, 0.6368 -0.6922 1.3267, 0.6565 -0.6661 1.3267, 0.6806 -0.6441 1.3267, 0.7084 -0.6268 1.3267, 0.7389 -0.615 1.3267, 0.7711 -0.609 1.3267, 0.8037 -0.609 1.3267, 0.8359 -0.615 1.3267, 0.8664 -0.6268 1.3267, 0.8942 -0.6441 1.3267, 0.9183 -0.6661 1.3267, 0.938 -0.6922 1.3267, 0.9526 -0.7214 1.3267, 0.9616 -0.7529 1.3267, 0.9646 -0.7854 1.3267, 0.9616 -0.818 1.3267, 0.9526 -0.8494 1.3267, 0.938 -0.8787 1.3267, 0.9183 -0.9048 1.3267, 0.8942 -0.9268 1.3267, 0.8664 -0.944 1.3267, 0.8359 -0.9558 1.3267, 0.8037 -0.9618 1.3267, 0.7711 -0.9618 1.3267, 0.7389 -0.9558 1.3267, 0.7084 -0.944 1.3267, 0.6806 -0.9268 1.3267, 0.6565 -0.9048 1.3267, 0.6368 -0.8787 1.3267, 0.6222 -0.8494 1.3267, 0.6133 -0.818 1.3267, 0.6102 -0.7854 1.3267, 0.6413 -0.7581 1.3385, 0.6488 -0.7317 1.3385, 0.661 -0.7072 1.3385, 0.6775 -0.6853 1.3385, 0.6978 -0.6668 1.3385, 0.7211 -0.6523 1.3385, 0.7467 -0.6424 1.3385, 0.7737 -0.6374 1.3385, 0.8011 -0.6374 1.3385, 0.8281 -0.6424 1.3385, 0.8537 -0.6523 1.3385, 0.877 -0.6668 1.3385, 0.8973 -0.6853 1.3385, 0.9138 -0.7072 1.3385, 0.926 -0.7317 1.3385, 0.9335 -0.7581 1.3385, 0.9361 -0.7854 1.3385, 0.9335 -0.8128 1.3385, 0.926 -0.8391 1.3385, 0.9138 -0.8637 1.3385, 0.8973 -0.8856 1.3385, 0.877 -0.9041 1.3385, 0.8537 -0.9185 1.3385, 0.8281 -0.9284 1.3385, 0.8011 -0.9335 1.3385, 0.7737 -0.9335 1.3385, 0.7467 -0.9284 1.3385, 0.7211 -0.9185 1.3385, 0.6978 -0.9041 1.3385, 0.6775 -0.8856 1.3385, 0.661 -0.8637 1.3385, 0.6488 -0.8391 1.3385, 0.6413 -0.8128 1.3385, 0.6387 -0.7854 1.3385, -0.5709 -0.7016 1.255, -0.59 -0.6632 1.255, -0.6475 -0.6001 1.255, -0.6839 -0.5776 1.255, -0.766 -0.5542 1.255, -0.8088 -0.5542 1.255, -0.8509 -0.5621 1.255, -0.9273 -0.6001 1.255, -0.959 -0.629 1.255, -1.0039 -0.7016 1.255, -1.0156 -0.7428 1.255, -1.0039 -0.8693 1.255, -0.9848 -0.9077 1.255, -0.9273 -0.9707 1.255, -0.8909 -0.9933 1.255, -0.8088 -1.0166 1.255, -0.7239 -1.0088 1.255, -0.6475 -0.9707 1.255, -0.6158 -0.9419 1.255, -0.5709 -0.8693 1.255, -0.5592 -0.8281 1.255, -0.7737 -0.9335 1.3385, -0.8011 -0.9335 1.3385, -0.7711 -0.9618 1.3267, -0.8037 -0.9618 1.3267, -0.7688 -0.9862 1.3079, -0.806 -0.9862 1.3079, -0.7671 -1.0049 1.2835, -0.8077 -1.0049 1.2835, -0.766 -1.0166 1.255, -0.6387 -0.7854 1.3385, -0.6413 -0.8128 1.3385, -0.6102 -0.7854 1.3267, -0.6133 -0.818 1.3267, -0.5858 -0.7854 1.3079, -0.5892 -0.8225 1.3079, -0.567 -0.7854 1.2835, -0.5708 -0.8259 1.2835, -0.5552 -0.7854 1.255, -0.5819 -0.865 1.2835, -0.5994 -0.8583 1.3079, -0.6222 -0.8494 1.3267, -0.6488 -0.8391 1.3385, -0.59 -0.9077 1.255, -0.6 -0.9015 1.2835, -0.616 -0.8916 1.3079, -0.6368 -0.8787 1.3267, -0.661 -0.8637 1.3385, -0.6775 -0.8856 1.3385, -0.6565 -0.9048 1.3267, -0.6384 -0.9213 1.3079, -0.6245 -0.9339 1.2835, -0.6546 -0.9613 1.2835, -0.6659 -0.9463 1.3079, -0.6806 -0.9268 1.3267, -0.6978 -0.9041 1.3385, -0.6839 -0.9933 1.255, -0.6892 -0.9827 1.2835, -0.6975 -0.9659 1.3079, -0.7084 -0.944 1.3267, -0.7211 -0.9185 1.3385, -0.7467 -0.9284 1.3385, -0.7389 -0.9558 1.3267, -0.7322 -0.9794 1.3079, -0.7271 -0.9974 1.2835, -0.8509 -1.0088 1.255, -0.8477 -0.9974 1.2835, -0.8426 -0.9794 1.3079, -0.8359 -0.9558 1.3267, -0.8281 -0.9284 1.3385, -0.8537 -0.9185 1.3385, -0.8664 -0.944 1.3267, -0.8773 -0.9659 1.3079, -0.8856 -0.9827 1.2835, -0.9202 -0.9613 1.2835, -0.9089 -0.9463 1.3079, -0.8942 -0.9268 1.3267, -0.877 -0.9041 1.3385, -0.959 -0.9419 1.255, -0.9503 -0.9339 1.2835, -0.9364 -0.9213 1.3079, -0.9183 -0.9048 1.3267, -0.8973 -0.8856 1.3385, -0.9138 -0.8637 1.3385, -0.938 -0.8787 1.3267, -0.9588 -0.8916 1.3079, -0.9748 -0.9015 1.2835, -0.9929 -0.865 1.2835, -0.9754 -0.8583 1.3079, -0.9526 -0.8494 1.3267, -0.926 -0.8391 1.3385, -1.0156 -0.8281 1.255, -1.004 -0.8259 1.2835, -0.9856 -0.8225 1.3079, -0.9616 -0.818 1.3267, -0.9335 -0.8128 1.3385, -0.9361 -0.7854 1.3385, -0.9646 -0.7854 1.3267, -0.989 -0.7854 1.3079, -1.0078 -0.7854 1.2835, -1.0196 -0.7854 1.255, -0.9335 -0.7581 1.3385, -0.9616 -0.7529 1.3267, -0.9856 -0.7484 1.3079, -1.004 -0.7449 1.2835, -0.9929 -0.7058 1.2835, -0.9754 -0.7126 1.3079, -0.9526 -0.7214 1.3267, -0.926 -0.7317 1.3385, -0.9848 -0.6632 1.255, -0.9748 -0.6694 1.2835, -0.9588 -0.6793 1.3079, -0.938 -0.6922 1.3267, -0.9138 -0.7072 1.3385, -0.8973 -0.6853 1.3385, -0.9183 -0.6661 1.3267, -0.9364 -0.6496 1.3079, -0.9503 -0.637 1.2835, -0.9202 -0.6096 1.2835, -0.9089 -0.6245 1.3079, -0.8942 -0.6441 1.3267, -0.877 -0.6668 1.3385, -0.8909 -0.5776 1.255, -0.8856 -0.5881 1.2835, -0.8773 -0.6049 1.3079, -0.8664 -0.6268 1.3267, -0.8537 -0.6523 1.3385, -0.8281 -0.6424 1.3385, -0.8359 -0.615 1.3267, -0.8426 -0.5915 1.3079, -0.8477 -0.5735 1.2835, -0.8077 -0.566 1.2835, -0.806 -0.5847 1.3079, -0.8037 -0.609 1.3267, -0.8011 -0.6374 1.3385, -0.7671 -0.566 1.2835, -0.7688 -0.5847 1.3079, -0.7711 -0.609 1.3267, -0.7737 -0.6374 1.3385, -0.7239 -0.5621 1.255, -0.7271 -0.5735 1.2835, -0.7322 -0.5915 1.3079, -0.7389 -0.615 1.3267, -0.7467 -0.6424 1.3385, -0.7211 -0.6523 1.3385, -0.7084 -0.6268 1.3267, -0.6975 -0.6049 1.3079, -0.6892 -0.5881 1.2835, -0.6546 -0.6096 1.2835, -0.6659 -0.6245 1.3079, -0.6806 -0.6441 1.3267, -0.6978 -0.6668 1.3385, -0.6158 -0.629 1.255, -0.6245 -0.637 1.2835, -0.6384 -0.6496 1.3079, -0.6565 -0.6661 1.3267, -0.6775 -0.6853 1.3385, -0.661 -0.7072 1.3385, -0.6368 -0.6922 1.3267, -0.616 -0.6793 1.3079, -0.6 -0.6694 1.2835, -0.5819 -0.7058 1.2835, -0.5994 -0.7126 1.3079, -0.6222 -0.7214 1.3267, -0.6488 -0.7317 1.3385, -0.5592 -0.7428 1.255, -0.5708 -0.7449 1.2835, -0.5892 -0.7484 1.3079, -0.6133 -0.7529 1.3267, -0.6413 -0.7581 1.3385, -0.8661 -0.5886 0.0039, -1.1811 -0.5886 0.0039, -1.1811 -0.3917 0.0039, 1.1811 -0.3917 0.0039, 0.8661 -0.5886 0.0039, 1.1811 -0.5886 0.0039, -0.4921 -0.5886 0.0039, -0.4921 -1.1791 0.0039, -0.8661 -1.1791 0.0039, 0.4921 -0.5886 0.0039, 0.4921 -1.1791 0.0039, 0.8661 -1.1791 0.0039, 1.1811 0.75 0.437, 1.1811 -0.7461 0.437, 1.1811 0.75 0.3189, 1.1811 -0.7461 0.3189, 1.1811 -1.0217 0.437, 1.1811 -1.1791 1.0276, 1.1811 -1.1791 0.2008, 1.1811 0.3957 0.2008, 1.1811 1.0256 0.3189, 1.1811 -0.3917 0.2008, 1.1811 -0.5886 0.2008, 1.1811 -1.0217 0.3189, 1.1811 1.1831 1.0276, 1.1811 1.0256 0.437, 1.1811 1.1831 0.2008, 1.1811 0.5925 0.2008, 1.1811 0.5925 0.0039, 1.1811 0.3957 0.0039, -0.8661 1.1831 0.2008, -1.1811 1.1831 0.2008, -1.1811 1.1831 1.0276, 0.8661 1.1831 0.2008, -0.4921 1.1831 0.2008, -0.4921 1.1831 0.0039, -0.8661 1.1831 0.0039, 0.4921 1.1831 0.2008, 0.4921 1.1831 0.0039, 0.8661 1.1831 0.0039, -1.1811 -0.7461 0.437, -1.1811 0.75 0.437, -1.1811 -0.7461 0.3189, -1.1811 0.75 0.3189, -1.1811 1.0256 0.437, -1.1811 -0.3917 0.2008, -1.1811 -1.0217 0.3189, -1.1811 0.3957 0.2008, -1.1811 0.5925 0.2008, -1.1811 0.3957 0.0039, -1.1811 0.5925 0.0039, -1.1811 1.0256 0.3189, -1.1811 -1.1791 1.0276, -1.1811 -1.0217 0.437, -1.1811 -1.1791 0.2008, -1.1811 -0.5886 0.2008, 0.8661 -1.1791 0.2008, -0.8661 -1.1791 0.2008, 0.4921 -1.1791 0.2008, -0.4921 -1.1791 0.2008, 0.689 0.002 1.0276, 0.6779 -0.1211 1.0276, 0.645 -0.2401 1.0276, 0.5915 -0.3514 1.0276, -0.1533 0.6737 1.0276, -0.0309 0.6903 1.0276, 0.5915 0.3553 1.0276, 0.645 0.2441 1.0276, 0.6779 0.125 1.0276, 0.0925 0.6847 1.0276, 0.2129 0.6572 1.0276, 0.3265 0.6087 1.0276, 0.5188 -0.4513 1.0276, 0.4296 -0.5367 1.0276, 0.3265 -0.6047 1.0276, -0.1533 -0.6697 1.0276, -0.2708 -0.6316 1.0276, -0.3796 -0.573 1.0276, 0.4296 0.5406 1.0276, 0.5188 0.4553 1.0276, -0.4761 -0.496 1.0276, -0.5574 -0.403 1.0276, -0.6207 -0.297 1.0276, 0.2129 -0.6533 1.0276, 0.0925 -0.6808 1.0276, -0.0309 -0.6863 1.0276, -0.6641 -0.1813 1.0276, -0.6862 -0.0598 1.0276, -0.6862 0.0637 1.0276, -0.6641 0.1853 1.0276, -0.6207 0.3009 1.0276, -0.5574 0.4069 1.0276, -0.4761 0.5 1.0276, -0.3796 0.577 1.0276, -0.2708 0.6355 1.0276, 0.4921 0.5925 0.0039, 0.8661 0.5925 0.0039, -0.8661 0.5925 0.0039, -0.4921 0.5925 0.0039, 0.6393 -0.1141 1.7756, 0.6083 -0.2263 1.7756, 0.5578 -0.3313 1.7756, 0.4893 -0.4255 1.7756, 0.4051 -0.506 1.7756, 0.3079 -0.5702 1.7756, 0.2008 -0.616 1.7756, 0.0872 -0.6419 1.7756, -0.0292 -0.6472 1.7756, -0.1446 -0.6315 1.7756, -0.2554 -0.5955 1.7756, -0.358 -0.5403 1.7756, -0.449 -0.4677 1.7756, -0.5257 -0.38 1.7756, -0.5854 -0.28 1.7756, -0.6264 -0.1709 1.7756, -0.6472 -0.0563 1.7756, -0.6472 0.0602 1.7756, -0.6264 0.1748 1.7756, -0.5854 0.2839 1.7756, -0.5257 0.3839 1.7756, -0.449 0.4716 1.7756, -0.358 0.5443 1.7756, -0.2554 0.5995 1.7756, -0.1446 0.6355 1.7756, -0.0292 0.6511 1.7756, 0.0872 0.6459 1.7756, 0.2008 0.6199 1.7756, 0.3079 0.5742 1.7756, 0.4051 0.51 1.7756, 0.4893 0.4295 1.7756, 0.5578 0.3352 1.7756, 0.6083 0.2303 1.7756, 0.6393 0.118 1.7756, 0.6498 0.002 1.7756, 0.0 0.002 1.7756
            ]
        }
        coordIndex [
            0,1,2,-1,3,4,5,-1,3,5,6,-1,7,8,9,-1,9,8,10,-1,9,10,11,-1,11,10,12,-1,11,12,3,-1,3,12,13,-1,3,13,4,-1,7,9,14,-1,14,9,15,-1,14,15,16,-1,16,15,17,-1,17,15,18,-1,17,18,19,-1,20,21,18,-1,18,21,22,-1,18,22,19,-1,23,24,20,-1,20,24,25,-1,20,25,21,-1,26,27,28,-1,28,27,29,-1,28,29,23,-1,23,29,30,-1,23,30,24,-1,31,32,33,-1,33,32,34,-1,33,34,35,-1,35,34,36,-1,35,36,28,-1,28,36,37,-1,28,37,26,-1,31,33,38,-1,38,33,39,-1,38,39,40,-1,40,39,41,-1,41,39,42,-1,41,42,43,-1,43,42,44,-1,44,42,45,-1,44,45,46,-1,47,48,49,-1,49,48,50,-1,49,50,51,-1,51,50,52,-1,51,52,45,-1,45,52,53,-1,45,53,46,-1,47,49,54,-1,54,49,55,-1,54,55,56,-1,56,55,57,-1,57,55,58,-1,57,58,59,-1,60,61,58,-1,58,61,62,-1,58,62,59,-1,63,64,60,-1,60,64,65,-1,60,65,61,-1,1,66,2,-1,2,66,67,-1,2,67,63,-1,63,67,68,-1,63,68,64,-1,0,2,69,-1,69,2,70,-1,69,70,71,-1,71,70,72,-1,71,72,73,-1,74,75,72,-1,72,75,76,-1,72,76,73,-1,5,77,6,-1,6,77,78,-1,6,78,74,-1,74,78,79,-1,74,79,75,-1,80,81,82,-1,83,84,82,-1,82,84,85,-1,82,85,80,-1,86,87,82,-1,82,87,88,-1,82,88,83,-1,89,90,82,-1,82,90,91,-1,82,91,86,-1,92,93,82,-1,82,93,94,-1,82,94,89,-1,95,96,82,-1,82,96,97,-1,82,97,92,-1,98,99,82,-1,82,99,100,-1,82,100,95,-1,101,102,82,-1,82,102,103,-1,82,103,98,-1,104,105,82,-1,82,105,106,-1,82,106,101,-1,107,108,82,-1,82,108,109,-1,82,109,104,-1,110,111,82,-1,82,111,112,-1,82,112,107,-1,81,113,82,-1,82,113,114,-1,82,114,110,-1,115,116,117,-1,118,119,120,-1,118,120,121,-1,122,123,124,-1,124,123,125,-1,124,125,126,-1,126,125,127,-1,126,127,118,-1,118,127,128,-1,118,128,119,-1,122,124,129,-1,129,124,130,-1,129,130,131,-1,131,130,132,-1,132,130,133,-1,132,133,134,-1,135,136,133,-1,133,136,137,-1,133,137,134,-1,138,139,135,-1,135,139,140,-1,135,140,136,-1,141,142,143,-1,143,142,144,-1,143,144,138,-1,138,144,145,-1,138,145,139,-1,146,147,148,-1,148,147,149,-1,148,149,150,-1,150,149,151,-1,150,151,143,-1,143,151,152,-1,143,152,141,-1,146,148,153,-1,153,148,154,-1,153,154,155,-1,155,154,156,-1,156,154,157,-1,156,157,158,-1,158,157,159,-1,159,157,160,-1,159,160,161,-1,162,163,164,-1,164,163,165,-1,164,165,166,-1,166,165,167,-1,166,167,160,-1,160,167,168,-1,160,168,161,-1,162,164,169,-1,169,164,170,-1,169,170,171,-1,171,170,172,-1,172,170,173,-1,172,173,174,-1,175,176,173,-1,173,176,177,-1,173,177,174,-1,178,179,175,-1,175,179,180,-1,175,180,176,-1,116,181,117,-1,117,181,182,-1,117,182,178,-1,178,182,183,-1,178,183,179,-1,115,117,184,-1,184,117,185,-1,184,185,186,-1,186,185,187,-1,186,187,188,-1,189,190,187,-1,187,190,191,-1,187,191,188,-1,120,192,121,-1,121,192,193,-1,121,193,189,-1,189,193,194,-1,189,194,190,-1,195,196,197,-1,198,199,197,-1,197,199,200,-1,197,200,195,-1,201,202,197,-1,197,202,203,-1,197,203,198,-1,204,205,197,-1,197,205,206,-1,197,206,201,-1,207,208,197,-1,197,208,209,-1,197,209,204,-1,210,211,197,-1,197,211,212,-1,197,212,207,-1,213,214,197,-1,197,214,215,-1,197,215,210,-1,216,217,197,-1,197,217,218,-1,197,218,213,-1,219,220,197,-1,197,220,221,-1,197,221,216,-1,222,223,197,-1,197,223,224,-1,197,224,219,-1,225,226,197,-1,197,226,227,-1,197,227,222,-1,196,228,197,-1,197,228,229,-1,197,229,225,-1,230,231,232,-1,233,234,235,-1,233,235,236,-1,237,238,239,-1,239,238,240,-1,239,240,241,-1,241,240,242,-1,241,242,233,-1,233,242,243,-1,233,243,234,-1,237,239,244,-1,244,239,245,-1,244,245,246,-1,246,245,247,-1,247,245,248,-1,247,248,249,-1,250,251,248,-1,248,251,252,-1,248,252,249,-1,253,254,250,-1,250,254,255,-1,250,255,251,-1,256,257,258,-1,258,257,259,-1,258,259,253,-1,253,259,260,-1,253,260,254,-1,261,262,263,-1,263,262,264,-1,263,264,265,-1,265,264,266,-1,265,266,258,-1,258,266,267,-1,258,267,256,-1,261,263,268,-1,268,263,269,-1,268,269,270,-1,270,269,271,-1,271,269,272,-1,271,272,273,-1,273,272,274,-1,274,272,275,-1,274,275,276,-1,277,278,279,-1,279,278,280,-1,279,280,281,-1,281,280,282,-1,281,282,275,-1,275,282,283,-1,275,283,276,-1,277,279,284,-1,284,279,285,-1,284,285,286,-1,286,285,287,-1,287,285,288,-1,287,288,289,-1,290,291,288,-1,288,291,292,-1,288,292,289,-1,293,294,290,-1,290,294,295,-1,290,295,291,-1,231,296,232,-1,232,296,297,-1,232,297,293,-1,293,297,298,-1,293,298,294,-1,230,232,299,-1,299,232,300,-1,299,300,301,-1,301,300,302,-1,301,302,303,-1,304,305,302,-1,302,305,306,-1,302,306,303,-1,235,307,236,-1,236,307,308,-1,236,308,304,-1,304,308,309,-1,304,309,305,-1,310,311,312,-1,313,314,312,-1,312,314,315,-1,312,315,310,-1,316,317,312,-1,312,317,318,-1,312,318,313,-1,319,320,312,-1,312,320,321,-1,312,321,316,-1,322,323,312,-1,312,323,324,-1,312,324,319,-1,325,326,312,-1,312,326,327,-1,312,327,322,-1,328,329,312,-1,312,329,330,-1,312,330,325,-1,331,332,312,-1,312,332,333,-1,312,333,328,-1,334,335,312,-1,312,335,336,-1,312,336,331,-1,337,338,312,-1,312,338,339,-1,312,339,334,-1,340,341,312,-1,312,341,342,-1,312,342,337,-1,311,343,312,-1,312,343,344,-1,312,344,340,-1,345,346,347,-1,348,349,350,-1,348,350,351,-1,352,353,354,-1,354,353,355,-1,354,355,356,-1,356,355,357,-1,356,357,348,-1,348,357,358,-1,348,358,349,-1,352,354,359,-1,359,354,360,-1,359,360,361,-1,361,360,362,-1,362,360,363,-1,362,363,364,-1,365,366,363,-1,363,366,367,-1,363,367,364,-1,368,369,365,-1,365,369,370,-1,365,370,366,-1,371,372,373,-1,373,372,374,-1,373,374,368,-1,368,374,375,-1,368,375,369,-1,376,377,378,-1,378,377,379,-1,378,379,380,-1,380,379,381,-1,380,381,373,-1,373,381,382,-1,373,382,371,-1,376,378,383,-1,383,378,384,-1,383,384,385,-1,385,384,386,-1,386,384,387,-1,386,387,388,-1,388,387,389,-1,389,387,390,-1,389,390,391,-1,392,393,394,-1,394,393,395,-1,394,395,396,-1,396,395,397,-1,396,397,390,-1,390,397,398,-1,390,398,391,-1,392,394,399,-1,399,394,400,-1,399,400,401,-1,401,400,402,-1,402,400,403,-1,402,403,404,-1,405,406,403,-1,403,406,407,-1,403,407,404,-1,408,409,405,-1,405,409,410,-1,405,410,406,-1,346,411,347,-1,347,411,412,-1,347,412,408,-1,408,412,413,-1,408,413,409,-1,345,347,414,-1,414,347,415,-1,414,415,416,-1,416,415,417,-1,416,417,418,-1,419,420,417,-1,417,420,421,-1,417,421,418,-1,350,422,351,-1,351,422,423,-1,351,423,419,-1,419,423,424,-1,419,424,420,-1,425,426,427,-1,428,429,427,-1,427,429,430,-1,427,430,425,-1,431,432,427,-1,427,432,433,-1,427,433,428,-1,434,435,427,-1,427,435,436,-1,427,436,431,-1,437,438,427,-1,427,438,439,-1,427,439,434,-1,440,441,427,-1,427,441,442,-1,427,442,437,-1,443,444,427,-1,427,444,445,-1,427,445,440,-1,446,447,427,-1,427,447,448,-1,427,448,443,-1,449,450,427,-1,427,450,451,-1,427,451,446,-1,452,453,427,-1,427,453,454,-1,427,454,449,-1,455,456,427,-1,427,456,457,-1,427,457,452,-1,426,458,427,-1,427,458,459,-1,427,459,455,-1,127,460,461,-1,127,125,460,-1,460,125,123,-1,460,123,462,-1,462,123,122,-1,462,122,463,-1,122,129,463,-1,463,129,131,-1,463,131,464,-1,131,132,464,-1,464,132,134,-1,464,134,465,-1,465,134,137,-1,465,137,466,-1,466,137,136,-1,466,136,467,-1,467,136,140,-1,140,139,467,-1,467,139,145,-1,467,145,468,-1,145,144,468,-1,468,144,142,-1,468,142,469,-1,469,142,141,-1,469,141,470,-1,141,152,470,-1,470,152,151,-1,470,151,471,-1,151,149,471,-1,471,149,147,-1,471,147,472,-1,472,147,146,-1,472,146,473,-1,146,153,473,-1,473,153,155,-1,473,155,474,-1,155,156,474,-1,474,156,158,-1,474,158,475,-1,475,158,159,-1,475,159,476,-1,476,159,161,-1,476,161,477,-1,161,168,477,-1,477,168,167,-1,477,167,478,-1,167,165,478,-1,478,165,163,-1,478,163,479,-1,479,163,162,-1,479,162,480,-1,162,169,480,-1,480,169,171,-1,480,171,481,-1,171,172,481,-1,481,172,174,-1,481,174,482,-1,482,174,177,-1,482,177,483,-1,483,177,176,-1,483,176,484,-1,484,176,180,-1,180,179,484,-1,484,179,183,-1,484,183,485,-1,183,182,485,-1,485,182,181,-1,485,181,486,-1,486,181,116,-1,486,116,487,-1,116,115,487,-1,487,115,184,-1,487,184,488,-1,184,186,488,-1,488,186,188,-1,488,188,489,-1,489,188,191,-1,489,191,490,-1,191,190,490,-1,490,190,194,-1,490,194,491,-1,194,193,491,-1,491,193,192,-1,491,192,492,-1,492,192,120,-1,492,120,493,-1,493,120,119,-1,493,119,461,-1,461,119,128,-1,461,128,127,-1,492,494,491,-1,491,494,495,-1,491,495,490,-1,490,495,496,-1,490,496,489,-1,489,496,497,-1,489,497,488,-1,488,497,498,-1,488,498,487,-1,487,498,499,-1,487,499,486,-1,486,499,500,-1,486,500,485,-1,485,500,501,-1,485,501,484,-1,484,501,502,-1,484,502,483,-1,483,502,503,-1,483,503,482,-1,482,503,504,-1,482,504,481,-1,481,504,505,-1,481,505,480,-1,480,505,506,-1,480,506,479,-1,479,506,507,-1,479,507,478,-1,478,507,508,-1,478,508,477,-1,477,508,509,-1,477,509,476,-1,476,509,510,-1,476,510,475,-1,475,510,511,-1,475,511,474,-1,474,511,512,-1,474,512,473,-1,473,512,513,-1,473,513,472,-1,472,513,514,-1,472,514,471,-1,471,514,515,-1,471,515,470,-1,470,515,516,-1,470,516,469,-1,469,516,517,-1,469,517,468,-1,468,517,518,-1,468,518,467,-1,467,518,519,-1,467,519,466,-1,466,519,520,-1,466,520,465,-1,465,520,521,-1,465,521,464,-1,464,521,522,-1,464,522,463,-1,463,522,523,-1,463,523,462,-1,462,523,524,-1,462,524,460,-1,460,524,525,-1,460,525,461,-1,461,525,526,-1,461,526,493,-1,493,526,527,-1,493,527,492,-1,492,527,494,-1,527,528,494,-1,494,528,529,-1,494,529,495,-1,495,529,530,-1,495,530,496,-1,496,530,531,-1,496,531,497,-1,497,531,532,-1,497,532,498,-1,498,532,533,-1,498,533,499,-1,499,533,534,-1,499,534,500,-1,500,534,535,-1,500,535,501,-1,501,535,536,-1,501,536,502,-1,502,536,537,-1,502,537,503,-1,503,537,538,-1,503,538,504,-1,504,538,539,-1,504,539,505,-1,505,539,540,-1,505,540,506,-1,506,540,541,-1,506,541,507,-1,507,541,542,-1,507,542,508,-1,508,542,543,-1,508,543,509,-1,509,543,544,-1,509,544,510,-1,510,544,545,-1,510,545,511,-1,511,545,546,-1,511,546,512,-1,512,546,547,-1,512,547,513,-1,513,547,548,-1,513,548,514,-1,514,548,549,-1,514,549,515,-1,515,549,550,-1,515,550,516,-1,516,550,551,-1,516,551,517,-1,517,551,552,-1,517,552,518,-1,518,552,553,-1,518,553,519,-1,519,553,554,-1,519,554,520,-1,520,554,555,-1,520,555,521,-1,521,555,556,-1,521,556,522,-1,522,556,557,-1,522,557,523,-1,523,557,558,-1,523,558,524,-1,524,558,559,-1,524,559,525,-1,525,559,560,-1,525,560,526,-1,526,560,561,-1,526,561,527,-1,527,561,528,-1,561,562,528,-1,528,562,563,-1,528,563,529,-1,529,563,564,-1,529,564,530,-1,530,564,565,-1,530,565,531,-1,531,565,566,-1,531,566,532,-1,532,566,567,-1,532,567,533,-1,533,567,568,-1,533,568,534,-1,534,568,569,-1,534,569,535,-1,535,569,570,-1,535,570,536,-1,536,570,571,-1,536,571,537,-1,537,571,572,-1,537,572,538,-1,538,572,573,-1,538,573,539,-1,539,573,574,-1,539,574,540,-1,540,574,575,-1,540,575,541,-1,541,575,576,-1,541,576,542,-1,542,576,577,-1,542,577,543,-1,543,577,578,-1,543,578,544,-1,544,578,579,-1,544,579,545,-1,545,579,580,-1,545,580,546,-1,546,580,581,-1,546,581,547,-1,547,581,582,-1,547,582,548,-1,548,582,583,-1,548,583,549,-1,549,583,584,-1,549,584,550,-1,550,584,585,-1,550,585,551,-1,551,585,586,-1,551,586,552,-1,552,586,587,-1,552,587,553,-1,553,587,588,-1,553,588,554,-1,554,588,589,-1,554,589,555,-1,555,589,590,-1,555,590,556,-1,556,590,591,-1,556,591,557,-1,557,591,592,-1,557,592,558,-1,558,592,593,-1,558,593,559,-1,559,593,594,-1,559,594,560,-1,560,594,595,-1,560,595,561,-1,561,595,562,-1,595,596,562,-1,562,596,597,-1,562,597,563,-1,563,597,598,-1,563,598,564,-1,564,598,599,-1,564,599,565,-1,565,599,600,-1,565,600,566,-1,566,600,601,-1,566,601,567,-1,567,601,602,-1,567,602,568,-1,568,602,603,-1,568,603,569,-1,569,603,604,-1,569,604,570,-1,570,604,605,-1,570,605,571,-1,571,605,606,-1,571,606,572,-1,572,606,607,-1,572,607,573,-1,573,607,608,-1,573,608,574,-1,574,608,609,-1,574,609,575,-1,575,609,610,-1,575,610,576,-1,576,610,611,-1,576,611,577,-1,577,611,612,-1,577,612,578,-1,578,612,613,-1,578,613,579,-1,579,613,614,-1,579,614,580,-1,580,614,615,-1,580,615,581,-1,581,615,616,-1,581,616,582,-1,582,616,617,-1,582,617,583,-1,583,617,618,-1,583,618,584,-1,584,618,619,-1,584,619,585,-1,585,619,620,-1,585,620,586,-1,586,620,621,-1,586,621,587,-1,587,621,622,-1,587,622,588,-1,588,622,623,-1,588,623,589,-1,589,623,624,-1,589,624,590,-1,590,624,625,-1,590,625,591,-1,591,625,626,-1,591,626,592,-1,592,626,627,-1,592,627,593,-1,593,627,628,-1,593,628,594,-1,594,628,629,-1,594,629,595,-1,595,629,596,-1,629,200,596,-1,596,200,199,-1,596,199,597,-1,597,199,198,-1,597,198,598,-1,598,198,203,-1,598,203,599,-1,599,203,202,-1,599,202,600,-1,600,202,201,-1,600,201,601,-1,601,201,206,-1,601,206,602,-1,602,206,205,-1,602,205,603,-1,603,205,204,-1,603,204,604,-1,604,204,209,-1,604,209,605,-1,605,209,208,-1,605,208,606,-1,606,208,207,-1,606,207,607,-1,607,207,212,-1,607,212,608,-1,608,212,211,-1,608,211,609,-1,609,211,210,-1,609,210,610,-1,610,210,215,-1,610,215,611,-1,611,215,214,-1,611,214,612,-1,612,214,213,-1,612,213,613,-1,613,213,218,-1,613,218,614,-1,614,218,217,-1,614,217,615,-1,615,217,216,-1,615,216,616,-1,616,216,221,-1,616,221,617,-1,617,221,220,-1,617,220,618,-1,618,220,219,-1,618,219,619,-1,619,219,224,-1,619,224,620,-1,620,224,223,-1,620,223,621,-1,621,223,222,-1,621,222,622,-1,622,222,227,-1,622,227,623,-1,623,227,226,-1,623,226,624,-1,624,226,225,-1,624,225,625,-1,625,225,229,-1,625,229,626,-1,626,229,228,-1,626,228,627,-1,627,228,196,-1,627,196,628,-1,628,196,195,-1,628,195,629,-1,629,195,200,-1,276,283,630,-1,282,280,631,-1,277,284,632,-1,286,287,633,-1,292,291,634,-1,295,294,635,-1,298,297,636,-1,231,230,637,-1,299,301,638,-1,306,305,639,-1,309,308,640,-1,234,243,641,-1,242,240,642,-1,237,244,643,-1,246,247,644,-1,252,251,645,-1,260,259,646,-1,256,267,647,-1,266,264,648,-1,261,268,649,-1,270,271,650,-1,320,319,651,-1,651,319,652,-1,651,652,653,-1,653,652,654,-1,653,654,655,-1,655,654,656,-1,655,656,657,-1,657,656,658,-1,657,658,659,-1,659,658,645,-1,310,315,660,-1,660,315,661,-1,660,661,662,-1,662,661,663,-1,662,663,664,-1,664,663,665,-1,664,665,666,-1,666,665,667,-1,666,667,668,-1,668,667,650,-1,668,650,273,-1,273,650,271,-1,268,270,649,-1,649,270,650,-1,649,650,669,-1,669,650,667,-1,669,667,670,-1,670,667,665,-1,670,665,671,-1,671,665,663,-1,671,663,672,-1,672,663,661,-1,672,661,314,-1,314,661,315,-1,262,261,673,-1,673,261,649,-1,673,649,674,-1,674,649,669,-1,674,669,675,-1,675,669,670,-1,675,670,676,-1,676,670,671,-1,676,671,677,-1,677,671,672,-1,677,672,313,-1,313,672,314,-1,313,318,677,-1,677,318,678,-1,677,678,676,-1,676,678,679,-1,676,679,675,-1,675,679,680,-1,675,680,674,-1,674,680,681,-1,674,681,673,-1,673,681,648,-1,673,648,262,-1,262,648,264,-1,267,266,647,-1,647,266,648,-1,647,648,682,-1,682,648,681,-1,682,681,683,-1,683,681,680,-1,683,680,684,-1,684,680,679,-1,684,679,685,-1,685,679,678,-1,685,678,317,-1,317,678,318,-1,257,256,686,-1,686,256,647,-1,686,647,687,-1,687,647,682,-1,687,682,688,-1,688,682,683,-1,688,683,689,-1,689,683,684,-1,689,684,690,-1,690,684,685,-1,690,685,316,-1,316,685,317,-1,316,321,690,-1,690,321,691,-1,690,691,689,-1,689,691,692,-1,689,692,688,-1,688,692,693,-1,688,693,687,-1,687,693,694,-1,687,694,686,-1,686,694,646,-1,686,646,257,-1,257,646,259,-1,254,260,659,-1,659,260,646,-1,659,646,657,-1,657,646,694,-1,657,694,655,-1,655,694,693,-1,655,693,653,-1,653,693,692,-1,653,692,651,-1,651,692,691,-1,651,691,320,-1,320,691,321,-1,645,251,659,-1,659,251,255,-1,659,255,254,-1,249,252,695,-1,695,252,645,-1,695,645,696,-1,696,645,658,-1,696,658,697,-1,697,658,656,-1,697,656,698,-1,698,656,654,-1,698,654,699,-1,699,654,652,-1,699,652,324,-1,324,652,319,-1,324,323,699,-1,699,323,700,-1,699,700,698,-1,698,700,701,-1,698,701,697,-1,697,701,702,-1,697,702,696,-1,696,702,703,-1,696,703,695,-1,695,703,644,-1,695,644,249,-1,249,644,247,-1,244,246,643,-1,643,246,644,-1,643,644,704,-1,704,644,703,-1,704,703,705,-1,705,703,702,-1,705,702,706,-1,706,702,701,-1,706,701,707,-1,707,701,700,-1,707,700,322,-1,322,700,323,-1,238,237,708,-1,708,237,643,-1,708,643,709,-1,709,643,704,-1,709,704,710,-1,710,704,705,-1,710,705,711,-1,711,705,706,-1,711,706,712,-1,712,706,707,-1,712,707,327,-1,327,707,322,-1,327,326,712,-1,712,326,713,-1,712,713,711,-1,711,713,714,-1,711,714,710,-1,710,714,715,-1,710,715,709,-1,709,715,716,-1,709,716,708,-1,708,716,642,-1,708,642,238,-1,238,642,240,-1,243,242,641,-1,641,242,642,-1,641,642,717,-1,717,642,716,-1,717,716,718,-1,718,716,715,-1,718,715,719,-1,719,715,714,-1,719,714,720,-1,720,714,713,-1,720,713,325,-1,325,713,326,-1,235,234,721,-1,721,234,641,-1,721,641,722,-1,722,641,717,-1,722,717,723,-1,723,717,718,-1,723,718,724,-1,724,718,719,-1,724,719,725,-1,725,719,720,-1,725,720,330,-1,330,720,325,-1,330,329,725,-1,725,329,726,-1,725,726,724,-1,724,726,727,-1,724,727,723,-1,723,727,728,-1,723,728,722,-1,722,728,729,-1,722,729,721,-1,721,729,730,-1,721,730,235,-1,235,730,307,-1,329,328,726,-1,726,328,731,-1,726,731,727,-1,727,731,732,-1,727,732,728,-1,728,732,733,-1,728,733,729,-1,729,733,734,-1,729,734,730,-1,730,734,640,-1,730,640,307,-1,307,640,308,-1,305,309,639,-1,639,309,640,-1,639,640,735,-1,735,640,734,-1,735,734,736,-1,736,734,733,-1,736,733,737,-1,737,733,732,-1,737,732,738,-1,738,732,731,-1,738,731,333,-1,333,731,328,-1,303,306,739,-1,739,306,639,-1,739,639,740,-1,740,639,735,-1,740,735,741,-1,741,735,736,-1,741,736,742,-1,742,736,737,-1,742,737,743,-1,743,737,738,-1,743,738,332,-1,332,738,333,-1,332,331,743,-1,743,331,744,-1,743,744,742,-1,742,744,745,-1,742,745,741,-1,741,745,746,-1,741,746,740,-1,740,746,747,-1,740,747,739,-1,739,747,638,-1,739,638,303,-1,303,638,301,-1,230,299,637,-1,637,299,638,-1,637,638,748,-1,748,638,747,-1,748,747,749,-1,749,747,746,-1,749,746,750,-1,750,746,745,-1,750,745,751,-1,751,745,744,-1,751,744,336,-1,336,744,331,-1,296,231,752,-1,752,231,637,-1,752,637,753,-1,753,637,748,-1,753,748,754,-1,754,748,749,-1,754,749,755,-1,755,749,750,-1,755,750,756,-1,756,750,751,-1,756,751,335,-1,335,751,336,-1,335,334,756,-1,756,334,757,-1,756,757,755,-1,755,757,758,-1,755,758,754,-1,754,758,759,-1,754,759,753,-1,753,759,760,-1,753,760,752,-1,752,760,636,-1,752,636,296,-1,296,636,297,-1,294,298,635,-1,635,298,636,-1,635,636,761,-1,761,636,760,-1,761,760,762,-1,762,760,759,-1,762,759,763,-1,763,759,758,-1,763,758,764,-1,764,758,757,-1,764,757,339,-1,339,757,334,-1,291,295,634,-1,634,295,635,-1,634,635,765,-1,765,635,761,-1,765,761,766,-1,766,761,762,-1,766,762,767,-1,767,762,763,-1,767,763,768,-1,768,763,764,-1,768,764,338,-1,338,764,339,-1,289,292,769,-1,769,292,634,-1,769,634,770,-1,770,634,765,-1,770,765,771,-1,771,765,766,-1,771,766,772,-1,772,766,767,-1,772,767,773,-1,773,767,768,-1,773,768,337,-1,337,768,338,-1,337,342,773,-1,773,342,774,-1,773,774,772,-1,772,774,775,-1,772,775,771,-1,771,775,776,-1,771,776,770,-1,770,776,777,-1,770,777,769,-1,769,777,633,-1,769,633,289,-1,289,633,287,-1,284,286,632,-1,632,286,633,-1,632,633,778,-1,778,633,777,-1,778,777,779,-1,779,777,776,-1,779,776,780,-1,780,776,775,-1,780,775,781,-1,781,775,774,-1,781,774,341,-1,341,774,342,-1,278,277,782,-1,782,277,632,-1,782,632,783,-1,783,632,778,-1,783,778,784,-1,784,778,779,-1,784,779,785,-1,785,779,780,-1,785,780,786,-1,786,780,781,-1,786,781,340,-1,340,781,341,-1,340,344,786,-1,786,344,787,-1,786,787,785,-1,785,787,788,-1,785,788,784,-1,784,788,789,-1,784,789,783,-1,783,789,790,-1,783,790,782,-1,782,790,631,-1,782,631,278,-1,278,631,280,-1,283,282,630,-1,630,282,631,-1,630,631,791,-1,791,631,790,-1,791,790,792,-1,792,790,789,-1,792,789,793,-1,793,789,788,-1,793,788,794,-1,794,788,787,-1,794,787,343,-1,343,787,344,-1,274,276,795,-1,795,276,630,-1,795,630,796,-1,796,630,791,-1,796,791,797,-1,797,791,792,-1,797,792,798,-1,798,792,793,-1,798,793,799,-1,799,793,794,-1,799,794,311,-1,311,794,343,-1,311,310,799,-1,799,310,660,-1,799,660,798,-1,798,660,662,-1,798,662,797,-1,797,662,664,-1,797,664,796,-1,796,664,666,-1,796,666,795,-1,795,666,668,-1,795,668,274,-1,274,668,273,-1,357,800,801,-1,357,355,800,-1,800,355,353,-1,800,353,802,-1,802,353,352,-1,802,352,803,-1,352,359,803,-1,803,359,361,-1,803,361,804,-1,361,362,804,-1,804,362,364,-1,804,364,805,-1,805,364,367,-1,805,367,806,-1,806,367,366,-1,806,366,807,-1,807,366,370,-1,370,369,807,-1,807,369,375,-1,807,375,808,-1,375,374,808,-1,808,374,372,-1,808,372,809,-1,809,372,371,-1,809,371,810,-1,371,382,810,-1,810,382,381,-1,810,381,811,-1,381,379,811,-1,811,379,377,-1,811,377,812,-1,812,377,376,-1,812,376,813,-1,376,383,813,-1,813,383,385,-1,813,385,814,-1,385,386,814,-1,814,386,388,-1,814,388,815,-1,815,388,389,-1,815,389,816,-1,816,389,391,-1,816,391,817,-1,391,398,817,-1,817,398,397,-1,817,397,818,-1,397,395,818,-1,818,395,393,-1,818,393,819,-1,819,393,392,-1,819,392,820,-1,392,399,820,-1,820,399,401,-1,820,401,821,-1,401,402,821,-1,821,402,404,-1,821,404,822,-1,822,404,407,-1,822,407,823,-1,823,407,406,-1,823,406,824,-1,824,406,410,-1,410,409,824,-1,824,409,413,-1,824,413,825,-1,413,412,825,-1,825,412,411,-1,825,411,826,-1,826,411,346,-1,826,346,827,-1,346,345,827,-1,827,345,414,-1,827,414,828,-1,414,416,828,-1,828,416,418,-1,828,418,829,-1,829,418,421,-1,829,421,830,-1,421,420,830,-1,830,420,424,-1,830,424,831,-1,424,423,831,-1,831,423,422,-1,831,422,832,-1,832,422,350,-1,832,350,833,-1,833,350,349,-1,833,349,801,-1,801,349,358,-1,801,358,357,-1,832,834,831,-1,831,834,835,-1,831,835,830,-1,830,835,836,-1,830,836,829,-1,829,836,837,-1,829,837,828,-1,828,837,838,-1,828,838,827,-1,827,838,839,-1,827,839,826,-1,826,839,840,-1,826,840,825,-1,825,840,841,-1,825,841,824,-1,824,841,842,-1,824,842,823,-1,823,842,843,-1,823,843,822,-1,822,843,844,-1,822,844,821,-1,821,844,845,-1,821,845,820,-1,820,845,846,-1,820,846,819,-1,819,846,847,-1,819,847,818,-1,818,847,848,-1,818,848,817,-1,817,848,849,-1,817,849,816,-1,816,849,850,-1,816,850,815,-1,815,850,851,-1,815,851,814,-1,814,851,852,-1,814,852,813,-1,813,852,853,-1,813,853,812,-1,812,853,854,-1,812,854,811,-1,811,854,855,-1,811,855,810,-1,810,855,856,-1,810,856,809,-1,809,856,857,-1,809,857,808,-1,808,857,858,-1,808,858,807,-1,807,858,859,-1,807,859,806,-1,806,859,860,-1,806,860,805,-1,805,860,861,-1,805,861,804,-1,804,861,862,-1,804,862,803,-1,803,862,863,-1,803,863,802,-1,802,863,864,-1,802,864,800,-1,800,864,865,-1,800,865,801,-1,801,865,866,-1,801,866,833,-1,833,866,867,-1,833,867,832,-1,832,867,834,-1,867,868,834,-1,834,868,869,-1,834,869,835,-1,835,869,870,-1,835,870,836,-1,836,870,871,-1,836,871,837,-1,837,871,872,-1,837,872,838,-1,838,872,873,-1,838,873,839,-1,839,873,874,-1,839,874,840,-1,840,874,875,-1,840,875,841,-1,841,875,876,-1,841,876,842,-1,842,876,877,-1,842,877,843,-1,843,877,878,-1,843,878,844,-1,844,878,879,-1,844,879,845,-1,845,879,880,-1,845,880,846,-1,846,880,881,-1,846,881,847,-1,847,881,882,-1,847,882,848,-1,848,882,883,-1,848,883,849,-1,849,883,884,-1,849,884,850,-1,850,884,885,-1,850,885,851,-1,851,885,886,-1,851,886,852,-1,852,886,887,-1,852,887,853,-1,853,887,888,-1,853,888,854,-1,854,888,889,-1,854,889,855,-1,855,889,890,-1,855,890,856,-1,856,890,891,-1,856,891,857,-1,857,891,892,-1,857,892,858,-1,858,892,893,-1,858,893,859,-1,859,893,894,-1,859,894,860,-1,860,894,895,-1,860,895,861,-1,861,895,896,-1,861,896,862,-1,862,896,897,-1,862,897,863,-1,863,897,898,-1,863,898,864,-1,864,898,899,-1,864,899,865,-1,865,899,900,-1,865,900,866,-1,866,900,901,-1,866,901,867,-1,867,901,868,-1,901,902,868,-1,868,902,903,-1,868,903,869,-1,869,903,904,-1,869,904,870,-1,870,904,905,-1,870,905,871,-1,871,905,906,-1,871,906,872,-1,872,906,907,-1,872,907,873,-1,873,907,908,-1,873,908,874,-1,874,908,909,-1,874,909,875,-1,875,909,910,-1,875,910,876,-1,876,910,911,-1,876,911,877,-1,877,911,912,-1,877,912,878,-1,878,912,913,-1,878,913,879,-1,879,913,914,-1,879,914,880,-1,880,914,915,-1,880,915,881,-1,881,915,916,-1,881,916,882,-1,882,916,917,-1,882,917,883,-1,883,917,918,-1,883,918,884,-1,884,918,919,-1,884,919,885,-1,885,919,920,-1,885,920,886,-1,886,920,921,-1,886,921,887,-1,887,921,922,-1,887,922,888,-1,888,922,923,-1,888,923,889,-1,889,923,924,-1,889,924,890,-1,890,924,925,-1,890,925,891,-1,891,925,926,-1,891,926,892,-1,892,926,927,-1,892,927,893,-1,893,927,928,-1,893,928,894,-1,894,928,929,-1,894,929,895,-1,895,929,930,-1,895,930,896,-1,896,930,931,-1,896,931,897,-1,897,931,932,-1,897,932,898,-1,898,932,933,-1,898,933,899,-1,899,933,934,-1,899,934,900,-1,900,934,935,-1,900,935,901,-1,901,935,902,-1,935,936,902,-1,902,936,937,-1,902,937,903,-1,903,937,938,-1,903,938,904,-1,904,938,939,-1,904,939,905,-1,905,939,940,-1,905,940,906,-1,906,940,941,-1,906,941,907,-1,907,941,942,-1,907,942,908,-1,908,942,943,-1,908,943,909,-1,909,943,944,-1,909,944,910,-1,910,944,945,-1,910,945,911,-1,911,945,946,-1,911,946,912,-1,912,946,947,-1,912,947,913,-1,913,947,948,-1,913,948,914,-1,914,948,949,-1,914,949,915,-1,915,949,950,-1,915,950,916,-1,916,950,951,-1,916,951,917,-1,917,951,952,-1,917,952,918,-1,918,952,953,-1,918,953,919,-1,919,953,954,-1,919,954,920,-1,920,954,955,-1,920,955,921,-1,921,955,956,-1,921,956,922,-1,922,956,957,-1,922,957,923,-1,923,957,958,-1,923,958,924,-1,924,958,959,-1,924,959,925,-1,925,959,960,-1,925,960,926,-1,926,960,961,-1,926,961,927,-1,927,961,962,-1,927,962,928,-1,928,962,963,-1,928,963,929,-1,929,963,964,-1,929,964,930,-1,930,964,965,-1,930,965,931,-1,931,965,966,-1,931,966,932,-1,932,966,967,-1,932,967,933,-1,933,967,968,-1,933,968,934,-1,934,968,969,-1,934,969,935,-1,935,969,936,-1,969,430,936,-1,936,430,429,-1,936,429,937,-1,937,429,428,-1,937,428,938,-1,938,428,433,-1,938,433,939,-1,939,433,432,-1,939,432,940,-1,940,432,431,-1,940,431,941,-1,941,431,436,-1,941,436,942,-1,942,436,435,-1,942,435,943,-1,943,435,434,-1,943,434,944,-1,944,434,439,-1,944,439,945,-1,945,439,438,-1,945,438,946,-1,946,438,437,-1,946,437,947,-1,947,437,442,-1,947,442,948,-1,948,442,441,-1,948,441,949,-1,949,441,440,-1,949,440,950,-1,950,440,445,-1,950,445,951,-1,951,445,444,-1,951,444,952,-1,952,444,443,-1,952,443,953,-1,953,443,448,-1,953,448,954,-1,954,448,447,-1,954,447,955,-1,955,447,446,-1,955,446,956,-1,956,446,451,-1,956,451,957,-1,957,451,450,-1,957,450,958,-1,958,450,449,-1,958,449,959,-1,959,449,454,-1,959,454,960,-1,960,454,453,-1,960,453,961,-1,961,453,452,-1,961,452,962,-1,962,452,457,-1,962,457,963,-1,963,457,456,-1,963,456,964,-1,964,456,455,-1,964,455,965,-1,965,455,459,-1,965,459,966,-1,966,459,458,-1,966,458,967,-1,967,458,426,-1,967,426,968,-1,968,426,425,-1,968,425,969,-1,969,425,430,-1,46,53,970,-1,52,50,971,-1,47,54,972,-1,56,57,973,-1,62,61,974,-1,65,64,975,-1,68,67,976,-1,1,0,977,-1,69,71,978,-1,76,75,979,-1,79,78,980,-1,4,13,981,-1,12,10,982,-1,7,14,983,-1,16,17,984,-1,22,21,985,-1,30,29,986,-1,26,37,987,-1,36,34,988,-1,31,38,989,-1,40,41,990,-1,90,89,991,-1,991,89,992,-1,991,992,993,-1,993,992,994,-1,993,994,995,-1,995,994,996,-1,995,996,997,-1,997,996,998,-1,997,998,999,-1,999,998,985,-1,80,85,1000,-1,1000,85,1001,-1,1000,1001,1002,-1,1002,1001,1003,-1,1002,1003,1004,-1,1004,1003,1005,-1,1004,1005,1006,-1,1006,1005,1007,-1,1006,1007,1008,-1,1008,1007,990,-1,1008,990,43,-1,43,990,41,-1,38,40,989,-1,989,40,990,-1,989,990,1009,-1,1009,990,1007,-1,1009,1007,1010,-1,1010,1007,1005,-1,1010,1005,1011,-1,1011,1005,1003,-1,1011,1003,1012,-1,1012,1003,1001,-1,1012,1001,84,-1,84,1001,85,-1,32,31,1013,-1,1013,31,989,-1,1013,989,1014,-1,1014,989,1009,-1,1014,1009,1015,-1,1015,1009,1010,-1,1015,1010,1016,-1,1016,1010,1011,-1,1016,1011,1017,-1,1017,1011,1012,-1,1017,1012,83,-1,83,1012,84,-1,83,88,1017,-1,1017,88,1018,-1,1017,1018,1016,-1,1016,1018,1019,-1,1016,1019,1015,-1,1015,1019,1020,-1,1015,1020,1014,-1,1014,1020,1021,-1,1014,1021,1013,-1,1013,1021,988,-1,1013,988,32,-1,32,988,34,-1,37,36,987,-1,987,36,988,-1,987,988,1022,-1,1022,988,1021,-1,1022,1021,1023,-1,1023,1021,1020,-1,1023,1020,1024,-1,1024,1020,1019,-1,1024,1019,1025,-1,1025,1019,1018,-1,1025,1018,87,-1,87,1018,88,-1,27,26,1026,-1,1026,26,987,-1,1026,987,1027,-1,1027,987,1022,-1,1027,1022,1028,-1,1028,1022,1023,-1,1028,1023,1029,-1,1029,1023,1024,-1,1029,1024,1030,-1,1030,1024,1025,-1,1030,1025,86,-1,86,1025,87,-1,86,91,1030,-1,1030,91,1031,-1,1030,1031,1029,-1,1029,1031,1032,-1,1029,1032,1028,-1,1028,1032,1033,-1,1028,1033,1027,-1,1027,1033,1034,-1,1027,1034,1026,-1,1026,1034,986,-1,1026,986,27,-1,27,986,29,-1,24,30,999,-1,999,30,986,-1,999,986,997,-1,997,986,1034,-1,997,1034,995,-1,995,1034,1033,-1,995,1033,993,-1,993,1033,1032,-1,993,1032,991,-1,991,1032,1031,-1,991,1031,90,-1,90,1031,91,-1,985,21,999,-1,999,21,25,-1,999,25,24,-1,19,22,1035,-1,1035,22,985,-1,1035,985,1036,-1,1036,985,998,-1,1036,998,1037,-1,1037,998,996,-1,1037,996,1038,-1,1038,996,994,-1,1038,994,1039,-1,1039,994,992,-1,1039,992,94,-1,94,992,89,-1,94,93,1039,-1,1039,93,1040,-1,1039,1040,1038,-1,1038,1040,1041,-1,1038,1041,1037,-1,1037,1041,1042,-1,1037,1042,1036,-1,1036,1042,1043,-1,1036,1043,1035,-1,1035,1043,984,-1,1035,984,19,-1,19,984,17,-1,14,16,983,-1,983,16,984,-1,983,984,1044,-1,1044,984,1043,-1,1044,1043,1045,-1,1045,1043,1042,-1,1045,1042,1046,-1,1046,1042,1041,-1,1046,1041,1047,-1,1047,1041,1040,-1,1047,1040,92,-1,92,1040,93,-1,8,7,1048,-1,1048,7,983,-1,1048,983,1049,-1,1049,983,1044,-1,1049,1044,1050,-1,1050,1044,1045,-1,1050,1045,1051,-1,1051,1045,1046,-1,1051,1046,1052,-1,1052,1046,1047,-1,1052,1047,97,-1,97,1047,92,-1,97,96,1052,-1,1052,96,1053,-1,1052,1053,1051,-1,1051,1053,1054,-1,1051,1054,1050,-1,1050,1054,1055,-1,1050,1055,1049,-1,1049,1055,1056,-1,1049,1056,1048,-1,1048,1056,982,-1,1048,982,8,-1,8,982,10,-1,13,12,981,-1,981,12,982,-1,981,982,1057,-1,1057,982,1056,-1,1057,1056,1058,-1,1058,1056,1055,-1,1058,1055,1059,-1,1059,1055,1054,-1,1059,1054,1060,-1,1060,1054,1053,-1,1060,1053,95,-1,95,1053,96,-1,5,4,1061,-1,1061,4,981,-1,1061,981,1062,-1,1062,981,1057,-1,1062,1057,1063,-1,1063,1057,1058,-1,1063,1058,1064,-1,1064,1058,1059,-1,1064,1059,1065,-1,1065,1059,1060,-1,1065,1060,100,-1,100,1060,95,-1,100,99,1065,-1,1065,99,1066,-1,1065,1066,1064,-1,1064,1066,1067,-1,1064,1067,1063,-1,1063,1067,1068,-1,1063,1068,1062,-1,1062,1068,1069,-1,1062,1069,1061,-1,1061,1069,1070,-1,1061,1070,5,-1,5,1070,77,-1,99,98,1066,-1,1066,98,1071,-1,1066,1071,1067,-1,1067,1071,1072,-1,1067,1072,1068,-1,1068,1072,1073,-1,1068,1073,1069,-1,1069,1073,1074,-1,1069,1074,1070,-1,1070,1074,980,-1,1070,980,77,-1,77,980,78,-1,75,79,979,-1,979,79,980,-1,979,980,1075,-1,1075,980,1074,-1,1075,1074,1076,-1,1076,1074,1073,-1,1076,1073,1077,-1,1077,1073,1072,-1,1077,1072,1078,-1,1078,1072,1071,-1,1078,1071,103,-1,103,1071,98,-1,73,76,1079,-1,1079,76,979,-1,1079,979,1080,-1,1080,979,1075,-1,1080,1075,1081,-1,1081,1075,1076,-1,1081,1076,1082,-1,1082,1076,1077,-1,1082,1077,1083,-1,1083,1077,1078,-1,1083,1078,102,-1,102,1078,103,-1,102,101,1083,-1,1083,101,1084,-1,1083,1084,1082,-1,1082,1084,1085,-1,1082,1085,1081,-1,1081,1085,1086,-1,1081,1086,1080,-1,1080,1086,1087,-1,1080,1087,1079,-1,1079,1087,978,-1,1079,978,73,-1,73,978,71,-1,0,69,977,-1,977,69,978,-1,977,978,1088,-1,1088,978,1087,-1,1088,1087,1089,-1,1089,1087,1086,-1,1089,1086,1090,-1,1090,1086,1085,-1,1090,1085,1091,-1,1091,1085,1084,-1,1091,1084,106,-1,106,1084,101,-1,66,1,1092,-1,1092,1,977,-1,1092,977,1093,-1,1093,977,1088,-1,1093,1088,1094,-1,1094,1088,1089,-1,1094,1089,1095,-1,1095,1089,1090,-1,1095,1090,1096,-1,1096,1090,1091,-1,1096,1091,105,-1,105,1091,106,-1,105,104,1096,-1,1096,104,1097,-1,1096,1097,1095,-1,1095,1097,1098,-1,1095,1098,1094,-1,1094,1098,1099,-1,1094,1099,1093,-1,1093,1099,1100,-1,1093,1100,1092,-1,1092,1100,976,-1,1092,976,66,-1,66,976,67,-1,64,68,975,-1,975,68,976,-1,975,976,1101,-1,1101,976,1100,-1,1101,1100,1102,-1,1102,1100,1099,-1,1102,1099,1103,-1,1103,1099,1098,-1,1103,1098,1104,-1,1104,1098,1097,-1,1104,1097,109,-1,109,1097,104,-1,61,65,974,-1,974,65,975,-1,974,975,1105,-1,1105,975,1101,-1,1105,1101,1106,-1,1106,1101,1102,-1,1106,1102,1107,-1,1107,1102,1103,-1,1107,1103,1108,-1,1108,1103,1104,-1,1108,1104,108,-1,108,1104,109,-1,59,62,1109,-1,1109,62,974,-1,1109,974,1110,-1,1110,974,1105,-1,1110,1105,1111,-1,1111,1105,1106,-1,1111,1106,1112,-1,1112,1106,1107,-1,1112,1107,1113,-1,1113,1107,1108,-1,1113,1108,107,-1,107,1108,108,-1,107,112,1113,-1,1113,112,1114,-1,1113,1114,1112,-1,1112,1114,1115,-1,1112,1115,1111,-1,1111,1115,1116,-1,1111,1116,1110,-1,1110,1116,1117,-1,1110,1117,1109,-1,1109,1117,973,-1,1109,973,59,-1,59,973,57,-1,54,56,972,-1,972,56,973,-1,972,973,1118,-1,1118,973,1117,-1,1118,1117,1119,-1,1119,1117,1116,-1,1119,1116,1120,-1,1120,1116,1115,-1,1120,1115,1121,-1,1121,1115,1114,-1,1121,1114,111,-1,111,1114,112,-1,48,47,1122,-1,1122,47,972,-1,1122,972,1123,-1,1123,972,1118,-1,1123,1118,1124,-1,1124,1118,1119,-1,1124,1119,1125,-1,1125,1119,1120,-1,1125,1120,1126,-1,1126,1120,1121,-1,1126,1121,110,-1,110,1121,111,-1,110,114,1126,-1,1126,114,1127,-1,1126,1127,1125,-1,1125,1127,1128,-1,1125,1128,1124,-1,1124,1128,1129,-1,1124,1129,1123,-1,1123,1129,1130,-1,1123,1130,1122,-1,1122,1130,971,-1,1122,971,48,-1,48,971,50,-1,53,52,970,-1,970,52,971,-1,970,971,1131,-1,1131,971,1130,-1,1131,1130,1132,-1,1132,1130,1129,-1,1132,1129,1133,-1,1133,1129,1128,-1,1133,1128,1134,-1,1134,1128,1127,-1,1134,1127,113,-1,113,1127,114,-1,44,46,1135,-1,1135,46,970,-1,1135,970,1136,-1,1136,970,1131,-1,1136,1131,1137,-1,1137,1131,1132,-1,1137,1132,1138,-1,1138,1132,1133,-1,1138,1133,1139,-1,1139,1133,1134,-1,1139,1134,81,-1,81,1134,113,-1,81,80,1139,-1,1139,80,1000,-1,1139,1000,1138,-1,1138,1000,1002,-1,1138,1002,1137,-1,1137,1002,1004,-1,1137,1004,1136,-1,1136,1004,1006,-1,1136,1006,1135,-1,1135,1006,1008,-1,1135,1008,44,-1,44,1008,43,-1,1140,1141,1142,-1,1142,1143,1144,-1,1144,1143,1145,-1,1146,1147,1148,-1,1148,1140,1146,-1,1146,1140,1142,-1,1146,1142,1149,-1,1149,1142,1144,-1,1149,1144,1150,-1,1150,1144,1151,-1,1152,1153,1154,-1,1154,1153,1155,-1,1156,1157,1158,-1,1159,1160,1161,-1,1161,1160,1162,-1,1161,1162,1143,-1,1143,1162,1145,-1,1160,1154,1162,-1,1162,1154,1155,-1,1162,1155,1158,-1,1158,1155,1163,-1,1158,1163,1156,-1,1156,1153,1157,-1,1157,1153,1152,-1,1157,1152,1164,-1,1164,1152,1165,-1,1164,1165,1166,-1,1166,1165,1160,-1,1166,1160,1167,-1,1167,1160,1159,-1,1167,1159,1168,-1,1168,1159,1169,-1,1170,1171,1172,-1,1164,1166,1172,-1,1172,1166,1173,-1,1174,1175,1176,-1,1176,1170,1174,-1,1174,1170,1172,-1,1174,1172,1177,-1,1177,1172,1173,-1,1177,1173,1178,-1,1178,1173,1179,-1,1180,1181,1182,-1,1182,1181,1183,-1,1184,1172,1171,-1,1185,1186,1187,-1,1187,1186,1188,-1,1187,1188,1189,-1,1189,1188,1190,-1,1186,1182,1188,-1,1188,1182,1183,-1,1188,1183,1171,-1,1171,1183,1191,-1,1171,1191,1184,-1,1184,1181,1172,-1,1172,1181,1180,-1,1172,1180,1192,-1,1192,1180,1193,-1,1192,1193,1194,-1,1194,1193,1186,-1,1194,1186,1195,-1,1195,1186,1185,-1,1195,1185,1141,-1,1141,1185,1142,-1,1196,1158,1157,-1,1192,1194,1157,-1,1157,1194,1197,-1,1198,1150,1151,-1,1151,1196,1198,-1,1198,1196,1157,-1,1198,1157,1199,-1,1199,1157,1197,-1,1199,1197,1147,-1,1147,1197,1148,-1,1157,1164,1200,-1,1200,1201,1157,-1,1157,1201,1202,-1,1157,1202,1203,-1,1172,1204,1205,-1,1206,1207,1164,-1,1164,1207,1208,-1,1164,1208,1200,-1,1172,1205,1164,-1,1205,1209,1164,-1,1164,1209,1210,-1,1164,1210,1211,-1,1203,1212,1157,-1,1157,1212,1213,-1,1157,1213,1214,-1,1215,1216,1192,-1,1192,1216,1217,-1,1211,1218,1164,-1,1164,1218,1219,-1,1164,1219,1206,-1,1217,1220,1192,-1,1192,1220,1221,-1,1192,1221,1222,-1,1214,1223,1157,-1,1157,1223,1224,-1,1157,1224,1192,-1,1192,1224,1225,-1,1192,1225,1215,-1,1222,1226,1192,-1,1192,1226,1227,-1,1192,1227,1172,-1,1172,1227,1228,-1,1172,1228,1229,-1,1229,1230,1172,-1,1172,1230,1231,-1,1172,1231,1232,-1,1232,1233,1172,-1,1172,1233,1234,-1,1172,1234,1204,-1,1235,1178,1179,-1,1168,1169,1236,-1,1236,1169,1189,-1,1189,1190,1237,-1,1176,1175,1237,-1,1237,1175,1238,-1,1237,1238,1189,-1,1189,1238,1235,-1,1189,1235,1236,-1,1236,1235,1179,-1,1200,1239,1201,-1,1201,1239,1240,-1,1201,1240,1202,-1,1202,1240,1241,-1,1202,1241,1203,-1,1203,1241,1242,-1,1203,1242,1212,-1,1212,1242,1243,-1,1212,1243,1213,-1,1213,1243,1244,-1,1213,1244,1214,-1,1214,1244,1245,-1,1214,1245,1223,-1,1223,1245,1246,-1,1223,1246,1224,-1,1224,1246,1247,-1,1224,1247,1225,-1,1225,1247,1248,-1,1225,1248,1215,-1,1215,1248,1249,-1,1215,1249,1216,-1,1216,1249,1250,-1,1216,1250,1217,-1,1217,1250,1251,-1,1217,1251,1220,-1,1220,1251,1252,-1,1220,1252,1221,-1,1221,1252,1253,-1,1221,1253,1222,-1,1222,1253,1254,-1,1222,1254,1226,-1,1226,1254,1255,-1,1226,1255,1227,-1,1227,1255,1256,-1,1227,1256,1228,-1,1228,1256,1257,-1,1228,1257,1229,-1,1229,1257,1258,-1,1229,1258,1230,-1,1230,1258,1259,-1,1230,1259,1231,-1,1231,1259,1260,-1,1231,1260,1232,-1,1232,1260,1261,-1,1232,1261,1233,-1,1233,1261,1262,-1,1233,1262,1234,-1,1234,1262,1263,-1,1234,1263,1204,-1,1204,1263,1264,-1,1204,1264,1205,-1,1205,1264,1265,-1,1205,1265,1209,-1,1209,1265,1266,-1,1209,1266,1210,-1,1210,1266,1267,-1,1210,1267,1211,-1,1211,1267,1268,-1,1211,1268,1218,-1,1218,1268,1269,-1,1218,1269,1219,-1,1219,1269,1270,-1,1219,1270,1206,-1,1206,1270,1271,-1,1206,1271,1207,-1,1207,1271,1272,-1,1207,1272,1208,-1,1208,1272,1273,-1,1208,1273,1200,-1,1200,1273,1239,-1,1273,1272,1274,-1,1273,1274,1239,-1,1242,1241,1274,-1,1274,1241,1240,-1,1274,1240,1239,-1,1245,1244,1274,-1,1274,1244,1243,-1,1274,1243,1242,-1,1248,1247,1274,-1,1274,1247,1246,-1,1274,1246,1245,-1,1251,1250,1274,-1,1274,1250,1249,-1,1274,1249,1248,-1,1254,1253,1274,-1,1274,1253,1252,-1,1274,1252,1251,-1,1257,1256,1274,-1,1274,1256,1255,-1,1274,1255,1254,-1,1260,1259,1274,-1,1274,1259,1258,-1,1274,1258,1257,-1,1263,1262,1274,-1,1274,1262,1261,-1,1274,1261,1260,-1,1266,1265,1274,-1,1274,1265,1264,-1,1274,1264,1263,-1,1269,1268,1274,-1,1274,1268,1267,-1,1274,1267,1266,-1,1272,1271,1274,-1,1274,1271,1270,-1,1274,1270,1269,-1,
        ]
    }
}
Shape{
    appearance Appearance {
        material  Material {
            diffuseColor 1.0 1.0 1.0
            specularColor 0.5019607843137255 0.5019607843137255 0.5019607843137255
            ambientIntensity 1.0
            transparency 0.0
            shininess 0.5
        }
    }
    geometry IndexedFaceSet {
        ccw TRUE
        solid FALSE
        coord DEF co Coordinate {
            point [
                -1.7323 1.0256 0.0, -1.5788 1.0256 0.0, -1.7323 0.75 0.0, -1.5788 0.75 0.0, -1.7323 1.0256 0.1181, -1.7323 0.75 0.1181, -1.5788 1.0256 0.1181, -1.5788 0.75 0.1181, -1.4086 1.0256 0.3681, -1.4086 0.75 0.3681, -1.3834 0.75 0.3969, -1.3834 1.0256 0.3969, -1.352 0.75 0.4187, -1.352 1.0256 0.4187, -1.3163 0.75 0.4324, -1.3163 1.0256 0.4324, -1.2784 0.75 0.437, -1.2784 1.0256 0.437, -1.1811 1.0256 0.437, -1.1811 0.75 0.437, -1.2784 1.0256 0.3189, -1.1811 1.0256 0.3189, -1.2784 0.75 0.3189, -1.1811 0.75 0.3189, -1.2879 1.0256 0.3177, -1.2879 0.75 0.3177, -1.2968 1.0256 0.3143, -1.2968 0.75 0.3143, -1.3046 1.0256 0.3089, -1.3046 0.75 0.3089, -1.3109 1.0256 0.3017, -1.3109 0.75 0.3017, -1.4811 1.0256 0.0516, -1.4811 0.75 0.0516, -1.5 0.75 0.0301, -1.5 1.0256 0.0301, -1.5235 0.75 0.0137, -1.5235 1.0256 0.0137, -1.5503 0.75 0.0035, -1.5503 1.0256 0.0035, 1.5788 1.0256 0.0, 1.7323 1.0256 0.0, 1.5788 0.75 0.0, 1.7323 0.75 0.0, 1.5503 0.75 0.0035, 1.5503 1.0256 0.0035, 1.5235 0.75 0.0137, 1.5235 1.0256 0.0137, 1.5 0.75 0.0301, 1.5 1.0256 0.0301, 1.4811 0.75 0.0516, 1.4811 1.0256 0.0516, 1.3109 1.0256 0.3017, 1.3109 0.75 0.3017, 1.3046 1.0256 0.3089, 1.3046 0.75 0.3089, 1.2968 1.0256 0.3143, 1.2968 0.75 0.3143, 1.2879 1.0256 0.3177, 1.2879 0.75 0.3177, 1.2784 1.0256 0.3189, 1.2784 0.75 0.3189, 1.1811 1.0256 0.3189, 1.1811 0.75 0.3189, 1.2784 1.0256 0.437, 1.1811 1.0256 0.437, 1.2784 0.75 0.437, 1.1811 0.75 0.437, 1.3163 0.75 0.4324, 1.3163 1.0256 0.4324, 1.352 0.75 0.4187, 1.352 1.0256 0.4187, 1.3834 0.75 0.3969, 1.3834 1.0256 0.3969, 1.4086 0.75 0.3681, 1.4086 1.0256 0.3681, 1.5788 1.0256 0.1181, 1.5788 0.75 0.1181, 1.7323 1.0256 0.1181, 1.7323 0.75 0.1181, -1.5788 -1.0217 0.0, -1.7323 -1.0217 0.0, -1.5788 -0.7461 0.0, -1.7323 -0.7461 0.0, -1.5503 -0.7461 0.0035, -1.5503 -1.0217 0.0035, -1.5235 -0.7461 0.0137, -1.5235 -1.0217 0.0137, -1.5 -0.7461 0.0301, -1.5 -1.0217 0.0301, -1.4811 -0.7461 0.0516, -1.4811 -1.0217 0.0516, -1.3109 -1.0217 0.3017, -1.3109 -0.7461 0.3017, -1.3046 -1.0217 0.3089, -1.3046 -0.7461 0.3089, -1.2968 -1.0217 0.3143, -1.2968 -0.7461 0.3143, -1.2879 -1.0217 0.3177, -1.2879 -0.7461 0.3177, -1.2784 -1.0217 0.3189, -1.2784 -0.7461 0.3189, -1.1811 -1.0217 0.3189, -1.1811 -0.7461 0.3189, -1.2784 -1.0217 0.437, -1.1811 -1.0217 0.437, -1.2784 -0.7461 0.437, -1.1811 -0.7461 0.437, -1.3163 -0.7461 0.4324, -1.3163 -1.0217 0.4324, -1.352 -0.7461 0.4187, -1.352 -1.0217 0.4187, -1.3834 -0.7461 0.3969, -1.3834 -1.0217 0.3969, -1.4086 -0.7461 0.3681, -1.4086 -1.0217 0.3681, -1.5788 -1.0217 0.1181, -1.5788 -0.7461 0.1181, -1.7323 -1.0217 0.1181, -1.7323 -0.7461 0.1181, 1.7323 -1.0217 0.0, 1.5788 -1.0217 0.0, 1.7323 -0.7461 0.0, 1.5788 -0.7461 0.0, 1.7323 -1.0217 0.1181, 1.7323 -0.7461 0.1181, 1.5788 -1.0217 0.1181, 1.5788 -0.7461 0.1181, 1.4086 -1.0217 0.3681, 1.4086 -0.7461 0.3681, 1.3834 -0.7461 0.3969, 1.3834 -1.0217 0.3969, 1.352 -0.7461 0.4187, 1.352 -1.0217 0.4187, 1.3163 -0.7461 0.4324, 1.3163 -1.0217 0.4324, 1.2784 -0.7461 0.437, 1.2784 -1.0217 0.437, 1.1811 -1.0217 0.437, 1.1811 -0.7461 0.437, 1.2784 -1.0217 0.3189, 1.1811 -1.0217 0.3189, 1.2784 -0.7461 0.3189, 1.1811 -0.7461 0.3189, 1.2879 -1.0217 0.3177, 1.2879 -0.7461 0.3177, 1.2968 -1.0217 0.3143, 1.2968 -0.7461 0.3143, 1.3046 -1.0217 0.3089, 1.3046 -0.7461 0.3089, 1.3109 -1.0217 0.3017, 1.3109 -0.7461 0.3017, 1.4811 -1.0217 0.0516, 1.4811 -0.7461 0.0516, 1.5 -0.7461 0.0301, 1.5 -1.0217 0.0301, 1.5235 -0.7461 0.0137, 1.5235 -1.0217 0.0137, 1.5503 -0.7461 0.0035, 1.5503 -1.0217 0.0035
            ]
        }
        coordIndex [
            0,1,2,-1,2,1,3,-1,4,0,5,-1,5,0,2,-1,6,4,7,-1,7,4,5,-1,8,6,9,-1,9,6,7,-1,8,9,10,-1,8,10,11,-1,11,10,12,-1,11,12,13,-1,13,12,14,-1,13,14,15,-1,15,14,16,-1,15,16,17,-1,18,17,19,-1,19,17,16,-1,20,21,22,-1,22,21,23,-1,20,22,24,-1,24,22,25,-1,24,25,26,-1,26,25,27,-1,26,27,28,-1,28,27,29,-1,28,29,30,-1,30,29,31,-1,32,30,33,-1,33,30,31,-1,32,33,34,-1,32,34,35,-1,35,34,36,-1,35,36,37,-1,37,36,38,-1,37,38,39,-1,39,38,3,-1,39,3,1,-1,35,37,6,-1,0,4,1,-1,1,4,6,-1,1,6,39,-1,39,6,37,-1,18,21,17,-1,17,21,20,-1,17,20,15,-1,15,20,24,-1,15,24,13,-1,13,24,26,-1,13,26,11,-1,11,26,28,-1,11,28,8,-1,8,28,30,-1,8,30,6,-1,6,30,32,-1,6,32,35,-1,7,5,2,-1,2,3,7,-1,7,3,38,-1,7,38,36,-1,23,19,22,-1,22,19,16,-1,22,16,25,-1,25,16,14,-1,25,14,27,-1,27,14,12,-1,27,12,29,-1,29,12,10,-1,29,10,31,-1,31,10,9,-1,31,9,33,-1,33,9,7,-1,33,7,34,-1,34,7,36,-1,40,41,42,-1,42,41,43,-1,40,42,44,-1,40,44,45,-1,45,44,46,-1,45,46,47,-1,47,46,48,-1,47,48,49,-1,49,48,50,-1,49,50,51,-1,52,51,53,-1,53,51,50,-1,52,53,54,-1,54,53,55,-1,54,55,56,-1,56,55,57,-1,56,57,58,-1,58,57,59,-1,58,59,60,-1,60,59,61,-1,62,60,63,-1,63,60,61,-1,64,65,66,-1,66,65,67,-1,64,66,68,-1,64,68,69,-1,69,68,70,-1,69,70,71,-1,71,70,72,-1,71,72,73,-1,73,72,74,-1,73,74,75,-1,76,75,77,-1,77,75,74,-1,78,76,79,-1,79,76,77,-1,41,78,43,-1,43,78,79,-1,76,78,41,-1,41,40,76,-1,76,40,45,-1,76,45,47,-1,62,65,60,-1,60,65,64,-1,60,64,58,-1,58,64,69,-1,58,69,56,-1,56,69,71,-1,56,71,54,-1,54,71,73,-1,54,73,52,-1,52,73,75,-1,52,75,51,-1,51,75,76,-1,51,76,49,-1,49,76,47,-1,48,46,77,-1,43,79,42,-1,42,79,77,-1,42,77,44,-1,44,77,46,-1,67,63,66,-1,66,63,61,-1,66,61,68,-1,68,61,59,-1,68,59,70,-1,70,59,57,-1,70,57,72,-1,72,57,55,-1,72,55,74,-1,74,55,53,-1,74,53,77,-1,77,53,50,-1,77,50,48,-1,80,81,82,-1,82,81,83,-1,80,82,84,-1,80,84,85,-1,85,84,86,-1,85,86,87,-1,87,86,88,-1,87,88,89,-1,89,88,90,-1,89,90,91,-1,92,91,93,-1,93,91,90,-1,92,93,94,-1,94,93,95,-1,94,95,96,-1,96,95,97,-1,96,97,98,-1,98,97,99,-1,98,99,100,-1,100,99,101,-1,102,100,103,-1,103,100,101,-1,104,105,106,-1,106,105,107,-1,104,106,108,-1,104,108,109,-1,109,108,110,-1,109,110,111,-1,111,110,112,-1,111,112,113,-1,113,112,114,-1,113,114,115,-1,116,115,117,-1,117,115,114,-1,118,116,119,-1,119,116,117,-1,81,118,83,-1,83,118,119,-1,116,118,81,-1,81,80,116,-1,116,80,85,-1,116,85,87,-1,102,105,100,-1,100,105,104,-1,100,104,98,-1,98,104,109,-1,98,109,96,-1,96,109,111,-1,96,111,94,-1,94,111,113,-1,94,113,92,-1,92,113,115,-1,92,115,91,-1,91,115,116,-1,91,116,89,-1,89,116,87,-1,88,86,117,-1,83,119,82,-1,82,119,117,-1,82,117,84,-1,84,117,86,-1,107,103,106,-1,106,103,101,-1,106,101,108,-1,108,101,99,-1,108,99,110,-1,110,99,97,-1,110,97,112,-1,112,97,95,-1,112,95,114,-1,114,95,93,-1,114,93,117,-1,117,93,90,-1,117,90,88,-1,120,121,122,-1,122,121,123,-1,124,120,125,-1,125,120,122,-1,126,124,127,-1,127,124,125,-1,128,126,129,-1,129,126,127,-1,128,129,130,-1,128,130,131,-1,131,130,132,-1,131,132,133,-1,133,132,134,-1,133,134,135,-1,135,134,136,-1,135,136,137,-1,138,137,139,-1,139,137,136,-1,140,141,142,-1,142,141,143,-1,140,142,144,-1,144,142,145,-1,144,145,146,-1,146,145,147,-1,146,147,148,-1,148,147,149,-1,148,149,150,-1,150,149,151,-1,152,150,153,-1,153,150,151,-1,152,153,154,-1,152,154,155,-1,155,154,156,-1,155,156,157,-1,157,156,158,-1,157,158,159,-1,159,158,123,-1,159,123,121,-1,155,157,126,-1,120,124,121,-1,121,124,126,-1,121,126,159,-1,159,126,157,-1,138,141,137,-1,137,141,140,-1,137,140,135,-1,135,140,144,-1,135,144,133,-1,133,144,146,-1,133,146,131,-1,131,146,148,-1,131,148,128,-1,128,148,150,-1,128,150,126,-1,126,150,152,-1,126,152,155,-1,127,125,122,-1,122,123,127,-1,127,123,158,-1,127,158,156,-1,143,139,142,-1,142,139,136,-1,142,136,145,-1,145,136,134,-1,145,134,147,-1,147,134,132,-1,147,132,149,-1,149,132,130,-1,149,130,151,-1,151,130,129,-1,151,129,153,-1,153,129,127,-1,153,127,154,-1,154,127,156,-1,
        ]
    }
}
Shape{
    appearance Appearance {
        material  Material {
            diffuseColor 0.25098039215686274 0.25098039215686274 0.25098039215686274
            specularColor 0.12549019607843137 0.12549019607843137 0.12549019607843137
            ambientIntensity 0.251
            transparency 0.0
            shininess 0.5
        }
    }
    geometry IndexedFaceSet {
        ccw TRUE
        solid FALSE
        coord DEF co Coordinate {
            point [
                -1.1811 -0.3917 0.2008, 1.1811 -0.3917 0.2008, -1.1811 -0.3917 0.0039, 1.1811 -0.3917 0.0039, 1.1811 0.3957 0.2008, -1.1811 0.3957 0.2008, 1.1811 0.3957 0.0039, -1.1811 0.3957 0.0039, 1.1811 -0.5886 0.2008, 0.8661 -0.5886 0.2008, 1.1811 -0.5886 0.0039, 0.8661 -0.5886 0.0039, 0.8661 -1.1791 0.2008, 0.8661 -1.1791 0.0039, 1.1811 -1.1791 0.2008, 0.4921 -1.1791 0.2008, 0.4921 -0.5886 0.2008, 0.4921 -1.1791 0.0039, 0.4921 -0.5886 0.0039, -0.4921 -0.5886 0.2008, -0.4921 -0.5886 0.0039, -0.4921 -1.1791 0.2008, -0.4921 -1.1791 0.0039, 0.4921 0.5925 0.2008, 0.4921 1.1831 0.2008, 0.4921 0.5925 0.0039, 0.4921 1.1831 0.0039, -0.4921 1.1831 0.2008, -0.4921 0.5925 0.2008, -0.4921 1.1831 0.0039, -0.4921 0.5925 0.0039, -1.1811 0.5925 0.2008, -0.8661 0.5925 0.2008, -1.1811 0.5925 0.0039, -0.8661 0.5925 0.0039, -0.8661 1.1831 0.2008, -0.8661 1.1831 0.0039, -1.1811 1.1831 0.2008, 0.8661 1.1831 0.2008, 0.8661 0.5925 0.2008, 0.8661 1.1831 0.0039, 0.8661 0.5925 0.0039, 1.1811 0.5925 0.2008, 1.1811 0.5925 0.0039, 1.1811 1.1831 0.2008, -0.8661 -1.1791 0.2008, -0.8661 -0.5886 0.2008, -0.8661 -1.1791 0.0039, -0.8661 -0.5886 0.0039, -1.1811 -0.5886 0.2008, -1.1811 -0.5886 0.0039, -1.1811 -1.1791 0.2008
            ]
        }
        coordIndex [
            0,1,2,-1,2,1,3,-1,4,5,6,-1,6,5,7,-1,4,1,5,-1,5,1,0,-1,8,9,10,-1,10,9,11,-1,9,12,11,-1,11,12,13,-1,9,8,12,-1,12,8,14,-1,15,16,17,-1,17,16,18,-1,16,19,18,-1,18,19,20,-1,19,21,20,-1,20,21,22,-1,21,19,15,-1,15,19,16,-1,23,24,25,-1,25,24,26,-1,27,28,29,-1,29,28,30,-1,28,23,30,-1,30,23,25,-1,28,27,23,-1,23,27,24,-1,31,32,33,-1,33,32,34,-1,32,35,34,-1,34,35,36,-1,35,32,37,-1,37,32,31,-1,38,39,40,-1,40,39,41,-1,39,42,41,-1,41,42,43,-1,39,38,42,-1,42,38,44,-1,45,46,47,-1,47,46,48,-1,46,49,48,-1,48,49,50,-1,46,45,49,-1,49,45,51,-1,
        ]
    }
}
Shape{
    appearance Appearance {
        material  Material {
            diffuseColor 1.0 1.0 1.0
            specularColor 0.5019607843137255 0.5019607843137255 0.5019607843137255
            ambientIntensity 1.0
            transparency 0.0
            shininess 0.5
        }
    }
    geometry IndexedFaceSet {
        ccw TRUE
        solid FALSE
        coord DEF co Coordinate {
            point [
                0.0466 -1.1831 0.8696, 0.0466 -1.1831 0.8604, 0.0466 -1.1791 0.8696, 0.0466 -1.1791 0.8604, 0.0148 -1.1831 0.8696, 0.0148 -1.1791 0.8696, 0.0148 -1.1831 0.9405, 0.0148 -1.1791 0.9405, 0.0044 -1.1831 0.9405, 0.0044 -1.1791 0.9405, 0.0044 -1.1831 0.8604, 0.0044 -1.1791 0.8604, 0.0877 -1.1831 0.8591, 0.0877 -1.1791 0.8591, 0.0926 -1.1791 0.8593, 0.0926 -1.1831 0.8593, 0.0971 -1.1791 0.8598, 0.0971 -1.1831 0.8598, 0.1012 -1.1791 0.8606, 0.1012 -1.1831 0.8606, 0.1049 -1.1791 0.8616, 0.1049 -1.1831 0.8616, 0.1082 -1.1791 0.863, 0.1082 -1.1831 0.863, 0.1099 -1.1791 0.8638, 0.1099 -1.1831 0.8638, 0.1099 -1.1831 0.8737, 0.1099 -1.1791 0.8737, 0.1069 -1.1791 0.872, 0.1069 -1.1831 0.872, 0.1037 -1.1791 0.8707, 0.1037 -1.1831 0.8707, 0.1003 -1.1791 0.8696, 0.1003 -1.1831 0.8696, 0.0967 -1.1791 0.8689, 0.0967 -1.1831 0.8689, 0.0929 -1.1791 0.8684, 0.0929 -1.1831 0.8684, 0.0892 -1.1791 0.8683, 0.0892 -1.1831 0.8683, 0.0857 -1.1791 0.8685, 0.0857 -1.1831 0.8685, 0.0824 -1.1791 0.869, 0.0824 -1.1831 0.869, 0.0794 -1.1791 0.8698, 0.0794 -1.1831 0.8698, 0.0766 -1.1791 0.8709, 0.0766 -1.1831 0.8709, 0.074 -1.1791 0.8723, 0.074 -1.1831 0.8723, 0.0716 -1.1791 0.874, 0.0716 -1.1831 0.874, 0.0694 -1.1791 0.8759, 0.0694 -1.1831 0.8759, 0.0686 -1.1791 0.8767, 0.0686 -1.1831 0.8767, 0.0667 -1.1791 0.8791, 0.0667 -1.1831 0.8791, 0.065 -1.1791 0.8816, 0.065 -1.1831 0.8816, 0.0636 -1.1791 0.8844, 0.0636 -1.1831 0.8844, 0.0625 -1.1791 0.8873, 0.0625 -1.1831 0.8873, 0.0617 -1.1791 0.8906, 0.0617 -1.1831 0.8906, 0.0611 -1.1791 0.8941, 0.0611 -1.1831 0.8941, 0.0608 -1.1791 0.8979, 0.0608 -1.1831 0.8979, 0.0608 -1.1791 0.8996, 0.0608 -1.1831 0.8996, 0.0609 -1.1791 0.9037, 0.0609 -1.1831 0.9037, 0.0614 -1.1791 0.9076, 0.0614 -1.1831 0.9076, 0.0622 -1.1791 0.9111, 0.0622 -1.1831 0.9111, 0.0633 -1.1791 0.9144, 0.0633 -1.1831 0.9144, 0.0647 -1.1791 0.9174, 0.0647 -1.1831 0.9174, 0.0663 -1.1791 0.9201, 0.0663 -1.1831 0.9201, 0.0682 -1.1791 0.9226, 0.0682 -1.1831 0.9226, 0.0692 -1.1791 0.9236, 0.0692 -1.1831 0.9236, 0.0715 -1.1791 0.9258, 0.0715 -1.1831 0.9258, 0.074 -1.1791 0.9277, 0.074 -1.1831 0.9277, 0.0766 -1.1791 0.9293, 0.0766 -1.1831 0.9293, 0.0794 -1.1791 0.9305, 0.0794 -1.1831 0.9305, 0.0823 -1.1791 0.9315, 0.0823 -1.1831 0.9315, 0.0854 -1.1791 0.9321, 0.0854 -1.1831 0.9321, 0.0888 -1.1791 0.9325, 0.0888 -1.1831 0.9325, 0.091 -1.1791 0.9325, 0.091 -1.1831 0.9325, 0.0948 -1.1791 0.9324, 0.0948 -1.1831 0.9324, 0.0986 -1.1791 0.9318, 0.0986 -1.1831 0.9318, 0.1021 -1.1791 0.931, 0.1021 -1.1831 0.931, 0.1055 -1.1791 0.9299, 0.1055 -1.1831 0.9299, 0.1087 -1.1791 0.9284, 0.1087 -1.1831 0.9284, 0.1099 -1.1791 0.9278, 0.1099 -1.1831 0.9278, 0.1099 -1.1831 0.9386, 0.1099 -1.1791 0.9386, 0.1068 -1.1791 0.9397, 0.1068 -1.1831 0.9397, 0.1034 -1.1791 0.9406, 0.1034 -1.1831 0.9406, 0.0995 -1.1791 0.9413, 0.0995 -1.1831 0.9413, 0.0952 -1.1791 0.9417, 0.0952 -1.1831 0.9417, 0.0909 -1.1791 0.9419, 0.0909 -1.1831 0.9419, 0.0867 -1.1791 0.9417, 0.0867 -1.1831 0.9417, 0.0827 -1.1791 0.9412, 0.0827 -1.1831 0.9412, 0.079 -1.1791 0.9404, 0.079 -1.1831 0.9404, 0.0755 -1.1791 0.9392, 0.0755 -1.1831 0.9392, 0.0722 -1.1791 0.9378, 0.0722 -1.1831 0.9378, 0.069 -1.1791 0.9361, 0.069 -1.1831 0.9361, 0.0661 -1.1791 0.9341, 0.0661 -1.1831 0.9341, 0.0633 -1.1791 0.9318, 0.0633 -1.1831 0.9318, 0.0615 -1.1791 0.9301, 0.0615 -1.1831 0.9301, 0.059 -1.1791 0.9273, 0.059 -1.1831 0.9273, 0.0569 -1.1791 0.9244, 0.0569 -1.1831 0.9244, 0.055 -1.1791 0.9213, 0.055 -1.1831 0.9213, 0.0535 -1.1791 0.918, 0.0535 -1.1831 0.918, 0.0522 -1.1791 0.9146, 0.0522 -1.1831 0.9146, 0.0512 -1.1791 0.9109, 0.0512 -1.1831 0.9109, 0.0505 -1.1791 0.9069, 0.0505 -1.1831 0.9069, 0.05 -1.1791 0.9027, 0.05 -1.1831 0.9027, 0.0499 -1.1791 0.899, 0.0499 -1.1831 0.899, 0.0501 -1.1791 0.8945, 0.0501 -1.1831 0.8945, 0.0506 -1.1791 0.8902, 0.0506 -1.1831 0.8902, 0.0514 -1.1791 0.8863, 0.0514 -1.1831 0.8863, 0.0525 -1.1791 0.8827, 0.0525 -1.1831 0.8827, 0.0539 -1.1791 0.8793, 0.0539 -1.1831 0.8793, 0.0555 -1.1791 0.8762, 0.0555 -1.1831 0.8762, 0.0575 -1.1791 0.8733, 0.0575 -1.1831 0.8733, 0.0596 -1.1791 0.8707, 0.0596 -1.1831 0.8707, 0.0602 -1.1791 0.87, 0.0602 -1.1831 0.87, 0.0627 -1.1791 0.8676, 0.0627 -1.1831 0.8676, 0.0653 -1.1791 0.8655, 0.0653 -1.1831 0.8655, 0.0682 -1.1791 0.8637, 0.0682 -1.1831 0.8637, 0.0712 -1.1791 0.8622, 0.0712 -1.1831 0.8622, 0.0744 -1.1791 0.861, 0.0744 -1.1831 0.861, 0.0778 -1.1791 0.8601, 0.0778 -1.1831 0.8601, 0.0815 -1.1791 0.8595, 0.0815 -1.1831 0.8595, 0.0854 -1.1791 0.8591, 0.0854 -1.1831 0.8591, 0.169 -1.1831 0.8696, 0.169 -1.1831 0.8604, 0.169 -1.1791 0.8696, 0.169 -1.1791 0.8604, 0.1362 -1.1831 0.8696, 0.1362 -1.1791 0.8696, 0.1362 -1.1831 0.8965, 0.1362 -1.1791 0.8965, 0.1649 -1.1831 0.8965, 0.1649 -1.1791 0.8965, 0.1649 -1.1831 0.9057, 0.1649 -1.1791 0.9057, 0.1362 -1.1831 0.9057, 0.1362 -1.1791 0.9057, 0.1362 -1.1831 0.9313, 0.1362 -1.1791 0.9313, 0.1671 -1.1831 0.9313, 0.1671 -1.1791 0.9313, 0.1671 -1.1831 0.9405, 0.1671 -1.1791 0.9405, 0.1259 -1.1831 0.9405, 0.1259 -1.1791 0.9405, 0.1259 -1.1831 0.8604, 0.1259 -1.1791 0.8604, 0.2209 -1.1831 0.8721, 0.2265 -1.1831 0.8645, 0.2238 -1.1831 0.8735, 0.2298 -1.1831 0.8662, 0.2265 -1.1831 0.8751, 0.2329 -1.1831 0.8682, 0.2288 -1.1831 0.877, 0.2359 -1.1831 0.8705, 0.2299 -1.1831 0.8779, 0.2372 -1.1831 0.8717, 0.2319 -1.1831 0.8801, 0.2398 -1.1831 0.8743, 0.2336 -1.1831 0.8825, 0.242 -1.1831 0.8771, 0.2351 -1.1831 0.8851, 0.2439 -1.1831 0.88, 0.2363 -1.1831 0.888, 0.2377 -1.1831 0.9089, 0.2478 -1.1831 0.9131, 0.2369 -1.1831 0.9123, 0.2467 -1.1831 0.9165, 0.2358 -1.1831 0.9152, 0.2452 -1.1831 0.9197, 0.2345 -1.1831 0.9179, 0.2435 -1.1831 0.9226, 0.2329 -1.1831 0.9203, 0.2415 -1.1831 0.9254, 0.2392 -1.1831 0.928, 0.2311 -1.1831 0.9224, 0.2372 -1.1831 0.9299, 0.2296 -1.1831 0.9238, 0.2342 -1.1831 0.9323, 0.2271 -1.1831 0.9257, 0.2311 -1.1831 0.9344, 0.2245 -1.1831 0.9273, 0.2278 -1.1831 0.9361, 0.2216 -1.1831 0.9286, 0.2243 -1.1831 0.9376, 0.2184 -1.1831 0.9297, 0.2207 -1.1831 0.9388, 0.2151 -1.1831 0.9305, 0.2168 -1.1831 0.9396, 0.2114 -1.1831 0.9311, 0.2127 -1.1831 0.9402, 0.2075 -1.1831 0.9313, 0.2084 -1.1831 0.9405, 0.2065 -1.1831 0.9313, 0.2069 -1.1831 0.9405, 0.1944 -1.1831 0.9313, 0.1841 -1.1831 0.9405, 0.1944 -1.1831 0.8696, 0.1841 -1.1831 0.8604, 0.206 -1.1831 0.8696, 0.2061 -1.1831 0.8604, 0.2103 -1.1831 0.8697, 0.2107 -1.1831 0.8606, 0.2142 -1.1831 0.8702, 0.2151 -1.1831 0.8611, 0.2177 -1.1831 0.871, 0.2191 -1.1831 0.8619, 0.2229 -1.1831 0.8631, 0.2456 -1.1831 0.8831, 0.2469 -1.1831 0.8864, 0.2373 -1.1831 0.8911, 0.2479 -1.1831 0.8899, 0.2379 -1.1831 0.8945, 0.2487 -1.1831 0.8937, 0.2383 -1.1831 0.8982, 0.2491 -1.1831 0.8976, 0.2384 -1.1831 0.9012, 0.2493 -1.1831 0.9015, 0.2382 -1.1831 0.9052, 0.2491 -1.1831 0.9056, 0.2486 -1.1831 0.9095, 0.2271 -1.1791 0.9257, 0.2342 -1.1791 0.9323, 0.2296 -1.1791 0.9238, 0.2372 -1.1791 0.9299, 0.2311 -1.1791 0.9224, 0.2392 -1.1791 0.928, 0.2329 -1.1791 0.9203, 0.2415 -1.1791 0.9254, 0.2345 -1.1791 0.9179, 0.2435 -1.1791 0.9226, 0.2358 -1.1791 0.9152, 0.2452 -1.1791 0.9197, 0.2369 -1.1791 0.9123, 0.2238 -1.1791 0.8735, 0.2265 -1.1791 0.8645, 0.2209 -1.1791 0.8721, 0.2229 -1.1791 0.8631, 0.2177 -1.1791 0.871, 0.2191 -1.1791 0.8619, 0.2142 -1.1791 0.8702, 0.2151 -1.1791 0.8611, 0.2103 -1.1791 0.8697, 0.2107 -1.1791 0.8606, 0.206 -1.1791 0.8696, 0.2061 -1.1791 0.8604, 0.1944 -1.1791 0.8696, 0.1841 -1.1791 0.8604, 0.1944 -1.1791 0.9313, 0.1841 -1.1791 0.9405, 0.2065 -1.1791 0.9313, 0.2069 -1.1791 0.9405, 0.2075 -1.1791 0.9313, 0.2084 -1.1791 0.9405, 0.2114 -1.1791 0.9311, 0.2127 -1.1791 0.9402, 0.2151 -1.1791 0.9305, 0.2168 -1.1791 0.9396, 0.2184 -1.1791 0.9297, 0.2207 -1.1791 0.9388, 0.2216 -1.1791 0.9286, 0.2243 -1.1791 0.9376, 0.2245 -1.1791 0.9273, 0.2278 -1.1791 0.9361, 0.2311 -1.1791 0.9344, 0.2373 -1.1791 0.8911, 0.2469 -1.1791 0.8864, 0.2363 -1.1791 0.888, 0.2456 -1.1791 0.8831, 0.2351 -1.1791 0.8851, 0.2439 -1.1791 0.88, 0.2336 -1.1791 0.8825, 0.242 -1.1791 0.8771, 0.2319 -1.1791 0.8801, 0.2398 -1.1791 0.8743, 0.2299 -1.1791 0.8779, 0.2372 -1.1791 0.8717, 0.2288 -1.1791 0.877, 0.2359 -1.1791 0.8705, 0.2265 -1.1791 0.8751, 0.2329 -1.1791 0.8682, 0.2298 -1.1791 0.8662, 0.2467 -1.1791 0.9165, 0.2478 -1.1791 0.9131, 0.2377 -1.1791 0.9089, 0.2486 -1.1791 0.9095, 0.2382 -1.1791 0.9052, 0.2491 -1.1791 0.9056, 0.2384 -1.1791 0.9012, 0.2493 -1.1791 0.9015, 0.2383 -1.1791 0.8982, 0.2491 -1.1791 0.8976, 0.2379 -1.1791 0.8945, 0.2487 -1.1791 0.8937, 0.2479 -1.1791 0.8899, 0.2761 -1.1831 0.8914, 0.2728 -1.1831 0.8823, 0.303 -1.1831 0.8914, 0.3062 -1.1831 0.8823, 0.2881 -1.1831 0.9247, 0.2842 -1.1831 0.9405, 0.2537 -1.1831 0.8604, 0.2651 -1.1831 0.8604, 0.2888 -1.1831 0.9271, 0.2894 -1.1831 0.9303, 0.2953 -1.1831 0.9405, 0.2896 -1.1831 0.9303, 0.2903 -1.1831 0.9269, 0.2909 -1.1831 0.9247, 0.3258 -1.1831 0.8604, 0.3143 -1.1831 0.8604, 0.303 -1.1791 0.8914, 0.2909 -1.1791 0.9247, 0.2953 -1.1791 0.9405, 0.2903 -1.1791 0.9269, 0.2896 -1.1791 0.9303, 0.2842 -1.1791 0.9405, 0.2894 -1.1791 0.9303, 0.2888 -1.1791 0.9271, 0.2881 -1.1791 0.9247, 0.2761 -1.1791 0.8914, 0.2537 -1.1791 0.8604, 0.3258 -1.1791 0.8604, 0.3143 -1.1791 0.8604, 0.3062 -1.1791 0.8823, 0.2651 -1.1791 0.8604, 0.2728 -1.1791 0.8823, 0.0475 -1.1831 0.7425, 0.0475 -1.1831 0.7334, 0.0475 -1.1791 0.7425, 0.0475 -1.1791 0.7334, 0.0148 -1.1831 0.7425, 0.0148 -1.1791 0.7425, 0.0148 -1.1831 0.7695, 0.0148 -1.1791 0.7695, 0.0434 -1.1831 0.7695, 0.0434 -1.1791 0.7695, 0.0434 -1.1831 0.7786, 0.0434 -1.1791 0.7786, 0.0148 -1.1831 0.7786, 0.0148 -1.1791 0.7786, 0.0148 -1.1831 0.8043, 0.0148 -1.1791 0.8043, 0.0457 -1.1831 0.8043, 0.0457 -1.1791 0.8043, 0.0457 -1.1831 0.8135, 0.0457 -1.1791 0.8135, 0.0044 -1.1831 0.8135, 0.0044 -1.1791 0.8135, 0.0044 -1.1831 0.7334, 0.0044 -1.1791 0.7334, 0.093 -1.1831 0.7334, 0.103 -1.1831 0.7334, 0.093 -1.1831 0.7423, 0.103 -1.1831 0.7702, 0.0853 -1.1831 0.7833, 0.0869 -1.1831 0.7827, 0.091 -1.1831 0.7907, 0.0675 -1.1831 0.7651, 0.0653 -1.1831 0.764, 0.0711 -1.1831 0.7577, 0.0699 -1.1831 0.7568, 0.093 -1.1831 0.7899, 0.0883 -1.1831 0.7819, 0.0948 -1.1831 0.7889, 0.0894 -1.1831 0.781, 0.0964 -1.1831 0.7878, 0.0691 -1.1831 0.7439, 0.0683 -1.1831 0.7451, 0.06 -1.1831 0.7388, 0.0635 -1.1831 0.7628, 0.0619 -1.1831 0.7615, 0.069 -1.1831 0.7557, 0.07 -1.1831 0.7661, 0.0724 -1.1831 0.7584, 0.0729 -1.1831 0.7668, 0.0742 -1.1831 0.7591, 0.0761 -1.1831 0.7674, 0.0979 -1.1831 0.7865, 0.0904 -1.1831 0.7798, 0.0991 -1.1831 0.785, 0.0913 -1.1831 0.7785, 0.1002 -1.1831 0.7832, 0.0616 -1.1831 0.7612, 0.0603 -1.1831 0.7597, 0.0683 -1.1831 0.7545, 0.0593 -1.1831 0.7581, 0.0677 -1.1831 0.7531, 0.091 -1.1831 0.7482, 0.0927 -1.1831 0.7423, 0.09 -1.1831 0.7465, 0.0922 -1.1831 0.7414, 0.0799 -1.1831 0.7404, 0.0822 -1.1831 0.7332, 0.0819 -1.1831 0.7408, 0.0842 -1.1831 0.734, 0.0837 -1.1831 0.7414, 0.086 -1.1831 0.735, 0.0853 -1.1831 0.7422, 0.093 -1.1831 0.7561, 0.0928 -1.1831 0.7539, 0.0925 -1.1831 0.7519, 0.0919 -1.1831 0.75, 0.1012 -1.1831 0.7813, 0.092 -1.1831 0.7769, 0.102 -1.1831 0.779, 0.0925 -1.1831 0.7751, 0.1025 -1.1831 0.7764, 0.0702 -1.1831 0.7429, 0.0653 -1.1831 0.7343, 0.0714 -1.1831 0.7419, 0.0671 -1.1831 0.7334, 0.0728 -1.1831 0.7412, 0.0692 -1.1831 0.7328, 0.0743 -1.1831 0.7407, 0.0612 -1.1831 0.7374, 0.062 -1.1831 0.7366, 0.0636 -1.1831 0.7353, 0.0674 -1.1831 0.7479, 0.0576 -1.1831 0.7442, 0.0677 -1.1831 0.7464, 0.0582 -1.1831 0.7422, 0.059 -1.1831 0.7404, 0.093 -1.1831 0.7621, 0.093 -1.1831 0.7698, 0.0796 -1.1831 0.7603, 0.0765 -1.1831 0.7597, 0.0878 -1.1831 0.7363, 0.0894 -1.1831 0.7377, 0.0869 -1.1831 0.7432, 0.0909 -1.1831 0.7395, 0.0883 -1.1831 0.7445, 0.0887 -1.1831 0.745, 0.1029 -1.1831 0.7734, 0.0928 -1.1831 0.773, 0.093 -1.1831 0.7705, 0.093 -1.1831 0.7566, 0.0714 -1.1831 0.7323, 0.0738 -1.1831 0.7321, 0.076 -1.1831 0.7404, 0.0752 -1.1831 0.7321, 0.0778 -1.1831 0.7403, 0.0777 -1.1831 0.7322, 0.08 -1.1831 0.7326, 0.0584 -1.1831 0.7563, 0.0578 -1.1831 0.7544, 0.0674 -1.1831 0.7515, 0.0573 -1.1831 0.7523, 0.0673 -1.1831 0.7495, 0.0888 -1.1831 0.7913, 0.0864 -1.1831 0.7917, 0.0835 -1.1831 0.7836, 0.0836 -1.1831 0.7919, 0.0814 -1.1831 0.7838, 0.0824 -1.1831 0.7919, 0.0804 -1.1831 0.7837, 0.079 -1.1831 0.7918, 0.0777 -1.1831 0.7835, 0.0758 -1.1831 0.7914, 0.0751 -1.1831 0.7831, 0.0727 -1.1831 0.7908, 0.0726 -1.1831 0.7824, 0.0698 -1.1831 0.79, 0.07 -1.1831 0.7814, 0.0671 -1.1831 0.7889, 0.0675 -1.1831 0.7802, 0.0644 -1.1831 0.7876, 0.0651 -1.1831 0.7786, 0.0627 -1.1831 0.7866, 0.0627 -1.1831 0.7768, 0.0571 -1.1831 0.75, 0.0571 -1.1831 0.7487, 0.0572 -1.1831 0.7464, 0.0651 -1.1791 0.7786, 0.0627 -1.1791 0.7768, 0.0627 -1.1791 0.7866, 0.0883 -1.1791 0.7819, 0.0948 -1.1791 0.7889, 0.0894 -1.1791 0.781, 0.0964 -1.1791 0.7878, 0.0904 -1.1791 0.7798, 0.0925 -1.1791 0.7519, 0.0928 -1.1791 0.7539, 0.103 -1.1791 0.7702, 0.0691 -1.1791 0.7439, 0.06 -1.1791 0.7388, 0.0683 -1.1791 0.7451, 0.059 -1.1791 0.7404, 0.0677 -1.1791 0.7464, 0.0979 -1.1791 0.7865, 0.0991 -1.1791 0.785, 0.0913 -1.1791 0.7785, 0.1002 -1.1791 0.7832, 0.092 -1.1791 0.7769, 0.0835 -1.1791 0.7836, 0.0864 -1.1791 0.7917, 0.0853 -1.1791 0.7833, 0.0888 -1.1791 0.7913, 0.0869 -1.1791 0.7827, 0.091 -1.1791 0.7907, 0.093 -1.1791 0.7899, 0.0919 -1.1791 0.75, 0.093 -1.1791 0.7423, 0.093 -1.1791 0.7334, 0.103 -1.1791 0.7334, 0.0699 -1.1791 0.7568, 0.0653 -1.1791 0.764, 0.0711 -1.1791 0.7577, 0.0675 -1.1791 0.7651, 0.0724 -1.1791 0.7584, 0.07 -1.1791 0.7661, 0.0742 -1.1791 0.7591, 0.0729 -1.1791 0.7668, 0.0765 -1.1791 0.7597, 0.0761 -1.1791 0.7674, 0.069 -1.1791 0.7557, 0.0619 -1.1791 0.7615, 0.0635 -1.1791 0.7628, 0.0702 -1.1791 0.7429, 0.062 -1.1791 0.7366, 0.0612 -1.1791 0.7374, 0.0714 -1.1791 0.7419, 0.0653 -1.1791 0.7343, 0.0636 -1.1791 0.7353, 0.093 -1.1791 0.7621, 0.1029 -1.1791 0.7734, 0.093 -1.1791 0.7566, 0.093 -1.1791 0.7561, 0.0683 -1.1791 0.7545, 0.0603 -1.1791 0.7597, 0.0616 -1.1791 0.7612, 0.1012 -1.1791 0.7813, 0.102 -1.1791 0.779, 0.0925 -1.1791 0.7751, 0.1025 -1.1791 0.7764, 0.0928 -1.1791 0.773, 0.093 -1.1791 0.7705, 0.0582 -1.1791 0.7422, 0.0576 -1.1791 0.7442, 0.0674 -1.1791 0.7479, 0.093 -1.1791 0.7698, 0.0796 -1.1791 0.7603, 0.0675 -1.1791 0.7802, 0.0644 -1.1791 0.7876, 0.07 -1.1791 0.7814, 0.0671 -1.1791 0.7889, 0.0726 -1.1791 0.7824, 0.0698 -1.1791 0.79, 0.0751 -1.1791 0.7831, 0.0727 -1.1791 0.7908, 0.0777 -1.1791 0.7835, 0.0758 -1.1791 0.7914, 0.0804 -1.1791 0.7837, 0.079 -1.1791 0.7918, 0.0814 -1.1791 0.7838, 0.0824 -1.1791 0.7919, 0.0836 -1.1791 0.7919, 0.0674 -1.1791 0.7515, 0.0578 -1.1791 0.7544, 0.0677 -1.1791 0.7531, 0.0584 -1.1791 0.7563, 0.0593 -1.1791 0.7581, 0.0572 -1.1791 0.7464, 0.0571 -1.1791 0.7487, 0.0673 -1.1791 0.7495, 0.0571 -1.1791 0.75, 0.0573 -1.1791 0.7523, 0.0922 -1.1791 0.7414, 0.0909 -1.1791 0.7395, 0.0869 -1.1791 0.7432, 0.0894 -1.1791 0.7377, 0.0853 -1.1791 0.7422, 0.0878 -1.1791 0.7363, 0.0837 -1.1791 0.7414, 0.086 -1.1791 0.735, 0.0819 -1.1791 0.7408, 0.076 -1.1791 0.7404, 0.0738 -1.1791 0.7321, 0.0743 -1.1791 0.7407, 0.0714 -1.1791 0.7323, 0.0728 -1.1791 0.7412, 0.0692 -1.1791 0.7328, 0.0671 -1.1791 0.7334, 0.0842 -1.1791 0.734, 0.0822 -1.1791 0.7332, 0.0799 -1.1791 0.7404, 0.08 -1.1791 0.7326, 0.0778 -1.1791 0.7403, 0.0777 -1.1791 0.7322, 0.0752 -1.1791 0.7321, 0.0883 -1.1791 0.7445, 0.0887 -1.1791 0.745, 0.0927 -1.1791 0.7423, 0.09 -1.1791 0.7465, 0.091 -1.1791 0.7482, 0.1331 -1.1831 0.7403, 0.1331 -1.1791 0.7403, 0.1306 -1.1791 0.7404, 0.1306 -1.1831 0.7404, 0.128 -1.1791 0.7407, 0.128 -1.1831 0.7407, 0.1256 -1.1791 0.7413, 0.1256 -1.1831 0.7413, 0.1232 -1.1791 0.7421, 0.1232 -1.1831 0.7421, 0.1209 -1.1791 0.7432, 0.1209 -1.1831 0.7432, 0.1185 -1.1791 0.7445, 0.1185 -1.1831 0.7445, 0.1166 -1.1791 0.7458, 0.1166 -1.1831 0.7458, 0.1166 -1.1831 0.7354, 0.1166 -1.1791 0.7354, 0.119 -1.1791 0.7344, 0.119 -1.1831 0.7344, 0.1216 -1.1791 0.7335, 0.1216 -1.1831 0.7335, 0.1243 -1.1791 0.7328, 0.1243 -1.1831 0.7328, 0.1271 -1.1791 0.7324, 0.1271 -1.1831 0.7324, 0.1302 -1.1791 0.7321, 0.1302 -1.1831 0.7321, 0.1321 -1.1791 0.7321, 0.1321 -1.1831 0.7321, 0.1353 -1.1791 0.7322, 0.1353 -1.1831 0.7322, 0.1383 -1.1791 0.7325, 0.1383 -1.1831 0.7325, 0.141 -1.1791 0.7331, 0.141 -1.1831 0.7331, 0.1435 -1.1791 0.7338, 0.1435 -1.1831 0.7338, 0.1457 -1.1791 0.7348, 0.1457 -1.1831 0.7348, 0.1477 -1.1791 0.7359, 0.1477 -1.1831 0.7359, 0.1488 -1.1791 0.7366, 0.1488 -1.1831 0.7366, 0.1504 -1.1791 0.7379, 0.1504 -1.1831 0.7379, 0.1518 -1.1791 0.7393, 0.1518 -1.1831 0.7393, 0.1529 -1.1791 0.7407, 0.1529 -1.1831 0.7407, 0.1538 -1.1791 0.7423, 0.1538 -1.1831 0.7423, 0.1545 -1.1791 0.7439, 0.1545 -1.1831 0.7439, 0.1549 -1.1791 0.7457, 0.1549 -1.1831 0.7457, 0.1552 -1.1791 0.7476, 0.1552 -1.1831 0.7476, 0.1552 -1.1791 0.749, 0.1552 -1.1831 0.749, 0.1551 -1.1791 0.751, 0.1551 -1.1831 0.751, 0.1548 -1.1791 0.7529, 0.1548 -1.1831 0.7529, 0.1542 -1.1791 0.7547, 0.1542 -1.1831 0.7547, 0.1535 -1.1791 0.7562, 0.1535 -1.1831 0.7562, 0.1525 -1.1791 0.7577, 0.1525 -1.1831 0.7577, 0.1519 -1.1791 0.7584, 0.1519 -1.1831 0.7584, 0.1506 -1.1791 0.7597, 0.1506 -1.1831 0.7597, 0.149 -1.1791 0.7609, 0.149 -1.1831 0.7609, 0.147 -1.1791 0.7622, 0.147 -1.1831 0.7622, 0.1444 -1.1791 0.7636, 0.1444 -1.1831 0.7636, 0.1411 -1.1791 0.765, 0.1411 -1.1831 0.765, 0.139 -1.1791 0.7658, 0.139 -1.1831 0.7658, 0.1346 -1.1791 0.7677, 0.1346 -1.1831 0.7677, 0.1319 -1.1791 0.769, 0.1319 -1.1831 0.769, 0.1301 -1.1791 0.77, 0.1301 -1.1831 0.77, 0.1292 -1.1791 0.7707, 0.1292 -1.1831 0.7707, 0.1284 -1.1791 0.7716, 0.1284 -1.1831 0.7716, 0.1277 -1.1791 0.7727, 0.1277 -1.1831 0.7727, 0.1273 -1.1791 0.7738, 0.1273 -1.1831 0.7738, 0.1271 -1.1791 0.7751, 0.1271 -1.1831 0.7751, 0.127 -1.1791 0.7761, 0.127 -1.1831 0.7761, 0.1271 -1.1791 0.7774, 0.1271 -1.1831 0.7774, 0.1275 -1.1791 0.7786, 0.1275 -1.1831 0.7786, 0.128 -1.1791 0.7796, 0.128 -1.1831 0.7796, 0.1288 -1.1791 0.7806, 0.1288 -1.1831 0.7806, 0.1298 -1.1791 0.7815, 0.1298 -1.1831 0.7815, 0.1301 -1.1791 0.7816, 0.1301 -1.1831 0.7816, 0.1314 -1.1791 0.7824, 0.1314 -1.1831 0.7824, 0.1329 -1.1791 0.783, 0.1329 -1.1831 0.783, 0.1345 -1.1791 0.7835, 0.1345 -1.1831 0.7835, 0.1364 -1.1791 0.7837, 0.1364 -1.1831 0.7837, 0.138 -1.1791 0.7838, 0.138 -1.1831 0.7838, 0.1407 -1.1791 0.7836, 0.1407 -1.1831 0.7836, 0.1432 -1.1791 0.7833, 0.1432 -1.1831 0.7833, 0.1457 -1.1791 0.7827, 0.1457 -1.1831 0.7827, 0.148 -1.1791 0.7819, 0.148 -1.1831 0.7819, 0.1503 -1.1791 0.7809, 0.1503 -1.1831 0.7809, 0.1525 -1.1791 0.7796, 0.1525 -1.1831 0.7796, 0.1525 -1.1831 0.7894, 0.1525 -1.1791 0.7894, 0.1499 -1.1791 0.7903, 0.1499 -1.1831 0.7903, 0.1472 -1.1791 0.791, 0.1472 -1.1831 0.791, 0.1444 -1.1791 0.7915, 0.1444 -1.1831 0.7915, 0.1415 -1.1791 0.7918, 0.1415 -1.1831 0.7918, 0.139 -1.1791 0.7919, 0.139 -1.1831 0.7919, 0.136 -1.1791 0.7918, 0.136 -1.1831 0.7918, 0.1332 -1.1791 0.7914, 0.1332 -1.1831 0.7914, 0.1307 -1.1791 0.7909, 0.1307 -1.1831 0.7909, 0.1283 -1.1791 0.7901, 0.1283 -1.1831 0.7901, 0.1261 -1.1791 0.7891, 0.1261 -1.1831 0.7891, 0.124 -1.1791 0.788, 0.124 -1.1831 0.788, 0.1231 -1.1791 0.7874, 0.1231 -1.1831 0.7874, 0.1215 -1.1791 0.786, 0.1215 -1.1831 0.786, 0.1201 -1.1791 0.7846, 0.1201 -1.1831 0.7846, 0.1189 -1.1791 0.7831, 0.1189 -1.1831 0.7831, 0.118 -1.1791 0.7815, 0.118 -1.1831 0.7815, 0.1174 -1.1791 0.7799, 0.1174 -1.1831 0.7799, 0.1169 -1.1791 0.7781, 0.1169 -1.1831 0.7781, 0.1167 -1.1791 0.7762, 0.1167 -1.1831 0.7762, 0.1167 -1.1791 0.7752, 0.1167 -1.1831 0.7752, 0.1168 -1.1791 0.7731, 0.1168 -1.1831 0.7731, 0.1172 -1.1791 0.7711, 0.1172 -1.1831 0.7711, 0.1177 -1.1791 0.7693, 0.1177 -1.1831 0.7693, 0.1185 -1.1791 0.7677, 0.1185 -1.1831 0.7677, 0.1194 -1.1791 0.7663, 0.1194 -1.1831 0.7663, 0.1195 -1.1791 0.7661, 0.1195 -1.1831 0.7661, 0.1206 -1.1791 0.765, 0.1206 -1.1831 0.765, 0.1219 -1.1791 0.7638, 0.1219 -1.1831 0.7638, 0.1237 -1.1791 0.7625, 0.1237 -1.1831 0.7625, 0.1261 -1.1791 0.7612, 0.1261 -1.1831 0.7612, 0.1291 -1.1791 0.7597, 0.1291 -1.1831 0.7597, 0.1319 -1.1791 0.7585, 0.1319 -1.1831 0.7585, 0.1363 -1.1791 0.7568, 0.1363 -1.1831 0.7568, 0.1392 -1.1791 0.7554, 0.1392 -1.1831 0.7554, 0.1412 -1.1791 0.7543, 0.1412 -1.1831 0.7543, 0.1424 -1.1791 0.7534, 0.1424 -1.1831 0.7534, 0.1434 -1.1791 0.7525, 0.1434 -1.1831 0.7525, 0.1441 -1.1791 0.7514, 0.1441 -1.1831 0.7514, 0.1446 -1.1791 0.7502, 0.1446 -1.1831 0.7502, 0.1449 -1.1791 0.749, 0.1449 -1.1831 0.749, 0.145 -1.1791 0.748, 0.145 -1.1831 0.748, 0.1448 -1.1791 0.7465, 0.1448 -1.1831 0.7465, 0.1445 -1.1791 0.7452, 0.1445 -1.1831 0.7452, 0.1439 -1.1791 0.7441, 0.1439 -1.1831 0.7441, 0.1432 -1.1791 0.7432, 0.1432 -1.1831 0.7432, 0.1423 -1.1791 0.7424, 0.1423 -1.1831 0.7424, 0.1411 -1.1791 0.7417, 0.1411 -1.1831 0.7417, 0.1397 -1.1791 0.7411, 0.1397 -1.1831 0.7411, 0.1379 -1.1791 0.7407, 0.1379 -1.1831 0.7407, 0.1359 -1.1791 0.7404, 0.1359 -1.1831 0.7404, 0.205 -1.1831 0.7906, 0.2154 -1.1831 0.7906, 0.205 -1.1791 0.7906, 0.2154 -1.1791 0.7906, 0.1893 -1.1831 0.7475, 0.1893 -1.1791 0.7475, 0.1886 -1.1791 0.7449, 0.1886 -1.1831 0.7449, 0.1881 -1.1791 0.7429, 0.1881 -1.1831 0.7429, 0.1879 -1.1831 0.7429, 0.1879 -1.1791 0.7429, 0.1866 -1.1831 0.7476, 0.1866 -1.1791 0.7476, 0.1717 -1.1831 0.7906, 0.1717 -1.1791 0.7906, 0.1605 -1.1831 0.7906, 0.1605 -1.1791 0.7906, 0.1829 -1.1831 0.7335, 0.1829 -1.1791 0.7335, 0.1785 -1.1831 0.7231, 0.1785 -1.1791 0.7231, 0.1773 -1.1791 0.7208, 0.1773 -1.1831 0.7208, 0.1761 -1.1791 0.719, 0.1761 -1.1831 0.719, 0.1747 -1.1791 0.7175, 0.1747 -1.1831 0.7175, 0.1732 -1.1791 0.7164, 0.1732 -1.1831 0.7164, 0.1717 -1.1791 0.7156, 0.1717 -1.1831 0.7156, 0.1699 -1.1791 0.7152, 0.1699 -1.1831 0.7152, 0.1682 -1.1791 0.7151, 0.1682 -1.1831 0.7151, 0.1661 -1.1791 0.7152, 0.1661 -1.1831 0.7152, 0.1638 -1.1791 0.7158, 0.1638 -1.1831 0.7158, 0.1625 -1.1791 0.7162, 0.1625 -1.1831 0.7162, 0.1625 -1.1831 0.7073, 0.1625 -1.1791 0.7073, 0.1649 -1.1791 0.7068, 0.1649 -1.1831 0.7068, 0.1677 -1.1791 0.7065, 0.1677 -1.1831 0.7065, 0.169 -1.1791 0.7065, 0.169 -1.1831 0.7065, 0.1715 -1.1791 0.7066, 0.1715 -1.1831 0.7066, 0.1738 -1.1791 0.7071, 0.1738 -1.1831 0.7071, 0.176 -1.1791 0.708, 0.176 -1.1831 0.708, 0.1781 -1.1791 0.7091, 0.1781 -1.1831 0.7091, 0.1801 -1.1791 0.7105, 0.1801 -1.1831 0.7105, 0.1821 -1.1791 0.7124, 0.1821 -1.1831 0.7124, 0.1839 -1.1791 0.7146, 0.1839 -1.1831 0.7146, 0.1857 -1.1791 0.7173, 0.1857 -1.1831 0.7173, 0.1875 -1.1791 0.7205, 0.1875 -1.1831 0.7205, 0.1892 -1.1791 0.7242, 0.1892 -1.1831 0.7242, 0.1894 -1.1791 0.7248, 0.1894 -1.1831 0.7248, 0.2692 -1.1831 0.7425, 0.2692 -1.1831 0.7334, 0.2692 -1.1791 0.7425, 0.2692 -1.1791 0.7334, 0.2365 -1.1831 0.7425, 0.2365 -1.1791 0.7425, 0.2365 -1.1831 0.7695, 0.2365 -1.1791 0.7695, 0.2651 -1.1831 0.7695, 0.2651 -1.1791 0.7695, 0.2651 -1.1831 0.7786, 0.2651 -1.1791 0.7786, 0.2365 -1.1831 0.7786, 0.2365 -1.1791 0.7786, 0.2365 -1.1831 0.8043, 0.2365 -1.1791 0.8043, 0.2674 -1.1831 0.8043, 0.2674 -1.1791 0.8043, 0.2674 -1.1831 0.8135, 0.2674 -1.1791 0.8135, 0.2262 -1.1831 0.8135, 0.2262 -1.1791 0.8135, 0.2262 -1.1831 0.7334, 0.2262 -1.1791 0.7334, 0.3212 -1.1831 0.7451, 0.3267 -1.1831 0.7375, 0.3241 -1.1831 0.7465, 0.3301 -1.1831 0.7392, 0.3267 -1.1831 0.7481, 0.3332 -1.1831 0.7412, 0.3291 -1.1831 0.75, 0.3361 -1.1831 0.7434, 0.3301 -1.1831 0.7509, 0.3375 -1.1831 0.7446, 0.3321 -1.1831 0.7531, 0.34 -1.1831 0.7472, 0.3339 -1.1831 0.7555, 0.3423 -1.1831 0.75, 0.3354 -1.1831 0.7581, 0.3442 -1.1831 0.753, 0.3366 -1.1831 0.761, 0.338 -1.1831 0.7819, 0.348 -1.1831 0.7861, 0.3372 -1.1831 0.7852, 0.3469 -1.1831 0.7895, 0.3361 -1.1831 0.7882, 0.3455 -1.1831 0.7926, 0.3348 -1.1831 0.7909, 0.3438 -1.1831 0.7956, 0.3332 -1.1831 0.7932, 0.3418 -1.1831 0.7984, 0.3395 -1.1831 0.8009, 0.3314 -1.1831 0.7954, 0.3375 -1.1831 0.8029, 0.3299 -1.1831 0.7967, 0.3345 -1.1831 0.8053, 0.3274 -1.1831 0.7986, 0.3314 -1.1831 0.8073, 0.3247 -1.1831 0.8003, 0.3281 -1.1831 0.8091, 0.3218 -1.1831 0.8016, 0.3246 -1.1831 0.8106, 0.3187 -1.1831 0.8027, 0.321 -1.1831 0.8117, 0.3153 -1.1831 0.8035, 0.3171 -1.1831 0.8126, 0.3117 -1.1831 0.804, 0.313 -1.1831 0.8132, 0.3078 -1.1831 0.8043, 0.3087 -1.1831 0.8135, 0.3068 -1.1831 0.8043, 0.3072 -1.1831 0.8135, 0.2947 -1.1831 0.8043, 0.2844 -1.1831 0.8135, 0.2947 -1.1831 0.7425, 0.2844 -1.1831 0.7334, 0.3063 -1.1831 0.7425, 0.3064 -1.1831 0.7334, 0.3105 -1.1831 0.7427, 0.311 -1.1831 0.7336, 0.3144 -1.1831 0.7432, 0.3153 -1.1831 0.7341, 0.318 -1.1831 0.744, 0.3194 -1.1831 0.7349, 0.3232 -1.1831 0.736, 0.3458 -1.1831 0.7561, 0.3472 -1.1831 0.7594, 0.3375 -1.1831 0.7641, 0.3482 -1.1831 0.7629, 0.3382 -1.1831 0.7675, 0.349 -1.1831 0.7667, 0.3386 -1.1831 0.7712, 0.3494 -1.1831 0.7706, 0.3387 -1.1831 0.7742, 0.3495 -1.1831 0.7745, 0.3385 -1.1831 0.7782, 0.3494 -1.1831 0.7786, 0.3489 -1.1831 0.7825, 0.3274 -1.1791 0.7986, 0.3345 -1.1791 0.8053, 0.3299 -1.1791 0.7967, 0.3375 -1.1791 0.8029, 0.3314 -1.1791 0.7954, 0.3395 -1.1791 0.8009, 0.3332 -1.1791 0.7932, 0.3418 -1.1791 0.7984, 0.3348 -1.1791 0.7909, 0.3438 -1.1791 0.7956, 0.3361 -1.1791 0.7882, 0.3455 -1.1791 0.7926, 0.3372 -1.1791 0.7852, 0.3241 -1.1791 0.7465, 0.3267 -1.1791 0.7375, 0.3212 -1.1791 0.7451, 0.3232 -1.1791 0.736, 0.318 -1.1791 0.744, 0.3194 -1.1791 0.7349, 0.3144 -1.1791 0.7432, 0.3153 -1.1791 0.7341, 0.3105 -1.1791 0.7427, 0.311 -1.1791 0.7336, 0.3063 -1.1791 0.7425, 0.3064 -1.1791 0.7334, 0.2947 -1.1791 0.7425, 0.2844 -1.1791 0.7334, 0.2947 -1.1791 0.8043, 0.2844 -1.1791 0.8135, 0.3068 -1.1791 0.8043, 0.3072 -1.1791 0.8135, 0.3078 -1.1791 0.8043, 0.3087 -1.1791 0.8135, 0.3117 -1.1791 0.804, 0.313 -1.1791 0.8132, 0.3153 -1.1791 0.8035, 0.3171 -1.1791 0.8126, 0.3187 -1.1791 0.8027, 0.321 -1.1791 0.8117, 0.3218 -1.1791 0.8016, 0.3246 -1.1791 0.8106, 0.3247 -1.1791 0.8003, 0.3281 -1.1791 0.8091, 0.3314 -1.1791 0.8073, 0.3375 -1.1791 0.7641, 0.3472 -1.1791 0.7594, 0.3366 -1.1791 0.761, 0.3458 -1.1791 0.7561, 0.3354 -1.1791 0.7581, 0.3442 -1.1791 0.753, 0.3339 -1.1791 0.7555, 0.3423 -1.1791 0.75, 0.3321 -1.1791 0.7531, 0.34 -1.1791 0.7472, 0.3301 -1.1791 0.7509, 0.3375 -1.1791 0.7446, 0.3291 -1.1791 0.75, 0.3361 -1.1791 0.7434, 0.3267 -1.1791 0.7481, 0.3332 -1.1791 0.7412, 0.3301 -1.1791 0.7392, 0.3469 -1.1791 0.7895, 0.348 -1.1791 0.7861, 0.338 -1.1791 0.7819, 0.3489 -1.1791 0.7825, 0.3385 -1.1791 0.7782, 0.3494 -1.1791 0.7786, 0.3387 -1.1791 0.7742, 0.3495 -1.1791 0.7745, 0.3386 -1.1791 0.7712, 0.3494 -1.1791 0.7706, 0.3382 -1.1791 0.7675, 0.349 -1.1791 0.7667, 0.3482 -1.1791 0.7629, 0.3764 -1.1831 0.7644, 0.3731 -1.1831 0.7553, 0.4033 -1.1831 0.7644, 0.4064 -1.1831 0.7553, 0.3884 -1.1831 0.7976, 0.3845 -1.1831 0.8135, 0.354 -1.1831 0.7334, 0.3654 -1.1831 0.7334, 0.389 -1.1831 0.8, 0.3897 -1.1831 0.8032, 0.3955 -1.1831 0.8135, 0.3899 -1.1831 0.8032, 0.3906 -1.1831 0.7999, 0.3912 -1.1831 0.7976, 0.426 -1.1831 0.7334, 0.4146 -1.1831 0.7334, 0.4033 -1.1791 0.7644, 0.3912 -1.1791 0.7976, 0.3955 -1.1791 0.8135, 0.3906 -1.1791 0.7999, 0.3899 -1.1791 0.8032, 0.3845 -1.1791 0.8135, 0.3897 -1.1791 0.8032, 0.389 -1.1791 0.8, 0.3884 -1.1791 0.7976, 0.3764 -1.1791 0.7644, 0.354 -1.1791 0.7334, 0.426 -1.1791 0.7334, 0.4146 -1.1791 0.7334, 0.4064 -1.1791 0.7553, 0.3654 -1.1791 0.7334, 0.3731 -1.1791 0.7553, -0.3407 -1.1831 0.7116, -0.3345 -1.1831 0.7064, -0.3543 -1.1831 0.7724, -0.3055 -1.1831 0.8754, -0.3014 -1.1831 0.8732, -0.319 -1.1831 0.9147, -0.2681 -1.1831 0.9155, -0.2585 -1.1831 0.9207, -0.2762 -1.1831 0.9504, -0.1549 -1.1831 0.8863, -0.1502 -1.1831 0.8762, -0.1175 -1.1831 0.8874, -0.147 -1.1831 0.8657, -0.1454 -1.1831 0.8567, -0.2975 -1.1831 0.7738, -0.2922 -1.1831 0.7721, -0.2803 -1.1831 0.8062, -0.1238 -1.1831 0.7711, -0.1317 -1.1831 0.7687, -0.1233 -1.1831 0.7348, -0.3549 -1.1831 0.7343, -0.3514 -1.1831 0.7259, -0.3467 -1.1831 0.7184, -0.1642 -1.1831 0.8003, -0.1818 -1.1831 0.8305, -0.2439 -1.1831 0.7582, -0.2581 -1.1831 0.7906, -0.2439 -1.1831 0.7525, -0.2747 -1.1831 0.702, -0.2444 -1.1831 0.7452, -0.267 -1.1831 0.7068, -0.2606 -1.1831 0.7123, -0.3065 -1.1831 0.7303, -0.3087 -1.1831 0.6961, -0.3014 -1.1831 0.7297, -0.3008 -1.1831 0.6956, -0.2959 -1.1831 0.7304, -0.3163 -1.1831 0.7355, -0.3117 -1.1831 0.7323, -0.3265 -1.1831 0.7016, -0.3179 -1.1831 0.6981, -0.281 -1.1831 0.7607, -0.2795 -1.1831 0.7555, -0.2793 -1.1831 0.75, -0.2805 -1.1831 0.7445, -0.283 -1.1831 0.7395, -0.348 -1.1831 0.8793, -0.3553 -1.1831 0.9129, -0.3664 -1.1831 0.9093, -0.134 -1.1831 0.7331, -0.1374 -1.1831 0.7679, -0.1676 -1.1831 0.7331, -0.1631 -1.1831 0.7679, -0.1705 -1.1831 0.7336, -0.2641 -1.1831 0.9554, -0.2481 -1.1831 0.9246, -0.2516 -1.1831 0.9591, -0.3626 -1.1831 0.777, -0.3722 -1.1831 0.7406, -0.3613 -1.1831 0.7362, -0.3567 -1.1831 0.8758, -0.377 -1.1831 0.9042, -0.3647 -1.1831 0.871, -0.387 -1.1831 0.8977, -0.3718 -1.1831 0.865, -0.2546 -1.1831 0.7194, -0.2498 -1.1831 0.7274, -0.2463 -1.1831 0.7361, -0.3235 -1.1831 0.7496, -0.3223 -1.1831 0.7443, -0.3199 -1.1831 0.7396, -0.272 -1.1831 0.8022, -0.2875 -1.1831 0.7692, -0.2646 -1.1831 0.797, -0.0983 -1.1831 0.825, -0.0682 -1.1831 0.8437, -0.1014 -1.1831 0.8327, -0.0733 -1.1831 0.8532, -0.1059 -1.1831 0.8396, -0.0798 -1.1831 0.8621, -0.1115 -1.1831 0.8456, -0.0875 -1.1831 0.8701, -0.118 -1.1831 0.8503, -0.3763 -1.1831 0.7897, -0.4004 -1.1831 0.7616, -0.3699 -1.1831 0.7828, -0.3918 -1.1831 0.7533, -0.3824 -1.1831 0.7462, -0.3439 -1.1831 0.9151, -0.3389 -1.1831 0.8813, -0.3321 -1.1831 0.9159, -0.3316 -1.1831 0.8817, -0.3256 -1.1831 0.9155, -0.3227 -1.1831 0.881, -0.314 -1.1831 0.8789, -0.3234 -1.1831 0.7552, -0.3219 -1.1831 0.7606, -0.3518 -1.1831 0.7783, -0.3191 -1.1831 0.7654, -0.3014 -1.1831 0.7741, -0.3099 -1.1831 0.8093, -0.3068 -1.1831 0.7735, -0.3185 -1.1831 0.8071, -0.3117 -1.1831 0.7716, -0.2892 -1.1831 0.8088, -0.2979 -1.1831 0.8099, -0.3008 -1.1831 0.81, -0.2866 -1.1831 0.7353, -0.291 -1.1831 0.7323, -0.283 -1.1831 0.6984, -0.2917 -1.1831 0.6963, -0.113 -1.1831 0.7379, -0.1032 -1.1831 0.7424, -0.1166 -1.1831 0.7749, -0.0939 -1.1831 0.7482, -0.1102 -1.1831 0.7799, -0.0855 -1.1831 0.7554, -0.1076 -1.1831 0.7826, -0.0822 -1.1831 0.7588, -0.1028 -1.1831 0.7892, -0.2878 -1.1831 0.9439, -0.294 -1.1831 0.9398, -0.277 -1.1831 0.9091, -0.303 -1.1831 0.9325, -0.2849 -1.1831 0.9014, -0.3113 -1.1831 0.9242, -0.2916 -1.1831 0.8928, -0.2971 -1.1831 0.8834, -0.1225 -1.1831 0.8988, -0.1288 -1.1831 0.9097, -0.161 -1.1831 0.8956, -0.1365 -1.1831 0.9201, -0.1682 -1.1831 0.904, -0.3876 -1.1831 0.8146, -0.4214 -1.1831 0.8005, -0.3851 -1.1831 0.8055, -0.4177 -1.1831 0.7894, -0.3812 -1.1831 0.797, -0.4126 -1.1831 0.7787, -0.4062 -1.1831 0.7687, -0.2836 -1.1831 0.7652, -0.0972 -1.1831 0.8041, -0.0613 -1.1831 0.8079, -0.0965 -1.1831 0.8123, -0.0612 -1.1831 0.8128, -0.0967 -1.1831 0.8169, -0.0621 -1.1831 0.8235, -0.0644 -1.1831 0.8337, -0.0754 -1.1831 0.7672, -0.0699 -1.1831 0.7764, -0.0993 -1.1831 0.7964, -0.0656 -1.1831 0.7864, -0.0627 -1.1831 0.7969, -0.3268 -1.1831 0.8036, -0.3338 -1.1831 0.7993, -0.3162 -1.1831 0.7684, -0.3408 -1.1831 0.7933, -0.3469 -1.1831 0.7863, -0.1658 -1.1831 0.7684, -0.1797 -1.1831 0.7392, -0.178 -1.1831 0.7375, -0.2257 -1.1831 0.962, -0.2251 -1.1831 0.9278, -0.2217 -1.1831 0.9619, -0.2143 -1.1831 0.9271, -0.3821 -1.1831 0.8509, -0.417 -1.1831 0.8598, -0.3856 -1.1831 0.8426, -0.4209 -1.1831 0.8487, -0.3878 -1.1831 0.8339, -0.4234 -1.1831 0.8371, -0.3885 -1.1831 0.8248, -0.4243 -1.1831 0.826, -0.3885 -1.1831 0.8232, -0.4244 -1.1831 0.8237, -0.4236 -1.1831 0.812, -0.1409 -1.1831 0.8567, -0.1328 -1.1831 0.8559, -0.1154 -1.1831 0.8867, -0.1252 -1.1831 0.8538, -0.1058 -1.1831 0.8827, -0.0962 -1.1831 0.877, -0.1841 -1.1831 0.7508, -0.1836 -1.1831 0.7467, -0.1821 -1.1831 0.7428, -0.1641 -1.1831 0.768, -0.1742 -1.1831 0.735, -0.2388 -1.1831 0.9612, -0.2372 -1.1831 0.9269, -0.2268 -1.1831 0.9278, -0.1707 -1.1831 0.7679, -0.1746 -1.1831 0.7664, -0.184 -1.1831 0.7525, -0.1782 -1.1831 0.764, -0.181 -1.1831 0.7608, -0.183 -1.1831 0.7569, -0.3956 -1.1831 0.8905, -0.3976 -1.1831 0.8886, -0.3773 -1.1831 0.8586, -0.4053 -1.1831 0.8798, -0.4118 -1.1831 0.8702, -0.1665 -1.1831 0.7684, -0.1456 -1.1831 0.9299, -0.1483 -1.1831 0.9324, -0.1752 -1.1831 0.9102, -0.1591 -1.1831 0.9408, -0.1841 -1.1831 0.9165, -0.1707 -1.1831 0.9479, -0.1937 -1.1831 0.9214, -0.1829 -1.1831 0.9536, -0.2038 -1.1831 0.9249, -0.1956 -1.1831 0.9579, -0.2086 -1.1831 0.9607, -0.1818 -1.1791 0.8305, -0.1642 -1.1791 0.8003, -0.2581 -1.1791 0.7906, -0.2439 -1.1791 0.7582, -0.2747 -1.1791 0.702, -0.2439 -1.1791 0.7525, -0.2444 -1.1791 0.7452, -0.267 -1.1791 0.7068, -0.2606 -1.1791 0.7123, -0.3068 -1.1791 0.7735, -0.3117 -1.1791 0.7716, -0.3543 -1.1791 0.7724, -0.3162 -1.1791 0.7684, -0.2585 -1.1791 0.9207, -0.2681 -1.1791 0.9155, -0.2878 -1.1791 0.9439, -0.3407 -1.1791 0.7116, -0.3467 -1.1791 0.7184, -0.3219 -1.1791 0.7606, -0.3514 -1.1791 0.7259, -0.3549 -1.1791 0.7343, -0.283 -1.1791 0.7395, -0.2805 -1.1791 0.7445, -0.2793 -1.1791 0.75, -0.2795 -1.1791 0.7555, -0.3851 -1.1791 0.8055, -0.3812 -1.1791 0.797, -0.4126 -1.1791 0.7787, -0.2463 -1.1791 0.7361, -0.2498 -1.1791 0.7274, -0.2546 -1.1791 0.7194, -0.3014 -1.1791 0.7297, -0.2959 -1.1791 0.7304, -0.2917 -1.1791 0.6963, -0.3567 -1.1791 0.8758, -0.3664 -1.1791 0.9093, -0.348 -1.1791 0.8793, -0.3553 -1.1791 0.9129, -0.3389 -1.1791 0.8813, -0.3439 -1.1791 0.9151, -0.3316 -1.1791 0.8817, -0.4062 -1.1791 0.7687, -0.3763 -1.1791 0.7897, -0.4004 -1.1791 0.7616, -0.3699 -1.1791 0.7828, -0.3918 -1.1791 0.7533, -0.3824 -1.1791 0.7462, -0.3626 -1.1791 0.777, -0.3722 -1.1791 0.7406, -0.3613 -1.1791 0.7362, -0.3191 -1.1791 0.7654, -0.161 -1.1791 0.8956, -0.1288 -1.1791 0.9097, -0.1549 -1.1791 0.8863, -0.1225 -1.1791 0.8988, -0.1502 -1.1791 0.8762, -0.1175 -1.1791 0.8874, -0.147 -1.1791 0.8657, -0.294 -1.1791 0.9398, -0.277 -1.1791 0.9091, -0.303 -1.1791 0.9325, -0.1252 -1.1791 0.8538, -0.1328 -1.1791 0.8559, -0.3234 -1.1791 0.7552, -0.3235 -1.1791 0.7496, -0.3223 -1.1791 0.7443, -0.3113 -1.1791 0.9242, -0.2849 -1.1791 0.9014, -0.319 -1.1791 0.9147, -0.2916 -1.1791 0.8928, -0.2971 -1.1791 0.8834, -0.0993 -1.1791 0.7964, -0.0699 -1.1791 0.7764, -0.1028 -1.1791 0.7892, -0.0754 -1.1791 0.7672, -0.1076 -1.1791 0.7826, -0.0822 -1.1791 0.7588, -0.1102 -1.1791 0.7799, -0.0855 -1.1791 0.7554, -0.1166 -1.1791 0.7749, -0.1014 -1.1791 0.8327, -0.0682 -1.1791 0.8437, -0.0983 -1.1791 0.825, -0.0644 -1.1791 0.8337, -0.0967 -1.1791 0.8169, -0.0621 -1.1791 0.8235, -0.0965 -1.1791 0.8123, -0.1409 -1.1791 0.8567, -0.1454 -1.1791 0.8567, -0.3117 -1.1791 0.7323, -0.3345 -1.1791 0.7064, -0.3163 -1.1791 0.7355, -0.3199 -1.1791 0.7396, -0.3014 -1.1791 0.7741, -0.2979 -1.1791 0.8099, -0.2975 -1.1791 0.7738, -0.2892 -1.1791 0.8088, -0.2922 -1.1791 0.7721, -0.3321 -1.1791 0.9159, -0.3256 -1.1791 0.9155, -0.3227 -1.1791 0.881, -0.314 -1.1791 0.8789, -0.283 -1.1791 0.6984, -0.291 -1.1791 0.7323, -0.2866 -1.1791 0.7353, -0.2803 -1.1791 0.8062, -0.272 -1.1791 0.8022, -0.2875 -1.1791 0.7692, -0.2646 -1.1791 0.797, -0.2836 -1.1791 0.7652, -0.281 -1.1791 0.7607, -0.3268 -1.1791 0.8036, -0.3185 -1.1791 0.8071, -0.3055 -1.1791 0.8754, -0.3014 -1.1791 0.8732, -0.178 -1.1791 0.7375, -0.1797 -1.1791 0.7392, -0.1658 -1.1791 0.7684, -0.1821 -1.1791 0.7428, -0.0612 -1.1791 0.8128, -0.0613 -1.1791 0.8079, -0.0972 -1.1791 0.8041, -0.0627 -1.1791 0.7969, -0.0656 -1.1791 0.7864, -0.1154 -1.1791 0.8867, -0.1058 -1.1791 0.8827, -0.118 -1.1791 0.8503, -0.0962 -1.1791 0.877, -0.1115 -1.1791 0.8456, -0.0875 -1.1791 0.8701, -0.1059 -1.1791 0.8396, -0.0798 -1.1791 0.8621, -0.0733 -1.1791 0.8532, -0.3008 -1.1791 0.6956, -0.3087 -1.1791 0.6961, -0.3065 -1.1791 0.7303, -0.3179 -1.1791 0.6981, -0.3265 -1.1791 0.7016, -0.3469 -1.1791 0.7863, -0.3408 -1.1791 0.7933, -0.3338 -1.1791 0.7993, -0.3099 -1.1791 0.8093, -0.3008 -1.1791 0.81, -0.3856 -1.1791 0.8426, -0.417 -1.1791 0.8598, -0.3821 -1.1791 0.8509, -0.4118 -1.1791 0.8702, -0.3773 -1.1791 0.8586, -0.4177 -1.1791 0.7894, -0.4214 -1.1791 0.8005, -0.3876 -1.1791 0.8146, -0.4236 -1.1791 0.812, -0.3885 -1.1791 0.8232, -0.4244 -1.1791 0.8237, -0.3885 -1.1791 0.8248, -0.4243 -1.1791 0.826, -0.3878 -1.1791 0.8339, -0.4234 -1.1791 0.8371, -0.4209 -1.1791 0.8487, -0.0939 -1.1791 0.7482, -0.1032 -1.1791 0.7424, -0.1238 -1.1791 0.7711, -0.113 -1.1791 0.7379, -0.1317 -1.1791 0.7687, -0.1233 -1.1791 0.7348, -0.1374 -1.1791 0.7679, -0.134 -1.1791 0.7331, -0.1631 -1.1791 0.7679, -0.1676 -1.1791 0.7331, -0.1641 -1.1791 0.768, -0.1705 -1.1791 0.7336, -0.1742 -1.1791 0.735, -0.1836 -1.1791 0.7467, -0.1841 -1.1791 0.7508, -0.184 -1.1791 0.7525, -0.3518 -1.1791 0.7783, -0.4053 -1.1791 0.8798, -0.3976 -1.1791 0.8886, -0.3718 -1.1791 0.865, -0.3956 -1.1791 0.8905, -0.3647 -1.1791 0.871, -0.387 -1.1791 0.8977, -0.377 -1.1791 0.9042, -0.183 -1.1791 0.7569, -0.181 -1.1791 0.7608, -0.1782 -1.1791 0.764, -0.1746 -1.1791 0.7664, -0.1752 -1.1791 0.9102, -0.1483 -1.1791 0.9324, -0.1682 -1.1791 0.904, -0.1456 -1.1791 0.9299, -0.1365 -1.1791 0.9201, -0.2762 -1.1791 0.9504, -0.2641 -1.1791 0.9554, -0.2481 -1.1791 0.9246, -0.2516 -1.1791 0.9591, -0.2372 -1.1791 0.9269, -0.2388 -1.1791 0.9612, -0.2268 -1.1791 0.9278, -0.2257 -1.1791 0.962, -0.2251 -1.1791 0.9278, -0.2217 -1.1791 0.9619, -0.2143 -1.1791 0.9271, -0.2086 -1.1791 0.9607, -0.2038 -1.1791 0.9249, -0.1956 -1.1791 0.9579, -0.1937 -1.1791 0.9214, -0.1829 -1.1791 0.9536, -0.1841 -1.1791 0.9165, -0.1707 -1.1791 0.9479, -0.1591 -1.1791 0.9408, -0.1707 -1.1791 0.7679, -0.1665 -1.1791 0.7684
            ]
        }
        coordIndex [
            0,1,2,-1,2,1,3,-1,4,0,5,-1,5,0,2,-1,6,4,7,-1,7,4,5,-1,8,6,9,-1,9,6,7,-1,10,8,11,-1,11,8,9,-1,1,10,3,-1,3,10,11,-1,6,8,4,-1,4,8,10,-1,4,10,0,-1,0,10,1,-1,2,3,5,-1,5,3,11,-1,5,11,7,-1,7,11,9,-1,12,13,14,-1,12,14,15,-1,15,14,16,-1,15,16,17,-1,17,16,18,-1,17,18,19,-1,19,18,20,-1,19,20,21,-1,21,20,22,-1,21,22,23,-1,23,22,24,-1,23,24,25,-1,26,25,27,-1,27,25,24,-1,26,27,28,-1,26,28,29,-1,29,28,30,-1,29,30,31,-1,31,30,32,-1,31,32,33,-1,33,32,34,-1,33,34,35,-1,35,34,36,-1,35,36,37,-1,37,36,38,-1,37,38,39,-1,39,38,40,-1,39,40,41,-1,41,40,42,-1,41,42,43,-1,43,42,44,-1,43,44,45,-1,45,44,46,-1,45,46,47,-1,47,46,48,-1,47,48,49,-1,49,48,50,-1,49,50,51,-1,51,50,52,-1,51,52,53,-1,53,52,54,-1,53,54,55,-1,55,54,56,-1,55,56,57,-1,57,56,58,-1,57,58,59,-1,59,58,60,-1,59,60,61,-1,61,60,62,-1,61,62,63,-1,63,62,64,-1,63,64,65,-1,65,64,66,-1,65,66,67,-1,67,66,68,-1,67,68,69,-1,69,68,70,-1,69,70,71,-1,71,70,72,-1,71,72,73,-1,73,72,74,-1,73,74,75,-1,75,74,76,-1,75,76,77,-1,77,76,78,-1,77,78,79,-1,79,78,80,-1,79,80,81,-1,81,80,82,-1,81,82,83,-1,83,82,84,-1,83,84,85,-1,85,84,86,-1,85,86,87,-1,87,86,88,-1,87,88,89,-1,89,88,90,-1,89,90,91,-1,91,90,92,-1,91,92,93,-1,93,92,94,-1,93,94,95,-1,95,94,96,-1,95,96,97,-1,97,96,98,-1,97,98,99,-1,99,98,100,-1,99,100,101,-1,101,100,102,-1,101,102,103,-1,103,102,104,-1,103,104,105,-1,105,104,106,-1,105,106,107,-1,107,106,108,-1,107,108,109,-1,109,108,110,-1,109,110,111,-1,111,110,112,-1,111,112,113,-1,113,112,114,-1,113,114,115,-1,116,115,117,-1,117,115,114,-1,116,117,118,-1,116,118,119,-1,119,118,120,-1,119,120,121,-1,121,120,122,-1,121,122,123,-1,123,122,124,-1,123,124,125,-1,125,124,126,-1,125,126,127,-1,127,126,128,-1,127,128,129,-1,129,128,130,-1,129,130,131,-1,131,130,132,-1,131,132,133,-1,133,132,134,-1,133,134,135,-1,135,134,136,-1,135,136,137,-1,137,136,138,-1,137,138,139,-1,139,138,140,-1,139,140,141,-1,141,140,142,-1,141,142,143,-1,143,142,144,-1,143,144,145,-1,145,144,146,-1,145,146,147,-1,147,146,148,-1,147,148,149,-1,149,148,150,-1,149,150,151,-1,151,150,152,-1,151,152,153,-1,153,152,154,-1,153,154,155,-1,155,154,156,-1,155,156,157,-1,157,156,158,-1,157,158,159,-1,159,158,160,-1,159,160,161,-1,161,160,162,-1,161,162,163,-1,163,162,164,-1,163,164,165,-1,165,164,166,-1,165,166,167,-1,167,166,168,-1,167,168,169,-1,169,168,170,-1,169,170,171,-1,171,170,172,-1,171,172,173,-1,173,172,174,-1,173,174,175,-1,175,174,176,-1,175,176,177,-1,177,176,178,-1,177,178,179,-1,179,178,180,-1,179,180,181,-1,181,180,182,-1,181,182,183,-1,183,182,184,-1,183,184,185,-1,185,184,186,-1,185,186,187,-1,187,186,188,-1,187,188,189,-1,189,188,190,-1,189,190,191,-1,191,190,192,-1,191,192,193,-1,193,192,194,-1,193,194,195,-1,195,194,196,-1,195,196,197,-1,197,196,13,-1,197,13,12,-1,113,115,116,-1,57,177,179,-1,57,179,55,-1,55,179,181,-1,55,181,53,-1,53,181,183,-1,53,183,51,-1,51,183,185,-1,51,185,49,-1,49,185,187,-1,49,187,47,-1,33,21,31,-1,31,21,23,-1,31,23,29,-1,29,23,25,-1,29,25,26,-1,187,189,47,-1,47,189,191,-1,47,191,45,-1,45,191,193,-1,45,193,43,-1,43,193,195,-1,43,195,41,-1,41,195,197,-1,41,197,39,-1,39,197,12,-1,39,12,37,-1,37,12,15,-1,37,15,35,-1,35,15,17,-1,35,17,33,-1,33,17,19,-1,33,19,21,-1,89,143,87,-1,87,143,145,-1,87,145,85,-1,85,145,147,-1,85,147,83,-1,83,147,149,-1,83,149,81,-1,81,149,151,-1,81,151,79,-1,79,151,153,-1,79,153,77,-1,77,153,155,-1,77,155,75,-1,113,116,111,-1,111,116,119,-1,111,119,109,-1,109,119,121,-1,109,121,107,-1,107,121,123,-1,107,123,105,-1,105,123,125,-1,105,125,103,-1,103,125,127,-1,103,127,101,-1,101,127,129,-1,101,129,99,-1,99,129,131,-1,99,131,97,-1,97,131,133,-1,97,133,95,-1,95,133,135,-1,95,135,93,-1,93,135,137,-1,93,137,91,-1,91,137,139,-1,91,139,89,-1,89,139,141,-1,89,141,143,-1,177,57,175,-1,175,57,59,-1,175,59,173,-1,173,59,61,-1,173,61,171,-1,171,61,63,-1,171,63,169,-1,169,63,65,-1,169,65,167,-1,167,65,165,-1,165,65,67,-1,165,67,163,-1,155,157,75,-1,75,157,159,-1,75,159,73,-1,73,159,161,-1,73,161,71,-1,71,161,163,-1,71,163,69,-1,69,163,67,-1,28,27,24,-1,28,24,30,-1,44,190,46,-1,46,190,188,-1,46,188,48,-1,48,188,186,-1,48,186,50,-1,50,186,184,-1,50,184,52,-1,52,184,182,-1,52,182,54,-1,114,112,117,-1,117,112,110,-1,117,110,118,-1,118,110,108,-1,182,180,54,-1,54,180,178,-1,54,178,56,-1,56,178,176,-1,56,176,58,-1,58,176,174,-1,58,174,60,-1,60,174,172,-1,60,172,62,-1,24,22,30,-1,30,22,20,-1,30,20,32,-1,32,20,18,-1,32,18,34,-1,34,18,16,-1,34,16,36,-1,36,16,14,-1,36,14,38,-1,38,14,13,-1,38,13,40,-1,40,13,196,-1,40,196,42,-1,42,196,194,-1,42,194,44,-1,44,194,192,-1,44,192,190,-1,82,146,84,-1,84,146,144,-1,84,144,86,-1,86,144,142,-1,86,142,88,-1,88,142,140,-1,88,140,90,-1,90,140,138,-1,90,138,92,-1,92,138,136,-1,92,136,94,-1,94,136,134,-1,94,134,96,-1,96,134,132,-1,96,132,98,-1,98,132,130,-1,98,130,100,-1,100,130,128,-1,100,128,102,-1,102,128,126,-1,102,126,104,-1,104,126,124,-1,104,124,106,-1,106,124,122,-1,106,122,108,-1,108,122,120,-1,108,120,118,-1,162,160,72,-1,72,160,158,-1,72,158,74,-1,74,158,156,-1,74,156,76,-1,76,156,154,-1,76,154,78,-1,78,154,152,-1,78,152,80,-1,80,152,150,-1,80,150,82,-1,82,150,148,-1,82,148,146,-1,172,170,62,-1,62,170,168,-1,62,168,64,-1,64,168,166,-1,64,166,66,-1,66,166,164,-1,66,164,68,-1,68,164,162,-1,68,162,70,-1,70,162,72,-1,198,199,200,-1,200,199,201,-1,202,198,203,-1,203,198,200,-1,204,202,205,-1,205,202,203,-1,206,204,207,-1,207,204,205,-1,208,206,209,-1,209,206,207,-1,210,208,211,-1,211,208,209,-1,212,210,213,-1,213,210,211,-1,214,212,215,-1,215,212,213,-1,216,214,217,-1,217,214,215,-1,218,216,219,-1,219,216,217,-1,220,218,221,-1,221,218,219,-1,199,220,201,-1,201,220,221,-1,220,199,198,-1,198,202,220,-1,220,202,204,-1,220,204,218,-1,214,216,212,-1,212,216,218,-1,212,218,210,-1,210,218,204,-1,210,204,208,-1,208,204,206,-1,219,217,215,-1,215,213,219,-1,219,213,211,-1,219,211,221,-1,200,201,203,-1,203,201,221,-1,203,221,205,-1,205,221,211,-1,205,211,207,-1,207,211,209,-1,222,223,224,-1,224,223,225,-1,224,225,226,-1,226,225,227,-1,226,227,228,-1,228,227,229,-1,228,229,230,-1,230,229,231,-1,230,231,232,-1,232,231,233,-1,232,233,234,-1,234,233,235,-1,234,235,236,-1,236,235,237,-1,236,237,238,-1,239,240,241,-1,241,240,242,-1,241,242,243,-1,243,242,244,-1,243,244,245,-1,245,244,246,-1,245,246,247,-1,246,248,247,-1,247,248,249,-1,247,249,250,-1,250,249,251,-1,250,251,252,-1,252,251,253,-1,252,253,254,-1,254,253,255,-1,254,255,256,-1,256,255,257,-1,256,257,258,-1,258,257,259,-1,258,259,260,-1,260,259,261,-1,260,261,262,-1,262,261,263,-1,262,263,264,-1,264,263,265,-1,264,265,266,-1,266,265,267,-1,266,267,268,-1,268,267,269,-1,268,269,270,-1,270,269,271,-1,270,271,272,-1,272,271,273,-1,272,273,274,-1,274,273,275,-1,274,275,276,-1,276,275,277,-1,276,277,278,-1,278,277,279,-1,278,279,280,-1,280,279,281,-1,280,281,222,-1,222,281,282,-1,222,282,223,-1,237,283,238,-1,238,283,284,-1,238,284,285,-1,285,284,286,-1,285,286,287,-1,287,286,288,-1,287,288,289,-1,289,288,290,-1,289,290,291,-1,291,290,292,-1,291,292,293,-1,293,292,294,-1,293,294,239,-1,239,294,295,-1,239,295,240,-1,296,297,298,-1,298,297,299,-1,298,299,300,-1,300,299,301,-1,300,301,302,-1,302,301,303,-1,302,303,304,-1,304,303,305,-1,304,305,306,-1,306,305,307,-1,306,307,308,-1,309,310,311,-1,311,310,312,-1,311,312,313,-1,313,312,314,-1,313,314,315,-1,315,314,316,-1,315,316,317,-1,317,316,318,-1,317,318,319,-1,319,318,320,-1,319,320,321,-1,321,320,322,-1,321,322,323,-1,323,322,324,-1,323,324,325,-1,325,324,326,-1,325,326,327,-1,327,326,328,-1,327,328,329,-1,329,328,330,-1,329,330,331,-1,331,330,332,-1,331,332,333,-1,333,332,334,-1,333,334,335,-1,335,334,336,-1,335,336,337,-1,337,336,338,-1,337,338,296,-1,296,338,339,-1,296,339,297,-1,340,341,342,-1,342,341,343,-1,342,343,344,-1,344,343,345,-1,344,345,346,-1,346,345,347,-1,346,347,348,-1,348,347,349,-1,348,349,350,-1,350,349,351,-1,350,351,352,-1,352,351,353,-1,352,353,354,-1,354,353,355,-1,354,355,309,-1,309,355,356,-1,309,356,310,-1,307,357,308,-1,308,357,358,-1,308,358,359,-1,359,358,360,-1,359,360,361,-1,361,360,362,-1,361,362,363,-1,363,362,364,-1,363,364,365,-1,365,364,366,-1,365,366,367,-1,367,366,368,-1,367,368,340,-1,340,368,369,-1,340,369,341,-1,275,273,320,-1,320,273,322,-1,275,320,318,-1,275,318,277,-1,277,318,316,-1,277,316,279,-1,279,316,314,-1,279,314,281,-1,281,314,312,-1,281,312,282,-1,282,312,310,-1,282,310,223,-1,223,310,356,-1,223,356,225,-1,225,356,355,-1,225,355,227,-1,227,355,353,-1,227,353,229,-1,229,353,351,-1,229,351,231,-1,231,351,349,-1,231,349,233,-1,233,349,347,-1,233,347,235,-1,235,347,345,-1,235,345,237,-1,237,345,343,-1,237,343,283,-1,283,343,341,-1,283,341,284,-1,284,341,369,-1,284,369,286,-1,286,369,368,-1,286,368,288,-1,288,368,366,-1,288,366,290,-1,290,366,364,-1,290,364,292,-1,292,364,362,-1,292,362,294,-1,294,362,360,-1,294,360,295,-1,295,360,358,-1,295,358,240,-1,240,358,357,-1,240,357,242,-1,242,357,307,-1,242,307,244,-1,244,307,305,-1,244,305,246,-1,246,305,303,-1,246,303,248,-1,248,303,301,-1,248,301,249,-1,249,301,299,-1,249,299,251,-1,251,299,297,-1,251,297,253,-1,253,297,339,-1,253,339,255,-1,255,339,338,-1,255,338,257,-1,257,338,336,-1,257,336,259,-1,259,336,334,-1,259,334,261,-1,261,334,332,-1,261,332,263,-1,263,332,330,-1,263,330,265,-1,265,330,328,-1,265,328,267,-1,267,328,326,-1,267,326,269,-1,271,269,324,-1,324,269,326,-1,273,271,322,-1,322,271,324,-1,268,270,325,-1,325,270,323,-1,270,272,323,-1,323,272,321,-1,272,274,321,-1,321,274,319,-1,230,350,352,-1,230,352,228,-1,228,352,354,-1,228,354,226,-1,226,354,309,-1,226,309,224,-1,224,309,311,-1,224,311,222,-1,222,311,313,-1,222,313,280,-1,280,313,315,-1,280,315,278,-1,278,315,317,-1,278,317,276,-1,276,317,319,-1,276,319,274,-1,291,363,365,-1,291,365,289,-1,289,365,367,-1,289,367,287,-1,287,367,340,-1,287,340,285,-1,285,340,342,-1,285,342,238,-1,238,342,344,-1,238,344,236,-1,236,344,346,-1,236,346,234,-1,234,346,348,-1,234,348,232,-1,232,348,350,-1,232,350,230,-1,252,298,300,-1,252,300,250,-1,250,300,302,-1,250,302,247,-1,247,302,304,-1,247,304,245,-1,245,304,306,-1,245,306,243,-1,243,306,308,-1,243,308,241,-1,241,308,359,-1,241,359,239,-1,239,359,361,-1,239,361,293,-1,293,361,363,-1,293,363,291,-1,268,325,327,-1,268,327,266,-1,266,327,329,-1,266,329,264,-1,264,329,331,-1,264,331,262,-1,262,331,333,-1,262,333,260,-1,260,333,335,-1,260,335,258,-1,258,335,337,-1,258,337,256,-1,256,337,296,-1,256,296,254,-1,254,296,298,-1,254,298,252,-1,370,371,372,-1,372,371,373,-1,374,375,370,-1,370,375,376,-1,370,376,371,-1,371,376,377,-1,374,378,375,-1,375,378,379,-1,375,379,380,-1,380,379,381,-1,380,381,382,-1,382,383,380,-1,380,383,372,-1,380,372,384,-1,384,372,373,-1,384,373,385,-1,386,387,388,-1,387,389,388,-1,388,389,390,-1,388,390,391,-1,391,390,392,-1,391,392,393,-1,393,394,391,-1,391,394,395,-1,391,395,396,-1,397,398,399,-1,400,396,401,-1,401,396,395,-1,401,395,399,-1,399,395,386,-1,399,386,397,-1,397,386,388,-1,380,384,388,-1,388,384,397,-1,375,380,391,-1,391,380,388,-1,376,375,396,-1,396,375,391,-1,377,376,400,-1,400,376,396,-1,371,377,401,-1,401,377,400,-1,373,371,399,-1,399,371,401,-1,385,373,398,-1,398,373,399,-1,384,385,397,-1,397,385,398,-1,370,372,395,-1,395,372,386,-1,372,383,386,-1,386,383,387,-1,381,390,389,-1,381,389,382,-1,382,389,387,-1,382,387,383,-1,381,379,390,-1,390,379,392,-1,374,394,393,-1,374,393,378,-1,378,393,392,-1,378,392,379,-1,374,370,394,-1,394,370,395,-1,402,403,404,-1,404,403,405,-1,406,402,407,-1,407,402,404,-1,408,406,409,-1,409,406,407,-1,410,408,411,-1,411,408,409,-1,412,410,413,-1,413,410,411,-1,414,412,415,-1,415,412,413,-1,416,414,417,-1,417,414,415,-1,418,416,419,-1,419,416,417,-1,420,418,421,-1,421,418,419,-1,422,420,423,-1,423,420,421,-1,424,422,425,-1,425,422,423,-1,403,424,405,-1,405,424,425,-1,424,403,402,-1,402,406,424,-1,424,406,408,-1,424,408,422,-1,418,420,416,-1,416,420,422,-1,416,422,414,-1,414,422,408,-1,414,408,412,-1,412,408,410,-1,423,421,419,-1,419,417,423,-1,423,417,415,-1,423,415,425,-1,404,405,407,-1,407,405,425,-1,407,425,409,-1,409,425,415,-1,409,415,411,-1,411,415,413,-1,426,427,428,-1,428,427,429,-1,430,431,432,-1,433,434,435,-1,435,434,436,-1,432,431,437,-1,437,431,438,-1,437,438,439,-1,439,438,440,-1,439,440,441,-1,442,443,444,-1,434,445,436,-1,436,445,446,-1,436,446,447,-1,433,435,448,-1,448,435,449,-1,448,449,450,-1,450,449,451,-1,450,451,452,-1,441,440,453,-1,453,440,454,-1,453,454,455,-1,455,454,456,-1,455,456,457,-1,446,458,447,-1,447,458,459,-1,447,459,460,-1,460,459,461,-1,460,461,462,-1,428,463,464,-1,464,463,465,-1,464,465,466,-1,467,468,469,-1,469,468,470,-1,469,470,471,-1,471,470,472,-1,471,472,473,-1,474,475,429,-1,429,475,476,-1,429,476,428,-1,428,476,477,-1,428,477,463,-1,457,456,478,-1,478,456,479,-1,478,479,480,-1,480,479,481,-1,480,481,482,-1,483,484,485,-1,485,484,486,-1,485,486,487,-1,487,486,488,-1,487,488,489,-1,444,490,442,-1,442,490,491,-1,442,491,483,-1,483,491,492,-1,483,492,484,-1,493,494,495,-1,495,494,496,-1,495,496,443,-1,443,496,497,-1,443,497,444,-1,498,499,500,-1,500,499,452,-1,500,452,501,-1,501,452,451,-1,472,502,473,-1,473,502,503,-1,473,503,504,-1,504,503,505,-1,504,505,506,-1,506,505,466,-1,506,466,507,-1,507,466,465,-1,482,481,508,-1,508,481,509,-1,508,509,510,-1,510,499,508,-1,508,499,498,-1,508,498,429,-1,429,498,511,-1,429,511,474,-1,488,512,489,-1,489,512,513,-1,489,513,514,-1,514,513,515,-1,514,515,516,-1,516,515,517,-1,516,517,467,-1,467,517,518,-1,467,518,468,-1,461,519,462,-1,462,519,520,-1,462,520,521,-1,521,520,522,-1,521,522,523,-1,432,524,430,-1,430,524,525,-1,430,525,526,-1,526,525,527,-1,526,527,528,-1,528,527,529,-1,528,529,530,-1,530,529,531,-1,530,531,532,-1,532,531,533,-1,532,533,534,-1,534,533,535,-1,534,535,536,-1,536,535,537,-1,536,537,538,-1,538,537,539,-1,538,539,540,-1,540,539,541,-1,540,541,542,-1,542,541,543,-1,542,543,544,-1,522,545,523,-1,523,545,546,-1,523,546,493,-1,493,546,547,-1,493,547,494,-1,548,549,550,-1,551,552,553,-1,553,552,554,-1,553,554,555,-1,556,557,558,-1,559,560,561,-1,561,560,562,-1,561,562,563,-1,554,564,555,-1,555,564,565,-1,555,565,566,-1,566,565,567,-1,566,567,568,-1,569,570,571,-1,571,570,572,-1,571,572,573,-1,573,572,574,-1,573,574,551,-1,551,574,575,-1,551,575,552,-1,576,556,577,-1,577,556,558,-1,577,558,578,-1,578,558,579,-1,580,581,582,-1,582,581,583,-1,582,583,584,-1,584,583,585,-1,584,585,586,-1,586,585,587,-1,586,587,588,-1,588,587,589,-1,590,591,580,-1,580,591,592,-1,580,592,581,-1,593,594,559,-1,559,594,595,-1,559,595,560,-1,596,597,593,-1,593,597,598,-1,593,598,594,-1,599,600,601,-1,601,600,558,-1,601,558,602,-1,602,558,557,-1,603,604,590,-1,590,604,605,-1,590,605,591,-1,567,606,568,-1,568,606,607,-1,568,607,608,-1,608,607,609,-1,608,609,610,-1,610,609,600,-1,610,600,611,-1,562,612,563,-1,563,612,613,-1,563,613,614,-1,611,600,615,-1,615,600,599,-1,615,599,589,-1,589,599,616,-1,589,616,588,-1,548,550,617,-1,617,550,618,-1,617,618,619,-1,619,618,620,-1,619,620,621,-1,621,620,622,-1,621,622,623,-1,623,622,624,-1,623,624,625,-1,625,624,626,-1,625,626,627,-1,627,626,628,-1,627,628,629,-1,629,628,630,-1,629,630,569,-1,569,630,631,-1,569,631,570,-1,632,633,634,-1,634,633,635,-1,634,635,603,-1,603,635,636,-1,603,636,604,-1,613,637,614,-1,614,637,638,-1,614,638,639,-1,639,638,640,-1,639,640,632,-1,632,640,641,-1,632,641,633,-1,642,643,644,-1,644,643,645,-1,644,645,646,-1,646,645,647,-1,646,647,648,-1,648,647,649,-1,648,649,650,-1,651,652,653,-1,653,652,654,-1,653,654,655,-1,655,654,656,-1,655,656,596,-1,596,656,657,-1,596,657,597,-1,649,658,650,-1,650,658,659,-1,650,659,660,-1,660,659,661,-1,660,661,662,-1,662,661,663,-1,662,663,651,-1,651,663,664,-1,651,664,652,-1,644,665,642,-1,642,665,666,-1,642,666,667,-1,667,666,668,-1,667,668,577,-1,577,668,669,-1,577,669,576,-1,529,630,628,-1,529,628,531,-1,531,628,626,-1,531,626,533,-1,533,626,624,-1,533,624,535,-1,535,624,622,-1,535,622,537,-1,537,622,620,-1,537,620,539,-1,539,620,618,-1,539,618,541,-1,541,618,550,-1,541,550,543,-1,544,543,549,-1,549,543,550,-1,544,549,548,-1,544,548,542,-1,542,548,617,-1,542,617,540,-1,540,617,619,-1,540,619,538,-1,538,619,621,-1,538,621,536,-1,536,621,623,-1,536,623,534,-1,534,623,625,-1,534,625,532,-1,532,625,627,-1,532,627,530,-1,530,627,629,-1,530,629,528,-1,528,629,569,-1,528,569,526,-1,526,569,571,-1,526,571,430,-1,430,571,573,-1,430,573,431,-1,431,573,551,-1,431,551,438,-1,438,551,553,-1,438,553,440,-1,440,553,555,-1,440,555,454,-1,454,555,566,-1,454,566,456,-1,456,566,568,-1,456,568,479,-1,479,568,608,-1,479,608,481,-1,481,608,610,-1,481,610,509,-1,509,610,611,-1,509,611,510,-1,510,611,615,-1,510,615,499,-1,452,499,589,-1,589,499,615,-1,452,589,587,-1,452,587,450,-1,450,587,585,-1,450,585,448,-1,448,585,583,-1,448,583,433,-1,433,583,581,-1,433,581,434,-1,434,581,592,-1,434,592,445,-1,445,592,591,-1,445,591,446,-1,446,591,605,-1,446,605,458,-1,458,605,604,-1,458,604,459,-1,459,604,636,-1,459,636,461,-1,461,636,635,-1,461,635,519,-1,519,635,633,-1,519,633,520,-1,520,633,641,-1,520,641,522,-1,522,641,640,-1,522,640,545,-1,545,640,638,-1,545,638,546,-1,546,638,637,-1,546,637,547,-1,547,637,613,-1,547,613,494,-1,494,613,612,-1,494,612,496,-1,496,612,562,-1,496,562,497,-1,497,562,560,-1,497,560,444,-1,444,560,595,-1,444,595,490,-1,490,595,594,-1,490,594,491,-1,491,594,598,-1,491,598,492,-1,492,598,597,-1,492,597,484,-1,484,597,657,-1,484,657,486,-1,486,657,656,-1,486,656,488,-1,488,656,654,-1,488,654,512,-1,512,654,652,-1,512,652,513,-1,513,652,664,-1,513,664,515,-1,515,664,663,-1,515,663,517,-1,517,663,661,-1,517,661,518,-1,518,661,659,-1,518,659,468,-1,468,659,658,-1,468,658,470,-1,470,658,649,-1,470,649,472,-1,472,649,647,-1,472,647,502,-1,502,647,645,-1,502,645,503,-1,503,645,643,-1,503,643,505,-1,505,643,642,-1,505,642,466,-1,466,642,667,-1,466,667,464,-1,428,464,577,-1,577,464,667,-1,426,428,578,-1,578,428,577,-1,427,426,579,-1,579,426,578,-1,429,427,558,-1,558,427,579,-1,429,558,600,-1,429,600,508,-1,508,600,609,-1,508,609,482,-1,482,609,607,-1,482,607,480,-1,480,607,606,-1,480,606,478,-1,478,606,567,-1,478,567,457,-1,457,567,565,-1,457,565,455,-1,455,565,564,-1,455,564,453,-1,453,564,554,-1,453,554,441,-1,441,554,552,-1,441,552,439,-1,439,552,575,-1,439,575,437,-1,437,575,574,-1,437,574,432,-1,432,574,572,-1,432,572,524,-1,524,572,570,-1,524,570,525,-1,525,570,631,-1,525,631,527,-1,527,631,630,-1,527,630,529,-1,436,580,582,-1,436,582,435,-1,435,582,584,-1,435,584,449,-1,449,584,586,-1,449,586,451,-1,451,586,588,-1,451,588,501,-1,501,588,616,-1,501,616,500,-1,523,639,632,-1,523,632,521,-1,521,632,634,-1,521,634,462,-1,462,634,603,-1,462,603,460,-1,460,603,590,-1,460,590,447,-1,447,590,580,-1,447,580,436,-1,483,593,559,-1,483,559,442,-1,442,559,561,-1,442,561,443,-1,443,561,563,-1,443,563,495,-1,495,563,614,-1,495,614,493,-1,493,614,639,-1,493,639,523,-1,516,662,651,-1,516,651,514,-1,514,651,653,-1,514,653,489,-1,489,653,655,-1,489,655,487,-1,487,655,596,-1,487,596,485,-1,485,596,593,-1,485,593,483,-1,507,666,665,-1,507,665,506,-1,506,665,644,-1,506,644,504,-1,504,644,646,-1,504,646,473,-1,473,646,648,-1,473,648,471,-1,471,648,650,-1,471,650,469,-1,469,650,660,-1,469,660,467,-1,467,660,662,-1,467,662,516,-1,511,601,602,-1,511,602,474,-1,474,602,557,-1,474,557,475,-1,475,557,556,-1,475,556,476,-1,476,556,576,-1,476,576,477,-1,477,576,669,-1,477,669,463,-1,463,669,668,-1,463,668,465,-1,465,668,666,-1,465,666,507,-1,511,498,601,-1,601,498,599,-1,498,500,599,-1,599,500,616,-1,670,671,672,-1,670,672,673,-1,673,672,674,-1,673,674,675,-1,675,674,676,-1,675,676,677,-1,677,676,678,-1,677,678,679,-1,679,678,680,-1,679,680,681,-1,681,680,682,-1,681,682,683,-1,683,682,684,-1,683,684,685,-1,686,685,687,-1,687,685,684,-1,686,687,688,-1,686,688,689,-1,689,688,690,-1,689,690,691,-1,691,690,692,-1,691,692,693,-1,693,692,694,-1,693,694,695,-1,695,694,696,-1,695,696,697,-1,697,696,698,-1,697,698,699,-1,699,698,700,-1,699,700,701,-1,701,700,702,-1,701,702,703,-1,703,702,704,-1,703,704,705,-1,705,704,706,-1,705,706,707,-1,707,706,708,-1,707,708,709,-1,709,708,710,-1,709,710,711,-1,711,710,712,-1,711,712,713,-1,713,712,714,-1,713,714,715,-1,715,714,716,-1,715,716,717,-1,717,716,718,-1,717,718,719,-1,719,718,720,-1,719,720,721,-1,721,720,722,-1,721,722,723,-1,723,722,724,-1,723,724,725,-1,725,724,726,-1,725,726,727,-1,727,726,728,-1,727,728,729,-1,729,728,730,-1,729,730,731,-1,731,730,732,-1,731,732,733,-1,733,732,734,-1,733,734,735,-1,735,734,736,-1,735,736,737,-1,737,736,738,-1,737,738,739,-1,739,738,740,-1,739,740,741,-1,741,740,742,-1,741,742,743,-1,743,742,744,-1,743,744,745,-1,745,744,746,-1,745,746,747,-1,747,746,748,-1,747,748,749,-1,749,748,750,-1,749,750,751,-1,751,750,752,-1,751,752,753,-1,753,752,754,-1,753,754,755,-1,755,754,756,-1,755,756,757,-1,757,756,758,-1,757,758,759,-1,759,758,760,-1,759,760,761,-1,761,760,762,-1,761,762,763,-1,763,762,764,-1,763,764,765,-1,765,764,766,-1,765,766,767,-1,767,766,768,-1,767,768,769,-1,769,768,770,-1,769,770,771,-1,771,770,772,-1,771,772,773,-1,773,772,774,-1,773,774,775,-1,775,774,776,-1,775,776,777,-1,777,776,778,-1,777,778,779,-1,779,778,780,-1,779,780,781,-1,781,780,782,-1,781,782,783,-1,783,782,784,-1,783,784,785,-1,785,784,786,-1,785,786,787,-1,787,786,788,-1,787,788,789,-1,789,788,790,-1,789,790,791,-1,791,790,792,-1,791,792,793,-1,793,792,794,-1,793,794,795,-1,795,794,796,-1,795,796,797,-1,797,796,798,-1,797,798,799,-1,799,798,800,-1,799,800,801,-1,801,800,802,-1,801,802,803,-1,803,802,804,-1,803,804,805,-1,806,805,807,-1,807,805,804,-1,806,807,808,-1,806,808,809,-1,809,808,810,-1,809,810,811,-1,811,810,812,-1,811,812,813,-1,813,812,814,-1,813,814,815,-1,815,814,816,-1,815,816,817,-1,817,816,818,-1,817,818,819,-1,819,818,820,-1,819,820,821,-1,821,820,822,-1,821,822,823,-1,823,822,824,-1,823,824,825,-1,825,824,826,-1,825,826,827,-1,827,826,828,-1,827,828,829,-1,829,828,830,-1,829,830,831,-1,831,830,832,-1,831,832,833,-1,833,832,834,-1,833,834,835,-1,835,834,836,-1,835,836,837,-1,837,836,838,-1,837,838,839,-1,839,838,840,-1,839,840,841,-1,841,840,842,-1,841,842,843,-1,843,842,844,-1,843,844,845,-1,845,844,846,-1,845,846,847,-1,847,846,848,-1,847,848,849,-1,849,848,850,-1,849,850,851,-1,851,850,852,-1,851,852,853,-1,853,852,854,-1,853,854,855,-1,855,854,856,-1,855,856,857,-1,857,856,858,-1,857,858,859,-1,859,858,860,-1,859,860,861,-1,861,860,862,-1,861,862,863,-1,863,862,864,-1,863,864,865,-1,865,864,866,-1,865,866,867,-1,867,866,868,-1,867,868,869,-1,869,868,870,-1,869,870,871,-1,871,870,872,-1,871,872,873,-1,873,872,874,-1,873,874,875,-1,875,874,876,-1,875,876,877,-1,877,876,878,-1,877,878,879,-1,879,878,880,-1,879,880,881,-1,881,880,882,-1,881,882,883,-1,883,882,884,-1,883,884,885,-1,885,884,886,-1,885,886,887,-1,887,886,888,-1,887,888,889,-1,889,888,890,-1,889,890,891,-1,891,890,892,-1,891,892,893,-1,893,892,894,-1,893,894,895,-1,895,894,896,-1,895,896,897,-1,897,896,898,-1,897,898,899,-1,899,898,900,-1,899,900,901,-1,901,900,902,-1,901,902,903,-1,903,902,904,-1,903,904,905,-1,905,904,906,-1,905,906,907,-1,907,906,671,-1,907,671,670,-1,683,685,686,-1,803,805,806,-1,713,715,897,-1,897,715,895,-1,777,837,775,-1,775,837,839,-1,775,839,773,-1,715,717,895,-1,895,717,719,-1,895,719,893,-1,779,833,777,-1,777,833,835,-1,777,835,837,-1,713,897,711,-1,711,897,899,-1,711,899,709,-1,709,899,901,-1,709,901,707,-1,707,901,903,-1,707,903,705,-1,855,765,853,-1,853,765,767,-1,737,883,735,-1,735,883,885,-1,839,841,773,-1,773,841,843,-1,773,843,771,-1,843,845,771,-1,771,845,847,-1,771,847,769,-1,769,847,849,-1,769,849,767,-1,767,849,851,-1,767,851,853,-1,855,857,765,-1,765,857,859,-1,765,859,763,-1,763,859,861,-1,763,861,761,-1,761,861,863,-1,761,863,759,-1,759,863,865,-1,759,865,757,-1,889,729,887,-1,887,729,731,-1,887,731,885,-1,885,731,733,-1,885,733,735,-1,719,721,893,-1,893,721,723,-1,893,723,891,-1,891,723,725,-1,891,725,889,-1,889,725,727,-1,889,727,729,-1,737,739,883,-1,883,739,741,-1,883,741,881,-1,881,741,743,-1,881,743,879,-1,879,743,745,-1,879,745,877,-1,877,745,747,-1,877,747,875,-1,705,903,703,-1,703,903,905,-1,703,905,701,-1,701,905,907,-1,701,907,699,-1,699,907,670,-1,699,670,697,-1,697,670,673,-1,697,673,695,-1,695,673,675,-1,695,675,693,-1,693,675,677,-1,693,677,691,-1,691,677,679,-1,691,679,689,-1,689,679,686,-1,686,679,681,-1,686,681,683,-1,747,749,875,-1,875,749,751,-1,875,751,873,-1,873,751,753,-1,873,753,871,-1,871,753,755,-1,871,755,869,-1,869,755,757,-1,869,757,867,-1,867,757,865,-1,803,806,801,-1,801,806,809,-1,801,809,799,-1,799,809,811,-1,799,811,797,-1,797,811,813,-1,797,813,795,-1,795,813,815,-1,795,815,793,-1,793,815,817,-1,793,817,791,-1,791,817,819,-1,791,819,789,-1,789,819,821,-1,789,821,787,-1,787,821,823,-1,787,823,785,-1,785,823,825,-1,785,825,783,-1,783,825,827,-1,783,827,781,-1,781,827,829,-1,781,829,779,-1,779,829,831,-1,779,831,833,-1,894,714,896,-1,896,714,712,-1,896,712,898,-1,898,712,710,-1,898,710,900,-1,776,774,836,-1,856,764,858,-1,858,764,762,-1,892,718,894,-1,894,718,716,-1,894,716,714,-1,886,884,732,-1,732,884,734,-1,734,884,882,-1,734,882,736,-1,856,854,764,-1,764,854,852,-1,764,852,766,-1,766,852,850,-1,766,850,768,-1,880,740,882,-1,882,740,738,-1,882,738,736,-1,770,842,772,-1,772,842,840,-1,772,840,774,-1,774,840,838,-1,774,838,836,-1,890,722,892,-1,892,722,720,-1,892,720,718,-1,850,848,768,-1,768,848,846,-1,768,846,770,-1,770,846,844,-1,770,844,842,-1,710,708,900,-1,900,708,706,-1,900,706,902,-1,902,706,704,-1,902,704,904,-1,904,704,702,-1,904,702,906,-1,906,702,700,-1,906,700,671,-1,671,700,698,-1,671,698,672,-1,672,698,696,-1,672,696,674,-1,674,696,694,-1,674,694,676,-1,732,730,886,-1,886,730,728,-1,886,728,888,-1,888,728,726,-1,888,726,890,-1,890,726,724,-1,890,724,722,-1,694,692,676,-1,676,692,690,-1,676,690,678,-1,678,690,688,-1,678,688,680,-1,680,688,687,-1,680,687,682,-1,682,687,684,-1,872,870,754,-1,754,870,868,-1,754,868,756,-1,756,868,866,-1,756,866,758,-1,758,866,864,-1,758,864,760,-1,760,864,862,-1,760,862,762,-1,762,862,860,-1,762,860,858,-1,836,834,776,-1,776,834,832,-1,776,832,778,-1,778,832,830,-1,778,830,780,-1,780,830,828,-1,780,828,782,-1,782,828,826,-1,782,826,784,-1,784,826,824,-1,784,824,786,-1,786,824,822,-1,786,822,788,-1,788,822,820,-1,788,820,790,-1,790,820,818,-1,790,818,792,-1,792,818,816,-1,792,816,794,-1,794,816,814,-1,794,814,796,-1,796,814,812,-1,796,812,798,-1,798,812,810,-1,798,810,800,-1,800,810,808,-1,800,808,802,-1,802,808,807,-1,802,807,804,-1,754,752,872,-1,872,752,750,-1,872,750,874,-1,874,750,748,-1,874,748,876,-1,876,748,746,-1,876,746,878,-1,878,746,744,-1,878,744,880,-1,880,744,742,-1,880,742,740,-1,908,909,910,-1,910,909,911,-1,912,908,913,-1,913,908,910,-1,912,913,914,-1,912,914,915,-1,915,914,916,-1,915,916,917,-1,918,917,919,-1,919,917,916,-1,920,918,921,-1,921,918,919,-1,922,920,923,-1,923,920,921,-1,924,922,925,-1,925,922,923,-1,926,924,927,-1,927,924,925,-1,928,926,929,-1,929,926,927,-1,928,929,930,-1,928,930,931,-1,931,930,932,-1,931,932,933,-1,933,932,934,-1,933,934,935,-1,935,934,936,-1,935,936,937,-1,937,936,938,-1,937,938,939,-1,939,938,940,-1,939,940,941,-1,941,940,942,-1,941,942,943,-1,943,942,944,-1,943,944,945,-1,945,944,946,-1,945,946,947,-1,947,946,948,-1,947,948,949,-1,950,949,951,-1,951,949,948,-1,950,951,952,-1,950,952,953,-1,953,952,954,-1,953,954,955,-1,955,954,956,-1,955,956,957,-1,957,956,958,-1,957,958,959,-1,959,958,960,-1,959,960,961,-1,961,960,962,-1,961,962,963,-1,963,962,964,-1,963,964,965,-1,965,964,966,-1,965,966,967,-1,967,966,968,-1,967,968,969,-1,969,968,970,-1,969,970,971,-1,971,970,972,-1,971,972,973,-1,973,972,974,-1,973,974,975,-1,975,974,976,-1,975,976,977,-1,977,976,978,-1,977,978,979,-1,909,979,911,-1,911,979,978,-1,915,917,979,-1,909,908,979,-1,979,908,912,-1,979,912,915,-1,922,924,920,-1,920,924,926,-1,920,926,918,-1,933,935,967,-1,967,935,965,-1,965,935,937,-1,965,937,963,-1,963,937,939,-1,963,939,961,-1,961,939,959,-1,959,939,941,-1,959,941,957,-1,957,941,943,-1,957,943,955,-1,967,969,933,-1,933,969,971,-1,933,971,931,-1,931,971,973,-1,931,973,928,-1,955,943,953,-1,953,943,945,-1,953,945,950,-1,950,945,947,-1,950,947,949,-1,973,975,928,-1,928,975,977,-1,928,977,926,-1,926,977,979,-1,926,979,918,-1,918,979,917,-1,940,938,960,-1,927,925,923,-1,910,911,913,-1,913,911,978,-1,960,938,962,-1,962,938,936,-1,962,936,964,-1,960,958,940,-1,940,958,956,-1,940,956,942,-1,942,956,954,-1,942,954,944,-1,944,954,952,-1,944,952,946,-1,946,952,951,-1,946,951,948,-1,964,936,966,-1,966,936,934,-1,966,934,968,-1,968,934,932,-1,968,932,970,-1,970,932,930,-1,970,930,972,-1,972,930,974,-1,974,930,929,-1,974,929,976,-1,919,916,978,-1,978,916,914,-1,978,914,913,-1,923,921,927,-1,927,921,919,-1,927,919,929,-1,929,919,978,-1,929,978,976,-1,980,981,982,-1,982,981,983,-1,984,980,985,-1,985,980,982,-1,986,984,987,-1,987,984,985,-1,988,986,989,-1,989,986,987,-1,990,988,991,-1,991,988,989,-1,992,990,993,-1,993,990,991,-1,994,992,995,-1,995,992,993,-1,996,994,997,-1,997,994,995,-1,998,996,999,-1,999,996,997,-1,1000,998,1001,-1,1001,998,999,-1,1002,1000,1003,-1,1003,1000,1001,-1,981,1002,983,-1,983,1002,1003,-1,1002,981,980,-1,980,984,1002,-1,1002,984,986,-1,1002,986,1000,-1,996,998,994,-1,994,998,1000,-1,994,1000,992,-1,992,1000,986,-1,992,986,990,-1,990,986,988,-1,1001,999,997,-1,997,995,1001,-1,1001,995,993,-1,1001,993,1003,-1,982,983,985,-1,985,983,1003,-1,985,1003,987,-1,987,1003,993,-1,987,993,989,-1,989,993,991,-1,1004,1005,1006,-1,1006,1005,1007,-1,1006,1007,1008,-1,1008,1007,1009,-1,1008,1009,1010,-1,1010,1009,1011,-1,1010,1011,1012,-1,1012,1011,1013,-1,1012,1013,1014,-1,1014,1013,1015,-1,1014,1015,1016,-1,1016,1015,1017,-1,1016,1017,1018,-1,1018,1017,1019,-1,1018,1019,1020,-1,1021,1022,1023,-1,1023,1022,1024,-1,1023,1024,1025,-1,1025,1024,1026,-1,1025,1026,1027,-1,1027,1026,1028,-1,1027,1028,1029,-1,1028,1030,1029,-1,1029,1030,1031,-1,1029,1031,1032,-1,1032,1031,1033,-1,1032,1033,1034,-1,1034,1033,1035,-1,1034,1035,1036,-1,1036,1035,1037,-1,1036,1037,1038,-1,1038,1037,1039,-1,1038,1039,1040,-1,1040,1039,1041,-1,1040,1041,1042,-1,1042,1041,1043,-1,1042,1043,1044,-1,1044,1043,1045,-1,1044,1045,1046,-1,1046,1045,1047,-1,1046,1047,1048,-1,1048,1047,1049,-1,1048,1049,1050,-1,1050,1049,1051,-1,1050,1051,1052,-1,1052,1051,1053,-1,1052,1053,1054,-1,1054,1053,1055,-1,1054,1055,1056,-1,1056,1055,1057,-1,1056,1057,1058,-1,1058,1057,1059,-1,1058,1059,1060,-1,1060,1059,1061,-1,1060,1061,1062,-1,1062,1061,1063,-1,1062,1063,1004,-1,1004,1063,1064,-1,1004,1064,1005,-1,1019,1065,1020,-1,1020,1065,1066,-1,1020,1066,1067,-1,1067,1066,1068,-1,1067,1068,1069,-1,1069,1068,1070,-1,1069,1070,1071,-1,1071,1070,1072,-1,1071,1072,1073,-1,1073,1072,1074,-1,1073,1074,1075,-1,1075,1074,1076,-1,1075,1076,1021,-1,1021,1076,1077,-1,1021,1077,1022,-1,1078,1079,1080,-1,1080,1079,1081,-1,1080,1081,1082,-1,1082,1081,1083,-1,1082,1083,1084,-1,1084,1083,1085,-1,1084,1085,1086,-1,1086,1085,1087,-1,1086,1087,1088,-1,1088,1087,1089,-1,1088,1089,1090,-1,1091,1092,1093,-1,1093,1092,1094,-1,1093,1094,1095,-1,1095,1094,1096,-1,1095,1096,1097,-1,1097,1096,1098,-1,1097,1098,1099,-1,1099,1098,1100,-1,1099,1100,1101,-1,1101,1100,1102,-1,1101,1102,1103,-1,1103,1102,1104,-1,1103,1104,1105,-1,1105,1104,1106,-1,1105,1106,1107,-1,1107,1106,1108,-1,1107,1108,1109,-1,1109,1108,1110,-1,1109,1110,1111,-1,1111,1110,1112,-1,1111,1112,1113,-1,1113,1112,1114,-1,1113,1114,1115,-1,1115,1114,1116,-1,1115,1116,1117,-1,1117,1116,1118,-1,1117,1118,1119,-1,1119,1118,1120,-1,1119,1120,1078,-1,1078,1120,1121,-1,1078,1121,1079,-1,1122,1123,1124,-1,1124,1123,1125,-1,1124,1125,1126,-1,1126,1125,1127,-1,1126,1127,1128,-1,1128,1127,1129,-1,1128,1129,1130,-1,1130,1129,1131,-1,1130,1131,1132,-1,1132,1131,1133,-1,1132,1133,1134,-1,1134,1133,1135,-1,1134,1135,1136,-1,1136,1135,1137,-1,1136,1137,1091,-1,1091,1137,1138,-1,1091,1138,1092,-1,1089,1139,1090,-1,1090,1139,1140,-1,1090,1140,1141,-1,1141,1140,1142,-1,1141,1142,1143,-1,1143,1142,1144,-1,1143,1144,1145,-1,1145,1144,1146,-1,1145,1146,1147,-1,1147,1146,1148,-1,1147,1148,1149,-1,1149,1148,1150,-1,1149,1150,1122,-1,1122,1150,1151,-1,1122,1151,1123,-1,1057,1055,1102,-1,1102,1055,1104,-1,1057,1102,1100,-1,1057,1100,1059,-1,1059,1100,1098,-1,1059,1098,1061,-1,1061,1098,1096,-1,1061,1096,1063,-1,1063,1096,1094,-1,1063,1094,1064,-1,1064,1094,1092,-1,1064,1092,1005,-1,1005,1092,1138,-1,1005,1138,1007,-1,1007,1138,1137,-1,1007,1137,1009,-1,1009,1137,1135,-1,1009,1135,1011,-1,1011,1135,1133,-1,1011,1133,1013,-1,1013,1133,1131,-1,1013,1131,1015,-1,1015,1131,1129,-1,1015,1129,1017,-1,1017,1129,1127,-1,1017,1127,1019,-1,1019,1127,1125,-1,1019,1125,1065,-1,1065,1125,1123,-1,1065,1123,1066,-1,1066,1123,1151,-1,1066,1151,1068,-1,1068,1151,1150,-1,1068,1150,1070,-1,1070,1150,1148,-1,1070,1148,1072,-1,1072,1148,1146,-1,1072,1146,1074,-1,1074,1146,1144,-1,1074,1144,1076,-1,1076,1144,1142,-1,1076,1142,1077,-1,1077,1142,1140,-1,1077,1140,1022,-1,1022,1140,1139,-1,1022,1139,1024,-1,1024,1139,1089,-1,1024,1089,1026,-1,1026,1089,1087,-1,1026,1087,1028,-1,1028,1087,1085,-1,1028,1085,1030,-1,1030,1085,1083,-1,1030,1083,1031,-1,1031,1083,1081,-1,1031,1081,1033,-1,1033,1081,1079,-1,1033,1079,1035,-1,1035,1079,1121,-1,1035,1121,1037,-1,1037,1121,1120,-1,1037,1120,1039,-1,1039,1120,1118,-1,1039,1118,1041,-1,1041,1118,1116,-1,1041,1116,1043,-1,1043,1116,1114,-1,1043,1114,1045,-1,1045,1114,1112,-1,1045,1112,1047,-1,1047,1112,1110,-1,1047,1110,1049,-1,1049,1110,1108,-1,1049,1108,1051,-1,1053,1051,1106,-1,1106,1051,1108,-1,1055,1053,1104,-1,1104,1053,1106,-1,1050,1052,1107,-1,1107,1052,1105,-1,1052,1054,1105,-1,1105,1054,1103,-1,1054,1056,1103,-1,1103,1056,1101,-1,1012,1132,1134,-1,1012,1134,1010,-1,1010,1134,1136,-1,1010,1136,1008,-1,1008,1136,1091,-1,1008,1091,1006,-1,1006,1091,1093,-1,1006,1093,1004,-1,1004,1093,1095,-1,1004,1095,1062,-1,1062,1095,1097,-1,1062,1097,1060,-1,1060,1097,1099,-1,1060,1099,1058,-1,1058,1099,1101,-1,1058,1101,1056,-1,1073,1145,1147,-1,1073,1147,1071,-1,1071,1147,1149,-1,1071,1149,1069,-1,1069,1149,1122,-1,1069,1122,1067,-1,1067,1122,1124,-1,1067,1124,1020,-1,1020,1124,1126,-1,1020,1126,1018,-1,1018,1126,1128,-1,1018,1128,1016,-1,1016,1128,1130,-1,1016,1130,1014,-1,1014,1130,1132,-1,1014,1132,1012,-1,1034,1080,1082,-1,1034,1082,1032,-1,1032,1082,1084,-1,1032,1084,1029,-1,1029,1084,1086,-1,1029,1086,1027,-1,1027,1086,1088,-1,1027,1088,1025,-1,1025,1088,1090,-1,1025,1090,1023,-1,1023,1090,1141,-1,1023,1141,1021,-1,1021,1141,1143,-1,1021,1143,1075,-1,1075,1143,1145,-1,1075,1145,1073,-1,1050,1107,1109,-1,1050,1109,1048,-1,1048,1109,1111,-1,1048,1111,1046,-1,1046,1111,1113,-1,1046,1113,1044,-1,1044,1113,1115,-1,1044,1115,1042,-1,1042,1115,1117,-1,1042,1117,1040,-1,1040,1117,1119,-1,1040,1119,1038,-1,1038,1119,1078,-1,1038,1078,1036,-1,1036,1078,1080,-1,1036,1080,1034,-1,1152,1153,1154,-1,1154,1153,1155,-1,1156,1157,1152,-1,1152,1157,1158,-1,1152,1158,1153,-1,1153,1158,1159,-1,1156,1160,1157,-1,1157,1160,1161,-1,1157,1161,1162,-1,1162,1161,1163,-1,1162,1163,1164,-1,1164,1165,1162,-1,1162,1165,1154,-1,1162,1154,1166,-1,1166,1154,1155,-1,1166,1155,1167,-1,1168,1169,1170,-1,1169,1171,1170,-1,1170,1171,1172,-1,1170,1172,1173,-1,1173,1172,1174,-1,1173,1174,1175,-1,1175,1176,1173,-1,1173,1176,1177,-1,1173,1177,1178,-1,1179,1180,1181,-1,1182,1178,1183,-1,1183,1178,1177,-1,1183,1177,1181,-1,1181,1177,1168,-1,1181,1168,1179,-1,1179,1168,1170,-1,1162,1166,1170,-1,1170,1166,1179,-1,1157,1162,1173,-1,1173,1162,1170,-1,1158,1157,1178,-1,1178,1157,1173,-1,1159,1158,1182,-1,1182,1158,1178,-1,1153,1159,1183,-1,1183,1159,1182,-1,1155,1153,1181,-1,1181,1153,1183,-1,1167,1155,1180,-1,1180,1155,1181,-1,1166,1167,1179,-1,1179,1167,1180,-1,1152,1154,1177,-1,1177,1154,1168,-1,1154,1165,1168,-1,1168,1165,1169,-1,1163,1172,1171,-1,1163,1171,1164,-1,1164,1171,1169,-1,1164,1169,1165,-1,1163,1161,1172,-1,1172,1161,1174,-1,1156,1176,1175,-1,1156,1175,1160,-1,1160,1175,1174,-1,1160,1174,1161,-1,1156,1152,1176,-1,1176,1152,1177,-1,1184,1185,1186,-1,1187,1188,1189,-1,1190,1191,1192,-1,1193,1194,1195,-1,1195,1194,1196,-1,1195,1196,1197,-1,1198,1199,1200,-1,1201,1202,1203,-1,1204,1205,1186,-1,1186,1205,1206,-1,1186,1206,1184,-1,1207,1208,1209,-1,1209,1208,1210,-1,1209,1210,1211,-1,1211,1210,1212,-1,1211,1212,1213,-1,1213,1212,1214,-1,1213,1214,1215,-1,1216,1217,1218,-1,1218,1217,1219,-1,1218,1219,1220,-1,1221,1185,1222,-1,1222,1185,1223,-1,1222,1223,1216,-1,1216,1223,1224,-1,1216,1224,1217,-1,1225,1226,1210,-1,1210,1226,1227,-1,1210,1227,1212,-1,1212,1227,1228,-1,1212,1228,1229,-1,1230,1231,1232,-1,1203,1202,1233,-1,1233,1202,1234,-1,1233,1234,1235,-1,1235,1234,1236,-1,1235,1236,1237,-1,1192,1191,1238,-1,1238,1191,1239,-1,1238,1239,1240,-1,1241,1242,1186,-1,1186,1242,1243,-1,1186,1243,1204,-1,1230,1232,1244,-1,1244,1232,1245,-1,1244,1245,1246,-1,1246,1245,1247,-1,1246,1247,1248,-1,1215,1249,1213,-1,1213,1249,1250,-1,1213,1250,1251,-1,1252,1186,1253,-1,1253,1186,1185,-1,1253,1185,1254,-1,1254,1185,1221,-1,1200,1199,1255,-1,1255,1199,1256,-1,1255,1256,1257,-1,1258,1259,1260,-1,1260,1259,1261,-1,1260,1261,1262,-1,1262,1261,1263,-1,1262,1263,1264,-1,1264,1263,1265,-1,1264,1265,1266,-1,1267,1268,1269,-1,1269,1268,1270,-1,1269,1270,1241,-1,1241,1270,1271,-1,1241,1271,1242,-1,1231,1230,1272,-1,1272,1230,1273,-1,1272,1273,1274,-1,1274,1273,1275,-1,1274,1275,1276,-1,1276,1275,1277,-1,1276,1277,1189,-1,1189,1277,1278,-1,1189,1278,1187,-1,1252,1279,1186,-1,1186,1279,1280,-1,1186,1280,1281,-1,1281,1280,1282,-1,1283,1284,1285,-1,1285,1284,1286,-1,1285,1286,1287,-1,1200,1288,1198,-1,1198,1288,1289,-1,1198,1289,1283,-1,1283,1289,1290,-1,1283,1290,1284,-1,1229,1291,1212,-1,1212,1291,1292,-1,1212,1292,1293,-1,1293,1292,1220,-1,1293,1220,1294,-1,1294,1220,1219,-1,1203,1295,1201,-1,1201,1295,1296,-1,1201,1296,1297,-1,1297,1296,1298,-1,1297,1298,1299,-1,1299,1298,1300,-1,1299,1300,1301,-1,1301,1300,1302,-1,1301,1302,1303,-1,1192,1304,1190,-1,1190,1304,1305,-1,1190,1305,1306,-1,1306,1305,1307,-1,1306,1307,1308,-1,1308,1307,1309,-1,1308,1309,1310,-1,1310,1309,1189,-1,1310,1189,1311,-1,1311,1189,1188,-1,1195,1312,1193,-1,1193,1312,1313,-1,1193,1313,1314,-1,1314,1313,1315,-1,1314,1315,1316,-1,1317,1318,1319,-1,1319,1318,1320,-1,1319,1320,1321,-1,1321,1320,1322,-1,1321,1322,1267,-1,1267,1322,1323,-1,1267,1323,1268,-1,1257,1256,1210,-1,1210,1256,1324,-1,1210,1324,1225,-1,1325,1326,1327,-1,1327,1326,1328,-1,1327,1328,1329,-1,1329,1328,1330,-1,1329,1330,1258,-1,1258,1330,1331,-1,1258,1331,1259,-1,1302,1332,1303,-1,1303,1332,1333,-1,1303,1333,1334,-1,1334,1333,1335,-1,1334,1335,1325,-1,1325,1335,1336,-1,1325,1336,1326,-1,1286,1337,1287,-1,1287,1337,1338,-1,1287,1338,1339,-1,1339,1338,1340,-1,1339,1340,1282,-1,1282,1340,1341,-1,1282,1341,1281,-1,1342,1343,1344,-1,1345,1346,1347,-1,1347,1346,1348,-1,1349,1350,1351,-1,1351,1350,1352,-1,1351,1352,1353,-1,1353,1352,1354,-1,1353,1354,1355,-1,1355,1354,1356,-1,1355,1356,1357,-1,1357,1356,1358,-1,1357,1358,1317,-1,1317,1358,1359,-1,1317,1359,1318,-1,1197,1360,1195,-1,1195,1360,1361,-1,1195,1361,1362,-1,1362,1361,1363,-1,1362,1363,1364,-1,1364,1363,1266,-1,1364,1266,1365,-1,1365,1266,1265,-1,1366,1367,1342,-1,1342,1367,1368,-1,1342,1368,1343,-1,1236,1369,1237,-1,1237,1369,1342,-1,1237,1342,1370,-1,1370,1342,1344,-1,1240,1239,1371,-1,1371,1239,1372,-1,1371,1372,1345,-1,1345,1372,1373,-1,1345,1373,1346,-1,1374,1375,1376,-1,1375,1377,1376,-1,1376,1377,1378,-1,1376,1378,1379,-1,1247,1380,1248,-1,1248,1380,1381,-1,1248,1381,1382,-1,1382,1381,1383,-1,1382,1383,1349,-1,1349,1383,1384,-1,1349,1384,1350,-1,1366,1342,1376,-1,1376,1342,1385,-1,1376,1385,1374,-1,1315,1386,1316,-1,1316,1386,1387,-1,1316,1387,1388,-1,1388,1387,1389,-1,1388,1389,1390,-1,1390,1389,1391,-1,1390,1391,1392,-1,1392,1391,1393,-1,1392,1393,1394,-1,1394,1393,1395,-1,1394,1395,1348,-1,1348,1395,1396,-1,1348,1396,1347,-1,1397,1398,1399,-1,1399,1398,1400,-1,1399,1400,1401,-1,1400,1402,1401,-1,1401,1402,1403,-1,1401,1403,1404,-1,1404,1403,1405,-1,1406,1407,1408,-1,1408,1407,1409,-1,1410,1411,1412,-1,1413,1414,1415,-1,1415,1414,1416,-1,1415,1416,1417,-1,1418,1419,1401,-1,1401,1419,1420,-1,1401,1420,1399,-1,1399,1420,1421,-1,1422,1423,1424,-1,1425,1426,1403,-1,1403,1426,1427,-1,1403,1427,1405,-1,1428,1429,1430,-1,1431,1432,1433,-1,1433,1432,1434,-1,1433,1434,1435,-1,1435,1434,1436,-1,1435,1436,1437,-1,1424,1423,1438,-1,1438,1423,1439,-1,1438,1439,1440,-1,1440,1439,1441,-1,1440,1441,1442,-1,1442,1441,1443,-1,1443,1441,1444,-1,1443,1444,1445,-1,1445,1444,1408,-1,1445,1408,1446,-1,1446,1408,1409,-1,1446,1409,1417,-1,1417,1409,1447,-1,1417,1447,1415,-1,1448,1449,1450,-1,1450,1449,1451,-1,1450,1451,1452,-1,1452,1451,1453,-1,1452,1453,1454,-1,1412,1411,1455,-1,1455,1411,1456,-1,1455,1456,1457,-1,1458,1459,1453,-1,1415,1460,1413,-1,1413,1460,1461,-1,1413,1461,1462,-1,1457,1456,1463,-1,1463,1456,1464,-1,1463,1464,1465,-1,1465,1464,1466,-1,1465,1466,1467,-1,1468,1469,1470,-1,1470,1469,1471,-1,1470,1471,1472,-1,1472,1471,1473,-1,1472,1473,1474,-1,1474,1473,1475,-1,1474,1475,1476,-1,1477,1478,1479,-1,1479,1478,1480,-1,1479,1480,1481,-1,1481,1480,1482,-1,1481,1482,1483,-1,1459,1484,1453,-1,1453,1484,1485,-1,1453,1485,1454,-1,1486,1487,1488,-1,1488,1487,1413,-1,1488,1413,1489,-1,1489,1413,1462,-1,1490,1491,1492,-1,1492,1491,1493,-1,1492,1493,1494,-1,1436,1495,1437,-1,1437,1495,1496,-1,1437,1496,1497,-1,1497,1496,1465,-1,1497,1465,1498,-1,1430,1429,1499,-1,1499,1429,1500,-1,1499,1500,1401,-1,1401,1500,1501,-1,1401,1501,1418,-1,1493,1502,1494,-1,1494,1502,1503,-1,1494,1503,1504,-1,1504,1503,1505,-1,1504,1505,1506,-1,1506,1505,1399,-1,1506,1399,1507,-1,1507,1399,1421,-1,1490,1508,1509,-1,1498,1465,1510,-1,1510,1465,1467,-1,1510,1467,1511,-1,1512,1513,1514,-1,1514,1513,1515,-1,1482,1516,1483,-1,1483,1516,1517,-1,1483,1517,1518,-1,1518,1517,1519,-1,1518,1519,1468,-1,1468,1519,1520,-1,1468,1520,1469,-1,1453,1521,1458,-1,1458,1521,1522,-1,1458,1522,1523,-1,1523,1522,1524,-1,1523,1524,1525,-1,1525,1524,1526,-1,1525,1526,1527,-1,1527,1526,1528,-1,1527,1528,1477,-1,1477,1528,1529,-1,1477,1529,1478,-1,1430,1530,1428,-1,1428,1530,1531,-1,1428,1531,1532,-1,1532,1531,1533,-1,1532,1533,1486,-1,1486,1533,1534,-1,1486,1534,1487,-1,1535,1536,1490,-1,1490,1536,1537,-1,1490,1537,1508,-1,1509,1538,1490,-1,1490,1538,1539,-1,1490,1539,1491,-1,1540,1541,1542,-1,1542,1541,1543,-1,1542,1543,1544,-1,1424,1545,1422,-1,1422,1545,1546,-1,1422,1546,1547,-1,1547,1546,1548,-1,1547,1548,1549,-1,1549,1548,1550,-1,1549,1550,1551,-1,1551,1550,1552,-1,1551,1552,1553,-1,1553,1552,1554,-1,1553,1554,1540,-1,1540,1554,1555,-1,1540,1555,1541,-1,1475,1556,1476,-1,1476,1556,1557,-1,1476,1557,1558,-1,1558,1557,1559,-1,1558,1559,1560,-1,1560,1559,1561,-1,1560,1561,1562,-1,1562,1561,1563,-1,1562,1563,1564,-1,1564,1563,1565,-1,1564,1565,1566,-1,1566,1565,1567,-1,1566,1567,1514,-1,1514,1567,1568,-1,1514,1568,1512,-1,1515,1569,1514,-1,1514,1569,1570,-1,1514,1570,1571,-1,1406,1408,1490,-1,1490,1408,1572,-1,1490,1572,1535,-1,1543,1573,1544,-1,1544,1573,1574,-1,1544,1574,1575,-1,1575,1574,1576,-1,1575,1576,1577,-1,1577,1576,1578,-1,1577,1578,1431,-1,1431,1578,1579,-1,1431,1579,1432,-1,1580,1581,1571,-1,1571,1581,1582,-1,1571,1582,1583,-1,1584,1585,1586,-1,1586,1585,1587,-1,1586,1587,1448,-1,1448,1587,1588,-1,1448,1588,1449,-1,1412,1589,1410,-1,1410,1589,1590,-1,1410,1590,1591,-1,1591,1590,1592,-1,1591,1592,1593,-1,1593,1592,1594,-1,1593,1594,1595,-1,1595,1594,1596,-1,1595,1596,1597,-1,1597,1596,1598,-1,1597,1598,1599,-1,1599,1598,1600,-1,1599,1600,1601,-1,1601,1600,1602,-1,1601,1602,1603,-1,1603,1602,1604,-1,1603,1604,1605,-1,1605,1604,1606,-1,1605,1606,1584,-1,1584,1606,1607,-1,1584,1607,1585,-1,1583,1608,1571,-1,1571,1608,1609,-1,1571,1609,1514,-1,1328,1516,1482,-1,1328,1482,1330,-1,1330,1482,1480,-1,1330,1480,1331,-1,1331,1480,1478,-1,1331,1478,1259,-1,1259,1478,1529,-1,1259,1529,1261,-1,1261,1529,1528,-1,1261,1528,1263,-1,1263,1528,1526,-1,1263,1526,1265,-1,1265,1526,1524,-1,1265,1524,1365,-1,1365,1524,1522,-1,1365,1522,1364,-1,1364,1522,1521,-1,1364,1521,1362,-1,1362,1521,1453,-1,1362,1453,1195,-1,1195,1453,1451,-1,1195,1451,1312,-1,1312,1451,1449,-1,1312,1449,1313,-1,1313,1449,1588,-1,1313,1588,1315,-1,1315,1588,1587,-1,1315,1587,1386,-1,1386,1587,1585,-1,1386,1585,1387,-1,1387,1585,1607,-1,1387,1607,1389,-1,1389,1607,1606,-1,1389,1606,1391,-1,1391,1606,1604,-1,1391,1604,1393,-1,1393,1604,1602,-1,1393,1602,1395,-1,1395,1602,1600,-1,1395,1600,1396,-1,1396,1600,1598,-1,1396,1598,1347,-1,1347,1598,1596,-1,1347,1596,1345,-1,1345,1596,1594,-1,1345,1594,1371,-1,1371,1594,1592,-1,1371,1592,1240,-1,1240,1592,1590,-1,1240,1590,1238,-1,1238,1590,1589,-1,1238,1589,1192,-1,1192,1589,1412,-1,1192,1412,1304,-1,1304,1412,1455,-1,1304,1455,1305,-1,1305,1455,1457,-1,1305,1457,1307,-1,1307,1457,1463,-1,1307,1463,1309,-1,1309,1463,1465,-1,1309,1465,1189,-1,1189,1465,1496,-1,1189,1496,1276,-1,1276,1496,1495,-1,1276,1495,1274,-1,1274,1495,1436,-1,1274,1436,1272,-1,1272,1436,1434,-1,1272,1434,1231,-1,1231,1434,1432,-1,1231,1432,1232,-1,1232,1432,1579,-1,1232,1579,1245,-1,1245,1579,1578,-1,1245,1578,1247,-1,1247,1578,1576,-1,1247,1576,1380,-1,1380,1576,1574,-1,1380,1574,1381,-1,1381,1574,1573,-1,1381,1573,1383,-1,1383,1573,1543,-1,1383,1543,1384,-1,1384,1543,1541,-1,1384,1541,1350,-1,1350,1541,1555,-1,1350,1555,1352,-1,1352,1555,1554,-1,1352,1554,1354,-1,1354,1554,1552,-1,1354,1552,1356,-1,1356,1552,1550,-1,1356,1550,1358,-1,1358,1550,1548,-1,1358,1548,1359,-1,1359,1548,1546,-1,1359,1546,1318,-1,1318,1546,1545,-1,1318,1545,1320,-1,1320,1545,1424,-1,1320,1424,1322,-1,1322,1424,1438,-1,1322,1438,1323,-1,1323,1438,1440,-1,1323,1440,1268,-1,1268,1440,1442,-1,1268,1442,1270,-1,1270,1442,1443,-1,1270,1443,1271,-1,1271,1443,1445,-1,1271,1445,1242,-1,1242,1445,1446,-1,1242,1446,1243,-1,1243,1446,1417,-1,1243,1417,1204,-1,1204,1417,1416,-1,1204,1416,1205,-1,1205,1416,1414,-1,1205,1414,1206,-1,1206,1414,1413,-1,1206,1413,1184,-1,1184,1413,1487,-1,1184,1487,1185,-1,1185,1487,1534,-1,1185,1534,1223,-1,1223,1534,1533,-1,1223,1533,1224,-1,1224,1533,1531,-1,1224,1531,1217,-1,1217,1531,1530,-1,1217,1530,1219,-1,1219,1530,1430,-1,1219,1430,1294,-1,1294,1430,1499,-1,1294,1499,1293,-1,1293,1499,1401,-1,1293,1401,1212,-1,1212,1401,1404,-1,1212,1404,1214,-1,1214,1404,1405,-1,1214,1405,1215,-1,1215,1405,1427,-1,1215,1427,1249,-1,1249,1427,1426,-1,1249,1426,1250,-1,1250,1426,1425,-1,1250,1425,1251,-1,1251,1425,1403,-1,1251,1403,1213,-1,1213,1403,1402,-1,1213,1402,1211,-1,1209,1211,1400,-1,1400,1211,1402,-1,1207,1209,1398,-1,1398,1209,1400,-1,1208,1207,1397,-1,1397,1207,1398,-1,1210,1208,1399,-1,1399,1208,1397,-1,1210,1399,1505,-1,1210,1505,1257,-1,1257,1505,1503,-1,1257,1503,1255,-1,1255,1503,1502,-1,1255,1502,1200,-1,1200,1502,1493,-1,1200,1493,1288,-1,1288,1493,1491,-1,1288,1491,1289,-1,1289,1491,1539,-1,1289,1539,1290,-1,1290,1539,1538,-1,1290,1538,1284,-1,1284,1538,1509,-1,1284,1509,1286,-1,1286,1509,1508,-1,1286,1508,1337,-1,1337,1508,1537,-1,1337,1537,1338,-1,1338,1537,1536,-1,1338,1536,1340,-1,1340,1536,1535,-1,1340,1535,1341,-1,1341,1535,1572,-1,1341,1572,1281,-1,1281,1572,1408,-1,1281,1408,1186,-1,1186,1408,1444,-1,1186,1444,1241,-1,1241,1444,1441,-1,1241,1441,1269,-1,1269,1441,1439,-1,1269,1439,1267,-1,1267,1439,1423,-1,1267,1423,1321,-1,1321,1423,1422,-1,1321,1422,1319,-1,1319,1422,1547,-1,1319,1547,1317,-1,1317,1547,1549,-1,1317,1549,1357,-1,1357,1549,1551,-1,1357,1551,1355,-1,1355,1551,1553,-1,1355,1553,1353,-1,1353,1553,1540,-1,1353,1540,1351,-1,1351,1540,1542,-1,1351,1542,1349,-1,1349,1542,1544,-1,1349,1544,1382,-1,1382,1544,1575,-1,1382,1575,1248,-1,1248,1575,1577,-1,1248,1577,1246,-1,1246,1577,1431,-1,1246,1431,1244,-1,1244,1431,1433,-1,1244,1433,1230,-1,1230,1433,1435,-1,1230,1435,1273,-1,1273,1435,1437,-1,1273,1437,1275,-1,1275,1437,1497,-1,1275,1497,1277,-1,1277,1497,1498,-1,1277,1498,1278,-1,1278,1498,1510,-1,1278,1510,1187,-1,1187,1510,1511,-1,1187,1511,1188,-1,1188,1511,1467,-1,1188,1467,1311,-1,1311,1467,1466,-1,1311,1466,1310,-1,1310,1466,1464,-1,1310,1464,1308,-1,1308,1464,1456,-1,1308,1456,1306,-1,1306,1456,1411,-1,1306,1411,1190,-1,1190,1411,1410,-1,1190,1410,1191,-1,1191,1410,1591,-1,1191,1591,1239,-1,1239,1591,1593,-1,1239,1593,1372,-1,1372,1593,1595,-1,1372,1595,1373,-1,1373,1595,1597,-1,1373,1597,1346,-1,1346,1597,1599,-1,1346,1599,1348,-1,1348,1599,1601,-1,1348,1601,1394,-1,1394,1601,1603,-1,1394,1603,1392,-1,1392,1603,1605,-1,1392,1605,1390,-1,1390,1605,1584,-1,1390,1584,1388,-1,1388,1584,1586,-1,1388,1586,1316,-1,1316,1586,1448,-1,1316,1448,1314,-1,1314,1448,1450,-1,1314,1450,1193,-1,1193,1450,1452,-1,1193,1452,1194,-1,1194,1452,1454,-1,1194,1454,1196,-1,1196,1454,1485,-1,1196,1485,1197,-1,1360,1197,1484,-1,1484,1197,1485,-1,1360,1484,1459,-1,1360,1459,1361,-1,1361,1459,1458,-1,1361,1458,1363,-1,1363,1458,1523,-1,1363,1523,1266,-1,1266,1523,1525,-1,1266,1525,1264,-1,1264,1525,1527,-1,1264,1527,1262,-1,1262,1527,1477,-1,1262,1477,1260,-1,1260,1477,1479,-1,1260,1479,1258,-1,1258,1479,1481,-1,1258,1481,1329,-1,1329,1481,1483,-1,1329,1483,1327,-1,1327,1483,1518,-1,1327,1518,1325,-1,1325,1518,1468,-1,1325,1468,1334,-1,1334,1468,1470,-1,1334,1470,1303,-1,1303,1470,1472,-1,1303,1472,1301,-1,1301,1472,1474,-1,1301,1474,1299,-1,1299,1474,1476,-1,1299,1476,1297,-1,1297,1476,1558,-1,1297,1558,1201,-1,1201,1558,1560,-1,1201,1560,1202,-1,1202,1560,1562,-1,1202,1562,1234,-1,1236,1234,1564,-1,1564,1234,1562,-1,1236,1564,1566,-1,1236,1566,1369,-1,1369,1566,1514,-1,1369,1514,1342,-1,1342,1514,1609,-1,1342,1609,1385,-1,1385,1609,1608,-1,1385,1608,1374,-1,1374,1608,1583,-1,1374,1583,1375,-1,1375,1583,1582,-1,1375,1582,1377,-1,1377,1582,1581,-1,1377,1581,1378,-1,1378,1581,1580,-1,1378,1580,1379,-1,1379,1580,1571,-1,1379,1571,1376,-1,1376,1571,1570,-1,1376,1570,1366,-1,1366,1570,1569,-1,1366,1569,1367,-1,1367,1569,1515,-1,1367,1515,1368,-1,1368,1515,1513,-1,1368,1513,1343,-1,1343,1513,1512,-1,1343,1512,1344,-1,1344,1512,1568,-1,1344,1568,1370,-1,1370,1568,1567,-1,1370,1567,1237,-1,1237,1567,1565,-1,1237,1565,1235,-1,1233,1235,1563,-1,1563,1235,1565,-1,1233,1563,1561,-1,1233,1561,1203,-1,1203,1561,1559,-1,1203,1559,1295,-1,1295,1559,1557,-1,1295,1557,1296,-1,1296,1557,1556,-1,1296,1556,1298,-1,1298,1556,1475,-1,1298,1475,1300,-1,1300,1475,1473,-1,1300,1473,1302,-1,1302,1473,1471,-1,1302,1471,1332,-1,1332,1471,1469,-1,1332,1469,1333,-1,1333,1469,1520,-1,1333,1520,1335,-1,1335,1520,1519,-1,1335,1519,1336,-1,1336,1519,1517,-1,1336,1517,1326,-1,1326,1517,1516,-1,1326,1516,1328,-1,1283,1490,1492,-1,1283,1492,1198,-1,1198,1492,1494,-1,1198,1494,1199,-1,1199,1494,1504,-1,1199,1504,1256,-1,1256,1504,1506,-1,1256,1506,1324,-1,1324,1506,1507,-1,1324,1507,1225,-1,1225,1507,1421,-1,1225,1421,1226,-1,1226,1421,1420,-1,1226,1420,1227,-1,1227,1420,1419,-1,1227,1419,1228,-1,1228,1419,1418,-1,1228,1418,1229,-1,1229,1418,1501,-1,1229,1501,1291,-1,1291,1501,1500,-1,1291,1500,1292,-1,1292,1500,1429,-1,1292,1429,1220,-1,1220,1429,1428,-1,1220,1428,1218,-1,1218,1428,1532,-1,1218,1532,1216,-1,1216,1532,1486,-1,1216,1486,1222,-1,1222,1486,1488,-1,1222,1488,1221,-1,1221,1488,1489,-1,1221,1489,1254,-1,1254,1489,1462,-1,1254,1462,1253,-1,1253,1462,1461,-1,1253,1461,1252,-1,1252,1461,1460,-1,1252,1460,1279,-1,1279,1460,1415,-1,1279,1415,1280,-1,1280,1415,1447,-1,1280,1447,1282,-1,1282,1447,1409,-1,1282,1409,1339,-1,1339,1409,1407,-1,1339,1407,1287,-1,1287,1407,1406,-1,1287,1406,1285,-1,1285,1406,1490,-1,1285,1490,1283,-1,
        ]
    }
}